ISO-10303-21;
HEADER;
FILE_DESCRIPTION (( 'STEP AP214' ),
    '1' );
FILE_NAME ('Main_Bot.STEP',
    '2026-08-09T20:05:38',
    ( '' ),
    ( '' ),
    'SwSTEP 2.0',
    'SolidWorks 2025',
    '' );
FILE_SCHEMA (( 'AUTOMOTIVE_DESIGN' ));
ENDSEC;

DATA;
#1 = DIRECTION ( 'NONE',  ( -0.000000000000000000, 0.6185895741317418706, -0.7857142857142858094 ) ) ;
#2 = DIRECTION ( 'NONE',  ( 0.000000000000000000, 0.000000000000000000, 1.000000000000000000 ) ) ;
#3 = LINE ( 'NONE', #1134, #825 ) ;
#4 = ORIENTED_EDGE ( 'NONE', *, *, #362, .T. ) ;
#5 = DIRECTION ( 'NONE',  ( -1.000000000000000000, 0.000000000000000000, 0.000000000000000000 ) ) ;
#6 = CARTESIAN_POINT ( 'NONE',  ( 97.50000000000000000, 27.99999999999999289, 219.9999999999998579 ) ) ;
#7 = LINE ( 'NONE', #3564, #687 ) ;
#8 = LINE ( 'NONE', #2099, #3124 ) ;
#9 = ORIENTED_EDGE ( 'NONE', *, *, #3028, .T. ) ;
#10 = ORIENTED_EDGE ( 'NONE', *, *, #3418, .T. ) ;
#11 = DIRECTION ( 'NONE',  ( 0.000000000000000000, -0.7857142857142851433, -0.6185895741317427587 ) ) ;
#12 = CARTESIAN_POINT ( 'NONE',  ( -7.500000000000000000, 27.49999999999998934, 122.5000000000000142 ) ) ;
#13 = DIRECTION ( 'NONE',  ( 0.000000000000000000, -0.000000000000000000, -1.000000000000000000 ) ) ;
#14 = ORIENTED_EDGE ( 'NONE', *, *, #2494, .F. ) ;
#15 = UNCERTAINTY_MEASURE_WITH_UNIT (LENGTH_MEASURE( 1.000000000000000082E-05 ), #2834, 'distance_accuracy_value', 'NONE');
#16 = CARTESIAN_POINT ( 'NONE',  ( 7.500000000000000000, 27.49999999999998934, 122.5000000000000142 ) ) ;
#17 = ORIENTED_EDGE ( 'NONE', *, *, #3195, .F. ) ;
#18 = EDGE_CURVE ( 'NONE', #1491, #99, #2151, .T. ) ;
#19 = DIRECTION ( 'NONE',  ( -1.000000000000000000, 0.000000000000000000, -0.000000000000000000 ) ) ;
#20 = DIRECTION ( 'NONE',  ( 0.000000000000000000, 0.000000000000000000, 1.000000000000000000 ) ) ;
#21 = SURFACE_STYLE_USAGE ( .BOTH. , #3557 ) ;
#22 = ORIENTED_EDGE ( 'NONE', *, *, #3365, .F. ) ;
#23 = EDGE_CURVE ( 'NONE', #4422, #3953, #1824, .T. ) ;
#24 = EDGE_LOOP ( 'NONE', ( #2524, #2094, #4433, #2937 ) ) ;
#25 = PRODUCT_DEFINITION_SHAPE ( 'NONE', 'NONE',  #4523 ) ;
#26 = CARTESIAN_POINT ( 'NONE',  ( -35.00000000000000000, 0.000000000000000000, 0.000000000000000000 ) ) ;
#27 = CARTESIAN_POINT ( 'NONE',  ( 168.9999999999999716, 30.49999999999999289, -12.50000000000009592 ) ) ;
#28 = DIRECTION ( 'NONE',  ( -0.000000000000000000, 0.000000000000000000, 1.000000000000000000 ) ) ;
#29 = DIRECTION ( 'NONE',  ( -0.000000000000000000, -1.000000000000000000, -0.000000000000000000 ) ) ;
#30 = DIRECTION ( 'NONE',  ( 0.000000000000000000, 0.000000000000000000, 1.000000000000000000 ) ) ;
#31 =( REPRESENTATION_RELATIONSHIP ('NONE','NONE', #2972, #4179 ) REPRESENTATION_RELATIONSHIP_WITH_TRANSFORMATION ( #268 )SHAPE_REPRESENTATION_RELATIONSHIP( ) );
#32 = ORIENTED_EDGE ( 'NONE', *, *, #266, .T. ) ;
#33 = ORIENTED_EDGE ( 'NONE', *, *, #1241, .F. ) ;
#34 = LINE ( 'NONE', #1396, #3774 ) ;
#35 = DIRECTION ( 'NONE',  ( 1.224646799147353207E-16, 0.000000000000000000, -1.000000000000000000 ) ) ;
#36 =( LENGTH_UNIT ( ) NAMED_UNIT ( * ) SI_UNIT ( .MILLI., .METRE. ) );
#37 = CARTESIAN_POINT ( 'NONE',  ( 126.0000000000000000, 1.500000000000000000, 0.000000000000000000 ) ) ;
#38 = EDGE_CURVE ( 'NONE', #441, #1995, #101, .T. ) ;
#39 = ORIENTED_EDGE ( 'NONE', *, *, #1150, .F. ) ;
#40 = DIRECTION ( 'NONE',  ( 1.000000000000000000, 0.000000000000000000, 0.000000000000000000 ) ) ;
#41 = EDGE_CURVE ( 'NONE', #3487, #2767, #2876, .T. ) ;
#42 = ORIENTED_EDGE ( 'NONE', *, *, #2689, .F. ) ;
#43 = ADVANCED_FACE ( 'NONE', ( #4265 ), #2903, .T. ) ;
#44 = DIRECTION ( 'NONE',  ( 0.000000000000000000, 0.000000000000000000, -1.000000000000000000 ) ) ;
#45 = LINE ( 'NONE', #4138, #353 ) ;
#46 = ORIENTED_EDGE ( 'NONE', *, *, #2510, .F. ) ;
#47 = EDGE_CURVE ( 'NONE', #3249, #1660, #2837, .T. ) ;
#48 = ORIENTED_EDGE ( 'NONE', *, *, #1014, .T. ) ;
#49 = VERTEX_POINT ( 'NONE', #2264 ) ;
#50 = DIRECTION ( 'NONE',  ( 1.000000000000000000, -0.000000000000000000, 0.000000000000000000 ) ) ;
#51 = CARTESIAN_POINT ( 'NONE',  ( 249.9999999999999716, 37.50000000000000711, 217.4999999999999432 ) ) ;
#52 = PRESENTATION_LAYER_ASSIGNMENT (  '', '', ( #4210 ) ) ;
#53 = CARTESIAN_POINT ( 'NONE',  ( -32.49999999999999289, 30.00000000000000000, 2.000000000000000000 ) ) ;
#54 = CARTESIAN_POINT ( 'NONE',  ( -7.500000000000000000, 27.50000000000000355, -27.49999999999999645 ) ) ;
#55 =( GEOMETRIC_REPRESENTATION_CONTEXT ( 3 ) GLOBAL_UNCERTAINTY_ASSIGNED_CONTEXT ( ( #3899 ) ) GLOBAL_UNIT_ASSIGNED_CONTEXT ( ( #4390, #4037, #1495 ) ) REPRESENTATION_CONTEXT ( 'NONE', 'WORKASPACE' ) );
#56 = EDGE_LOOP ( 'NONE', ( #1854, #4386, #1109, #2489 ) ) ;
#57 = ORIENTED_EDGE ( 'NONE', *, *, #18, .T. ) ;
#58 = CARTESIAN_POINT ( 'NONE',  ( -49.99999999999997868, 0.000000000000000000, 19.99999999999999645 ) ) ;
#59 = COLOUR_RGB ( '',0.7921568627450980005, 0.8196078431372548767, 0.9333333333333333481 ) ;
#60 = FILL_AREA_STYLE ('',( #3542 ) ) ;
#61 = CARTESIAN_POINT ( 'NONE',  ( 8.315658898134695906E-15, 2.627917024383300604E-31, 15.00000000000000000 ) ) ;
#62 = CIRCLE ( 'NONE', #623, 4.000000000000000000 ) ;
#63 = ORIENTED_EDGE ( 'NONE', *, *, #882, .F. ) ;
#64 = LINE ( 'NONE', #1431, #621 ) ;
#65 = VECTOR ( 'NONE', #3001, 1000.000000000000000 ) ;
#66 = EDGE_LOOP ( 'NONE', ( #345, #1082 ) ) ;
#67 = VECTOR ( 'NONE', #1584, 1000.000000000000000 ) ;
#68 = PRODUCT_RELATED_PRODUCT_CATEGORY ( 'part', '', ( #775 ) ) ;
#69 = CARTESIAN_POINT ( 'NONE',  ( -22.99999999999999289, 3.000000000000000000, -135.0000000000000000 ) ) ;
#70 = DIRECTION ( 'NONE',  ( 1.000000000000000000, -0.000000000000000000, 0.000000000000000000 ) ) ;
#71 = VECTOR ( 'NONE', #4197, 1000.000000000000000 ) ;
#72 = MECHANICAL_DESIGN_GEOMETRIC_PRESENTATION_REPRESENTATION (  '', ( #4015 ), #2401 ) ;
#73 = ORIENTED_EDGE ( 'NONE', *, *, #466, .F. ) ;
#74 = CARTESIAN_POINT ( 'NONE',  ( -175.0000000000000000, 1.500000000000000000, -59.99999999999998579 ) ) ;
#75 = DIRECTION ( 'NONE',  ( 0.000000000000000000, 1.000000000000000000, 0.000000000000000000 ) ) ;
#76 = DIRECTION ( 'NONE',  ( 0.000000000000000000, 0.000000000000000000, -1.000000000000000000 ) ) ;
#77 = DIRECTION ( 'NONE',  ( -1.000000000000000000, -0.000000000000000000, -0.000000000000000000 ) ) ;
#78 = VECTOR ( 'NONE', #4360, 999.9999999999998863 ) ;
#79 = VERTEX_POINT ( 'NONE', #1183 ) ;
#80 = VECTOR ( 'NONE', #2540, 1000.000000000000000 ) ;
#81 = CARTESIAN_POINT ( 'NONE',  ( 32.50000000000000000, 30.00000000000000000, 0.000000000000000000 ) ) ;
#82 = DIRECTION ( 'NONE',  ( 1.000000000000000000, 0.000000000000000000, 0.000000000000000000 ) ) ;
#83 = DIRECTION ( 'NONE',  ( -0.9999999999999998890, -1.232595164407830946E-31, -1.224646799147350989E-16 ) ) ;
#84 = ADVANCED_FACE ( 'NONE', ( #899, #4434 ), #2599, .T. ) ;
#85 = CARTESIAN_POINT ( 'NONE',  ( 85.00000000000035527, 0.000000000000000000, -135.0000000000000284 ) ) ;
#86 = EDGE_LOOP ( 'NONE', ( #1246, #241, #3236, #256 ) ) ;
#87 = CARTESIAN_POINT ( 'NONE',  ( -50.00000000000000000, 0.000000000000000000, 26.00000000000000000 ) ) ;
#88 = ORIENTED_EDGE ( 'NONE', *, *, #3024, .F. ) ;
#89 = CARTESIAN_POINT ( 'NONE',  ( 175.0000000000000000, 0.000000000000000000, 0.000000000000000000 ) ) ;
#90 = CARTESIAN_POINT ( 'NONE',  ( 32.50000000000000000, -30.00000000000000000, 0.000000000000000000 ) ) ;
#91 = CARTESIAN_POINT ( 'NONE',  ( 0.000000000000000000, 0.000000000000000000, 26.00000000000000000 ) ) ;
#92 = ADVANCED_FACE ( 'NONE', ( #4103 ), #2303, .T. ) ;
#93 = EDGE_LOOP ( 'NONE', ( #497, #3750, #3559, #1459 ) ) ;
#94 = LINE ( 'NONE', #137, #2521 ) ;
#95 = DIRECTION ( 'NONE',  ( -0.9999999999999997780, 2.655850852553907192E-18, -3.677613769070831040E-16 ) ) ;
#96 = CARTESIAN_POINT ( 'NONE',  ( -175.0000000000000000, 0.000000000000000000, -75.00000000000001421 ) ) ;
#97 = FACE_OUTER_BOUND ( 'NONE', #86, .T. ) ;
#98 = CARTESIAN_POINT ( 'NONE',  ( 1.250000000000030642, -2.165063509461127467, 15.00000000000000000 ) ) ;
#99 = VERTEX_POINT ( 'NONE', #251 ) ;
#100 = FACE_OUTER_BOUND ( 'NONE', #1037, .T. ) ;
#101 = LINE ( 'NONE', #123, #3641 ) ;
#102 = ADVANCED_FACE ( 'NONE', ( #853 ), #3019, .T. ) ;
#103 = DIRECTION ( 'NONE',  ( 0.000000000000000000, 0.000000000000000000, 1.000000000000000000 ) ) ;
#104 = PRODUCT ( 'BLDC_motor', 'BLDC_motor', '', ( #138 ) ) ;
#105 = EDGE_CURVE ( 'NONE', #2254, #3213, #3380, .T. ) ;
#106 = CARTESIAN_POINT ( 'NONE',  ( -22.99999999999997868, 0.000000000000000000, 3.419883424068558444E-15 ) ) ;
#107 = DIRECTION ( 'NONE',  ( -0.000000000000000000, -0.000000000000000000, -1.000000000000000000 ) ) ;
#108 = EDGE_CURVE ( 'NONE', #176, #377, #2351, .T. ) ;
#109 = ORIENTED_EDGE ( 'NONE', *, *, #238, .F. ) ;
#110 = CARTESIAN_POINT ( 'NONE',  ( -22.99999999999997868, 3.000000000000000000, 3.419883424068558444E-15 ) ) ;
#111 = ORIENTED_EDGE ( 'NONE', *, *, #4228, .T. ) ;
#112 = CARTESIAN_POINT ( 'NONE',  ( 175.0000000000000000, -39.23667800049894794, 49.83727453252841855 ) ) ;
#113 = LINE ( 'NONE', #1480, #3395 ) ;
#114 = EDGE_LOOP ( 'NONE', ( #2856, #2062, #2991, #1568, #4, #2612 ) ) ;
#115 = PRODUCT_CONTEXT ( 'NONE', #3169, 'mechanical' ) ;
#116 = APPLICATION_CONTEXT ( 'automotive_design' ) ;
#117 = DIRECTION ( 'NONE',  ( 0.000000000000000000, -0.000000000000000000, -1.000000000000000000 ) ) ;
#118 = VECTOR ( 'NONE', #324, 1000.000000000000000 ) ;
#119 = AXIS2_PLACEMENT_3D ( 'NONE', #1207, #2622, #535 ) ;
#120 = DIRECTION ( 'NONE',  ( 0.000000000000000000, 0.000000000000000000, 1.000000000000000000 ) ) ;
#121 = DIRECTION ( 'NONE',  ( -1.000000000000000000, 0.000000000000000000, 4.336808689942017736E-16 ) ) ;
#122 = ORIENTED_EDGE ( 'NONE', *, *, #4505, .F. ) ;
#123 = CARTESIAN_POINT ( 'NONE',  ( 15.00000000000000000, -4.163336342344337027E-14, 27.50000000000000000 ) ) ;
#124 = DIRECTION ( 'NONE',  ( -1.000000000000000000, 0.000000000000000000, -0.000000000000000000 ) ) ;
#125 = ADVANCED_FACE ( 'NONE', ( #4387 ), #947, .T. ) ;
#126 = CARTESIAN_POINT ( 'NONE',  ( 0.000000000000000000, 0.000000000000000000, -27.50000000000000000 ) ) ;
#127 = ORIENTED_EDGE ( 'NONE', *, *, #890, .T. ) ;
#128 = ADVANCED_FACE ( 'NONE', ( #3362, #4080, #4058 ), #1280, .T. ) ;
#129 = CARTESIAN_POINT ( 'NONE',  ( -35.00000000000000000, 0.000000000000000000, -2.500000000000000000 ) ) ;
#130 = VECTOR ( 'NONE', #3346, 1000.000000000000000 ) ;
#131 = CYLINDRICAL_SURFACE ( 'NONE', #4310, 50.00000000000000000 ) ;
#132 = EDGE_CURVE ( 'NONE', #1071, #2560, #998, .T. ) ;
#133 = CIRCLE ( 'NONE', #1867, 4.000000000000000000 ) ;
#134 = AXIS2_PLACEMENT_3D ( 'NONE', #1899, #1921, #480 ) ;
#135 = ORIENTED_EDGE ( 'NONE', *, *, #3929, .F. ) ;
#136 = ORIENTED_EDGE ( 'NONE', *, *, #4384, .T. ) ;
#137 = CARTESIAN_POINT ( 'NONE',  ( 25.00000000000000355, 40.00000000000000000, 24.99999999999999645 ) ) ;
#138 = PRODUCT_CONTEXT ( 'NONE', #1853, 'mechanical' ) ;
#139 = AXIS2_PLACEMENT_3D ( 'NONE', #2092, #357, #1068 ) ;
#140 = PLANE ( 'NONE',  #555 ) ;
#141 = FACE_OUTER_BOUND ( 'NONE', #3322, .T. ) ;
#142 = DIRECTION ( 'NONE',  ( -0.000000000000000000, -1.000000000000000000, -0.000000000000000000 ) ) ;
#143 = ORIENTED_EDGE ( 'NONE', *, *, #747, .T. ) ;
#144 = AXIS2_PLACEMENT_3D ( 'NONE', #2058, #1642, #3051 ) ;
#145 = ORIENTED_EDGE ( 'NONE', *, *, #1929, .F. ) ;
#146 = PLANE ( 'NONE',  #2678 ) ;
#147 = SHAPE_REPRESENTATION_RELATIONSHIP ( 'NONE' , 'NONE' ,  #4040, #3030 ) ;
#148 = DIRECTION ( 'NONE',  ( -1.000000000000000000, 0.000000000000000000, -0.000000000000000000 ) ) ;
#149 = AXIS2_PLACEMENT_3D ( 'NONE', #2235, #1864, #500 ) ;
#150 = EDGE_CURVE ( 'NONE', #3301, #3586, #2618, .T. ) ;
#151 = PLANE ( 'NONE',  #635 ) ;
#152 = VECTOR ( 'NONE', #608, 1000.000000000000000 ) ;
#153 = EDGE_CURVE ( 'NONE', #1555, #3503, #539, .T. ) ;
#154 = EDGE_LOOP ( 'NONE', ( #2874, #3290, #1394, #3284 ) ) ;
#155 = DIRECTION ( 'NONE',  ( 0.5000000000000039968, -0.8660254037844363761, 0.000000000000000000 ) ) ;
#156 =( NAMED_UNIT ( * ) PLANE_ANGLE_UNIT ( ) SI_UNIT ( $, .RADIAN. ) );
#157 = ORIENTED_EDGE ( 'NONE', *, *, #3893, .T. ) ;
#158 = EDGE_LOOP ( 'NONE', ( #4394, #2779, #4070, #143 ) ) ;
#159 = DIRECTION ( 'NONE',  ( 0.000000000000000000, 0.000000000000000000, -1.000000000000000000 ) ) ;
#160 = EDGE_CURVE ( 'NONE', #3197, #712, #2624, .T. ) ;
#161 = ORIENTED_EDGE ( 'NONE', *, *, #160, .F. ) ;
#162 = FILL_AREA_STYLE ('',( #3599 ) ) ;
#163 = SHAPE_DEFINITION_REPRESENTATION ( #2865, #4206 ) ;
#164 = CARTESIAN_POINT ( 'NONE',  ( 34.50000000000000000, 0.000000000000000000, -25.00000000000000000 ) ) ;
#165 = DIRECTION ( 'NONE',  ( 1.000000000000000000, -0.000000000000000000, 0.000000000000000000 ) ) ;
#166 = LINE ( 'NONE', #1861, #3064 ) ;
#167 = ORIENTED_EDGE ( 'NONE', *, *, #591, .F. ) ;
#168 = CARTESIAN_POINT ( 'NONE',  ( -175.0000000000000000, 1.500000000000003775, 80.00000000000001421 ) ) ;
#169 = CARTESIAN_POINT ( 'NONE',  ( 2.168404344971011392E-14, 1.500000000000000000, -50.00000000000005684 ) ) ;
#170 = CARTESIAN_POINT ( 'NONE',  ( 6.735557395310444193E-15, -50.00000000000000000, -15.00000000000000000 ) ) ;
#171 = ORIENTED_EDGE ( 'NONE', *, *, #3466, .T. ) ;
#172 = PLANE ( 'NONE',  #2974 ) ;
#173 = EDGE_CURVE ( 'NONE', #2584, #1304, #1436, .T. ) ;
#174 = CARTESIAN_POINT ( 'NONE',  ( 15.00000000000000000, 1.836970198721029589E-15, 35.00000000000000000 ) ) ;
#175 = PRODUCT_DEFINITION_SHAPE ( 'NONE', 'NONE',  #4518 ) ;
#176 = VERTEX_POINT ( 'NONE', #2330 ) ;
#177 = CARTESIAN_POINT ( 'NONE',  ( -158.0000000000000000, 1.500000000000000000, 0.000000000000000000 ) ) ;
#178 = EDGE_CURVE ( 'NONE', #1107, #3717, #3728, .T. ) ;
#179 = ORIENTED_EDGE ( 'NONE', *, *, #4050, .F. ) ;
#180 = EDGE_CURVE ( 'NONE', #3249, #1400, #3427, .T. ) ;
#181 = SURFACE_SIDE_STYLE ('',( #3652 ) ) ;
#182 = APPLICATION_PROTOCOL_DEFINITION ( 'draft international standard', 'automotive_design', 1998, #2556 ) ;
#183 = CARTESIAN_POINT ( 'NONE',  ( 0.000000000000000000, 0.000000000000000000, 0.000000000000000000 ) ) ;
#184 = CARTESIAN_POINT ( 'NONE',  ( 117.5000000000002984, 1.500000000000000000, -117.4999999999999005 ) ) ;
#185 = FACE_BOUND ( 'NONE', #3304, .T. ) ;
#186 = EDGE_CURVE ( 'NONE', #3333, #3249, #2002, .T. ) ;
#187 = ORIENTED_EDGE ( 'NONE', *, *, #3671, .T. ) ;
#188 = DIRECTION ( 'NONE',  ( -0.000000000000000000, -0.000000000000000000, -1.000000000000000000 ) ) ;
#189 = FACE_OUTER_BOUND ( 'NONE', #1386, .T. ) ;
#190 = SHAPE_REPRESENTATION_RELATIONSHIP ( 'NONE' , 'NONE' ,  #4179, #1869 ) ;
#191 = CARTESIAN_POINT ( 'NONE',  ( 25.00000000000000355, 40.00000000000000000, -25.00000000000000355 ) ) ;
#192 = VERTEX_POINT ( 'NONE', #168 ) ;
#193 = PRODUCT_DEFINITION_CONTEXT ( 'detailed design', #1084, 'design' ) ;
#194 = PLANE ( 'NONE',  #1127 ) ;
#195 = CARTESIAN_POINT ( 'NONE',  ( -3.295974604355933479E-14, 25.00000000000000000, 15.00000000000000000 ) ) ;
#196 = LINE ( 'NONE', #1789, #1878 ) ;
#197 = ORIENTED_EDGE ( 'NONE', *, *, #150, .T. ) ;
#198 = VERTEX_POINT ( 'NONE', #1698 ) ;
#199 = PRESENTATION_LAYER_ASSIGNMENT (  '', '', ( #1862 ) ) ;
#200 = VECTOR ( 'NONE', #1603, 1000.000000000000000 ) ;
#201 = VERTEX_POINT ( 'NONE', #4188 ) ;
#202 = LINE ( 'NONE', #2992, #907 ) ;
#203 = PRODUCT_CONTEXT ( 'NONE', #1648, 'mechanical' ) ;
#204 = CIRCLE ( 'NONE', #1719, 40.00000000000000000 ) ;
#205 = DIRECTION ( 'NONE',  ( 0.000000000000000000, 1.000000000000000000, -0.000000000000000000 ) ) ;
#206 = AXIS2_PLACEMENT_3D ( 'NONE', #602, #1249, #3788 ) ;
#207 = LINE ( 'NONE', #2299, #67 ) ;
#208 = DIRECTION ( 'NONE',  ( -0.000000000000000000, -1.000000000000000000, -0.000000000000000000 ) ) ;
#209 = EDGE_LOOP ( 'NONE', ( #2499, #279, #3739, #592 ) ) ;
#210 = DIRECTION ( 'NONE',  ( 0.000000000000000000, -0.000000000000000000, -1.000000000000000000 ) ) ;
#211 = CYLINDRICAL_SURFACE ( 'NONE', #2243, 40.00000000000000711 ) ;
#212 = VECTOR ( 'NONE', #3224, 1000.000000000000000 ) ;
#213 = LINE ( 'NONE', #459, #932 ) ;
#214 = AXIS2_PLACEMENT_3D ( 'NONE', #4269, #743, #723 ) ;
#215 = VERTEX_POINT ( 'NONE', #2795 ) ;
#216 = EDGE_CURVE ( 'NONE', #799, #3964, #3447, .T. ) ;
#217 = CARTESIAN_POINT ( 'NONE',  ( -42.00000000000000000, 1.224646799147353059E-15, -10.00000000000000000 ) ) ;
#218 = SURFACE_STYLE_FILL_AREA ( #2244 ) ;
#219 = VECTOR ( 'NONE', #3731, 1000.000000000000000 ) ;
#220 = CARTESIAN_POINT ( 'NONE',  ( -175.0000000000000000, 3.000000000000000000, 135.0000000000000000 ) ) ;
#221 = ADVANCED_FACE ( 'NONE', ( #3248 ), #3796, .T. ) ;
#222 = VERTEX_POINT ( 'NONE', #717 ) ;
#223 = VERTEX_POINT ( 'NONE', #3204 ) ;
#224 = PLANE ( 'NONE',  #340 ) ;
#225 = ORIENTED_EDGE ( 'NONE', *, *, #1493, .F. ) ;
#226 = DIRECTION ( 'NONE',  ( -1.000000000000000000, 0.000000000000000000, 0.000000000000000000 ) ) ;
#227 = CARTESIAN_POINT ( 'NONE',  ( -9.575317547305477461, -8.415063509461099045, 15.00000000000000000 ) ) ;
#228 = EDGE_CURVE ( 'NONE', #1989, #2598, #666, .T. ) ;
#229 = DIRECTION ( 'NONE',  ( -0.000000000000000000, -0.000000000000000000, -1.000000000000000000 ) ) ;
#230 = LINE ( 'NONE', #851, #2049 ) ;
#231 = ORIENTED_EDGE ( 'NONE', *, *, #2939, .F. ) ;
#232 = DIRECTION ( 'NONE',  ( 1.000000000000000000, 0.000000000000000000, 0.000000000000000000 ) ) ;
#233 = DIRECTION ( 'NONE',  ( 1.000000000000000000, -0.000000000000000000, 0.000000000000000000 ) ) ;
#234 = UNCERTAINTY_MEASURE_WITH_UNIT (LENGTH_MEASURE( 1.000000000000000082E-05 ), #1350, 'distance_accuracy_value', 'NONE');
#235 = LINE ( 'NONE', #2031, #1407 ) ;
#236 = ORIENTED_EDGE ( 'NONE', *, *, #3366, .F. ) ;
#237 = LINE ( 'NONE', #2338, #3711 ) ;
#238 = EDGE_CURVE ( 'NONE', #2926, #302, #1027, .T. ) ;
#239 = SURFACE_STYLE_FILL_AREA ( #3799 ) ;
#240 = CARTESIAN_POINT ( 'NONE',  ( 0.000000000000000000, 0.000000000000000000, -7.000000000000000000 ) ) ;
#241 = ORIENTED_EDGE ( 'NONE', *, *, #153, .F. ) ;
#242 = VERTEX_POINT ( 'NONE', #3538 ) ;
#243 = FACE_OUTER_BOUND ( 'NONE', #366, .T. ) ;
#244 = ADVANCED_BREP_SHAPE_REPRESENTATION ( '', ( #2896, #2662 ), #3179 ) ;
#245 = ORIENTED_EDGE ( 'NONE', *, *, #1136, .T. ) ;
#246 = PLANE ( 'NONE',  #4071 ) ;
#247 = CARTESIAN_POINT ( 'NONE',  ( -158.0000000000000000, 1.500000000000000000, 50.00000000000001421 ) ) ;
#248 = CARTESIAN_POINT ( 'NONE',  ( -15.00000000000000000, 0.000000000000000000, 35.00000000000000000 ) ) ;
#249 = LINE ( 'NONE', #4100, #329 ) ;
#250 = ORIENTED_EDGE ( 'NONE', *, *, #257, .F. ) ;
#251 = CARTESIAN_POINT ( 'NONE',  ( -27.02847075210475580, -12.50000000000000355, -15.00000000000000000 ) ) ;
#252 = PLANE ( 'NONE',  #3630 ) ;
#253 =( NAMED_UNIT ( * ) PLANE_ANGLE_UNIT ( ) SI_UNIT ( $, .RADIAN. ) );
#254 = DIRECTION ( 'NONE',  ( 1.000000000000000000, 0.000000000000000000, 0.000000000000000000 ) ) ;
#255 = FACE_OUTER_BOUND ( 'NONE', #1596, .T. ) ;
#256 = ORIENTED_EDGE ( 'NONE', *, *, #2889, .T. ) ;
#257 = EDGE_CURVE ( 'NONE', #2093, #531, #8, .T. ) ;
#258 = CARTESIAN_POINT ( 'NONE',  ( -24.99999999999999645, 0.000000000000000000, -25.00000000000000355 ) ) ;
#259 = SURFACE_STYLE_USAGE ( .BOTH. , #3026 ) ;
#260 = PLANE ( 'NONE',  #144 ) ;
#261 = ORIENTED_EDGE ( 'NONE', *, *, #4481, .T. ) ;
#262 = ORIENTED_EDGE ( 'NONE', *, *, #536, .T. ) ;
#263 = EDGE_CURVE ( 'NONE', #242, #1573, #2464, .T. ) ;
#264 = AXIS2_PLACEMENT_3D ( 'NONE', #3934, #736, #2122 ) ;
#265 = ORIENTED_EDGE ( 'NONE', *, *, #2301, .F. ) ;
#266 = EDGE_CURVE ( 'NONE', #2128, #1748, #383, .T. ) ;
#267 = DIRECTION ( 'NONE',  ( 0.000000000000000000, 1.000000000000000000, -0.000000000000000000 ) ) ;
#268 = ITEM_DEFINED_TRANSFORMATION ( 'NONE', 'NONE', #1116,  #2662 ) ;
#269 = FACE_OUTER_BOUND ( 'NONE', #3906, .T. ) ;
#270 = VECTOR ( 'NONE', #3214, 1000.000000000000000 ) ;
#271 = PLANE ( 'NONE',  #4230 ) ;
#272 = LINE ( 'NONE', #2118, #2223 ) ;
#273 = VERTEX_POINT ( 'NONE', #4355 ) ;
#274 = AXIS2_PLACEMENT_3D ( 'NONE', #2441, #2152, #1054 ) ;
#275 = CARTESIAN_POINT ( 'NONE',  ( 7.500000000000000000, 27.50000000000000355, -27.49999999999999645 ) ) ;
#276 = AXIS2_PLACEMENT_3D ( 'NONE', #1300, #2711, #961 ) ;
#277 = FILL_AREA_STYLE_COLOUR ( '', #1481 ) ;
#278 = DIRECTION ( 'NONE',  ( -0.000000000000000000, -1.000000000000000000, -0.000000000000000000 ) ) ;
#279 = ORIENTED_EDGE ( 'NONE', *, *, #2879, .F. ) ;
#280 = AXIS2_PLACEMENT_3D ( 'NONE', #2827, #651, #3832 ) ;
#281 = LINE ( 'NONE', #2423, #1574 ) ;
#282 = MECHANICAL_DESIGN_GEOMETRIC_PRESENTATION_REPRESENTATION (  '', ( #2248 ), #3852 ) ;
#283 = LINE ( 'NONE', #4489, #2983 ) ;
#284 = AXIS2_PLACEMENT_3D ( 'NONE', #837, #2272, #3666 ) ;
#285 = DIRECTION ( 'NONE',  ( -0.000000000000000000, 0.000000000000000000, 1.000000000000000000 ) ) ;
#286 = PRODUCT_DEFINITION ( 'UNKNOWN', '', #4073, #1597 ) ;
#287 = COLOUR_RGB ( '',0.7921568627450980005, 0.8196078431372548767, 0.9333333333333333481 ) ;
#288 = VERTEX_POINT ( 'NONE', #4262 ) ;
#289 = VECTOR ( 'NONE', #824, 1000.000000000000000 ) ;
#290 = DIRECTION ( 'NONE',  ( 0.000000000000000000, 1.000000000000000000, -2.523234146875356491E-16 ) ) ;
#291 = AXIS2_PLACEMENT_3D ( 'NONE', #1988, #2738, #4084 ) ;
#292 = VECTOR ( 'NONE', #2693, 1000.000000000000000 ) ;
#293 = AXIS2_PLACEMENT_3D ( 'NONE', #1684, #3092, #4437 ) ;
#294 = ORIENTED_EDGE ( 'NONE', *, *, #4333, .F. ) ;
#295 = EDGE_CURVE ( 'NONE', #2648, #1007, #3975, .T. ) ;
#296 = FACE_OUTER_BOUND ( 'NONE', #3968, .T. ) ;
#297 = ADVANCED_FACE ( 'NONE', ( #2209 ), #758, .F. ) ;
#298 = CARTESIAN_POINT ( 'NONE',  ( 25.00000000000000355, 0.000000000000000000, 24.99999999999999645 ) ) ;
#299 = VECTOR ( 'NONE', #2507, 1000.000000000000000 ) ;
#300 = DIRECTION ( 'NONE',  ( 1.000000000000000000, 0.000000000000000000, 0.000000000000000000 ) ) ;
#301 = DIRECTION ( 'NONE',  ( 1.000000000000000000, 0.000000000000000000, 0.000000000000000000 ) ) ;
#302 = VERTEX_POINT ( 'NONE', #786 ) ;
#303 = PLANE ( 'NONE',  #3054 ) ;
#304 = DIRECTION ( 'NONE',  ( 1.000000000000000000, 0.000000000000000000, 0.000000000000000000 ) ) ;
#305 = DIRECTION ( 'NONE',  ( -0.000000000000000000, 0.000000000000000000, 1.000000000000000000 ) ) ;
#306 = EDGE_LOOP ( 'NONE', ( #311, #4319 ) ) ;
#307 = FACE_OUTER_BOUND ( 'NONE', #3527, .T. ) ;
#308 = PRESENTATION_STYLE_ASSIGNMENT (( #2722 ) ) ;
#309 = DIRECTION ( 'NONE',  ( 0.000000000000000000, 0.000000000000000000, -1.000000000000000000 ) ) ;
#310 = ORIENTED_EDGE ( 'NONE', *, *, #2995, .T. ) ;
#311 = ORIENTED_EDGE ( 'NONE', *, *, #3466, .F. ) ;
#312 = ADVANCED_FACE ( 'NONE', ( #2922 ), #2594, .T. ) ;
#313 = CARTESIAN_POINT ( 'NONE',  ( 32.50000000000000000, -30.00000000000000000, -25.00000000000000000 ) ) ;
#314 = ITEM_DEFINED_TRANSFORMATION ( 'NONE', 'NONE', #2962,  #4214 ) ;
#315 = FACE_BOUND ( 'NONE', #1060, .T. ) ;
#316 = DIRECTION ( 'NONE',  ( -0.000000000000000000, -1.000000000000000000, -0.000000000000000000 ) ) ;
#317 = CARTESIAN_POINT ( 'NONE',  ( -2.168404344971011392E-14, 0.000000000000000000, -50.00000000000005684 ) ) ;
#318 = EDGE_CURVE ( 'NONE', #2683, #418, #3911, .T. ) ;
#319 = EDGE_LOOP ( 'NONE', ( #3639, #3758, #3405, #1780 ) ) ;
#320 = CARTESIAN_POINT ( 'NONE',  ( 0.000000000000000000, 0.000000000000000000, -149.9999999999999716 ) ) ;
#321 = ADVANCED_FACE ( 'NONE', ( #2506, #1542, #2900 ), #1821, .T. ) ;
#322 = EDGE_LOOP ( 'NONE', ( #3925, #3913, #386, #1913 ) ) ;
#323 = DIRECTION ( 'NONE',  ( 1.000000000000000000, 0.000000000000000000, 0.000000000000000000 ) ) ;
#324 = DIRECTION ( 'NONE',  ( 1.000000000000000000, 0.000000000000000000, 0.000000000000000000 ) ) ;
#325 = ORIENTED_EDGE ( 'NONE', *, *, #3985, .T. ) ;
#326 = DIRECTION ( 'NONE',  ( 3.160203005648525984E-17, 1.000000000000000000, 0.000000000000000000 ) ) ;
#327 = AXIS2_PLACEMENT_3D ( 'NONE', #2817, #3164, #3508 ) ;
#328 = AXIS2_PLACEMENT_3D ( 'NONE', #1181, #875, #2595 ) ;
#329 = VECTOR ( 'NONE', #1628, 1000.000000000000000 ) ;
#330 = EDGE_LOOP ( 'NONE', ( #4173, #1744, #3755, #898 ) ) ;
#331 = DIRECTION ( 'NONE',  ( -1.000000000000000000, 0.000000000000000000, 0.000000000000000000 ) ) ;
#332 = CARTESIAN_POINT ( 'NONE',  ( -126.0000000000000000, 0.000000000000000000, 0.000000000000000000 ) ) ;
#333 = EDGE_CURVE ( 'NONE', #1085, #1620, #2169, .T. ) ;
#334 = MECHANICAL_DESIGN_GEOMETRIC_PRESENTATION_REPRESENTATION (  '', ( #1862 ), #1265 ) ;
#335 = ORIENTED_EDGE ( 'NONE', *, *, #4350, .T. ) ;
#336 = PRODUCT_DEFINITION_FORMATION_WITH_SPECIFIED_SOURCE ( 'ANY', '', #845, .NOT_KNOWN. ) ;
#337 = DIRECTION ( 'NONE',  ( 0.000000000000000000, 0.000000000000000000, -1.000000000000000000 ) ) ;
#338 = DIRECTION ( 'NONE',  ( 0.000000000000000000, 0.000000000000000000, 1.000000000000000222 ) ) ;
#339 = DIRECTION ( 'NONE',  ( 1.000000000000000000, 0.000000000000000000, -0.000000000000000000 ) ) ;
#340 = AXIS2_PLACEMENT_3D ( 'NONE', #487, #2938, #4049 ) ;
#341 = DIRECTION ( 'NONE',  ( -0.000000000000000000, -0.000000000000000000, -1.000000000000000000 ) ) ;
#342 =( REPRESENTATION_RELATIONSHIP ('NONE','NONE', #3096, #769 ) REPRESENTATION_RELATIONSHIP_WITH_TRANSFORMATION ( #3941 )SHAPE_REPRESENTATION_RELATIONSHIP( ) );
#343 = VECTOR ( 'NONE', #367, 1000.000000000000000 ) ;
#344 = EDGE_LOOP ( 'NONE', ( #4164, #3994, #1226, #883 ) ) ;
#345 = ORIENTED_EDGE ( 'NONE', *, *, #1752, .T. ) ;
#346 = FACE_OUTER_BOUND ( 'NONE', #1936, .T. ) ;
#347 = PRODUCT_DEFINITION_SHAPE ( 'NONE', 'NONE',  #3299 ) ;
#348 = VECTOR ( 'NONE', #4142, 1000.000000000000000 ) ;
#349 = CARTESIAN_POINT ( 'NONE',  ( 126.0000000000000000, 1.500000000000000000, 0.000000000000000000 ) ) ;
#350 = ADVANCED_FACE ( 'NONE', ( #97 ), #820, .T. ) ;
#351 = VERTEX_POINT ( 'NONE', #4279 ) ;
#352 = VECTOR ( 'NONE', #1591, 1000.000000000000000 ) ;
#353 = VECTOR ( 'NONE', #3810, 1000.000000000000000 ) ;
#354 = VECTOR ( 'NONE', #4318, 1000.000000000000000 ) ;
#355 = ORIENTED_EDGE ( 'NONE', *, *, #1451, .T. ) ;
#356 = CARTESIAN_POINT ( 'NONE',  ( -10.82531754730547213, -6.250000000000018652, -15.00000000000000000 ) ) ;
#357 = DIRECTION ( 'NONE',  ( 0.8660254037844363761, 0.5000000000000039968, -0.000000000000000000 ) ) ;
#358 = VECTOR ( 'NONE', #1548, 1000.000000000000000 ) ;
#359 = ORIENTED_EDGE ( 'NONE', *, *, #1779, .T. ) ;
#360 = DIRECTION ( 'NONE',  ( 1.000000000000000000, -0.000000000000000000, 0.000000000000000000 ) ) ;
#361 = DIRECTION ( 'NONE',  ( 0.000000000000000000, 0.000000000000000000, 1.000000000000000222 ) ) ;
#362 = EDGE_CURVE ( 'NONE', #1085, #1272, #2230, .T. ) ;
#363 = CARTESIAN_POINT ( 'NONE',  ( 32.50000000000000000, -10.77032961426899860, -53.00000000000000711 ) ) ;
#364 = CARTESIAN_POINT ( 'NONE',  ( -9.575317547305477461, -8.415063509461099045, -15.00000000000000000 ) ) ;
#365 = VERTEX_POINT ( 'NONE', #1113 ) ;
#366 = EDGE_LOOP ( 'NONE', ( #2144, #3150 ) ) ;
#367 = DIRECTION ( 'NONE',  ( -0.000000000000000000, -1.000000000000000000, -0.000000000000000000 ) ) ;
#368 = DIRECTION ( 'NONE',  ( -0.000000000000000000, -0.000000000000000000, -1.000000000000000000 ) ) ;
#369 = CARTESIAN_POINT ( 'NONE',  ( 0.000000000000000000, 0.000000000000000000, 0.000000000000000000 ) ) ;
#370 = VERTEX_POINT ( 'NONE', #517 ) ;
#371 = DIRECTION ( 'NONE',  ( -1.000000000000000000, 0.000000000000000000, 0.000000000000000000 ) ) ;
#372 = EDGE_LOOP ( 'NONE', ( #1375, #2719, #3320, #157 ) ) ;
#373 = DIRECTION ( 'NONE',  ( -1.000000000000000000, -0.000000000000000000, -0.000000000000000000 ) ) ;
#374 = LINE ( 'NONE', #4184, #2318 ) ;
#375 = CARTESIAN_POINT ( 'NONE',  ( 23.00000000000000711, 1.500000000000000000, -149.9999999999999716 ) ) ;
#376 = VECTOR ( 'NONE', #3017, 1000.000000000000000 ) ;
#377 = VERTEX_POINT ( 'NONE', #3628 ) ;
#378 = ORIENTED_EDGE ( 'NONE', *, *, #2046, .T. ) ;
#379 = PRODUCT_DEFINITION_SHAPE ( 'NONE', 'NONE',  #4534 ) ;
#380 = DIRECTION ( 'NONE',  ( -0.000000000000000000, -0.000000000000000000, -1.000000000000000000 ) ) ;
#381 =( NAMED_UNIT ( * ) SI_UNIT ( $, .STERADIAN. ) SOLID_ANGLE_UNIT ( ) );
#382 = DIRECTION ( 'NONE',  ( -0.000000000000000000, 0.000000000000000000, 1.000000000000000000 ) ) ;
#383 = LINE ( 'NONE', #1772, #1132 ) ;
#384 = CARTESIAN_POINT ( 'NONE',  ( 175.0000000000000000, 0.5721156388023954653, 81.17857142857147323 ) ) ;
#385 = ORIENTED_EDGE ( 'NONE', *, *, #2131, .F. ) ;
#386 = ORIENTED_EDGE ( 'NONE', *, *, #3279, .F. ) ;
#387 = DIRECTION ( 'NONE',  ( 1.486905836551548586E-16, 0.000000000000000000, 1.000000000000000000 ) ) ;
#388 = DIRECTION ( 'NONE',  ( 0.000000000000000000, 0.000000000000000000, -1.000000000000000000 ) ) ;
#389 = DIRECTION ( 'NONE',  ( 0.000000000000000000, 0.000000000000000000, -1.000000000000000000 ) ) ;
#390 = ADVANCED_FACE ( 'NONE', ( #141 ), #1910, .F. ) ;
#391 = ORIENTED_EDGE ( 'NONE', *, *, #295, .T. ) ;
#392 = CARTESIAN_POINT ( 'NONE',  ( 0.000000000000000000, 0.000000000000000000, 26.00000000000000000 ) ) ;
#393 = EDGE_CURVE ( 'NONE', #915, #530, #1159, .T. ) ;
#394 = ORIENTED_EDGE ( 'NONE', *, *, #427, .T. ) ;
#395 =( REPRESENTATION_RELATIONSHIP ('NONE','NONE', #2972, #1855 ) REPRESENTATION_RELATIONSHIP_WITH_TRANSFORMATION ( #3698 )SHAPE_REPRESENTATION_RELATIONSHIP( ) );
#396 = FACE_OUTER_BOUND ( 'NONE', #3143, .T. ) ;
#397 = CARTESIAN_POINT ( 'NONE',  ( 175.0000000000000000, 1.500000000000000000, -59.99999999999998579 ) ) ;
#398 = ORIENTED_EDGE ( 'NONE', *, *, #890, .F. ) ;
#399 = ADVANCED_FACE ( 'NONE', ( #2370 ), #921, .F. ) ;
#400 = ORIENTED_EDGE ( 'NONE', *, *, #4324, .F. ) ;
#401 = CARTESIAN_POINT ( 'NONE',  ( 32.50000000000000000, 30.00000000000000000, 0.000000000000000000 ) ) ;
#402 = CARTESIAN_POINT ( 'NONE',  ( 0.000000000000000000, 0.000000000000000000, 35.00000000000000000 ) ) ;
#403 = AXIS2_PLACEMENT_3D ( 'NONE', #2030, #3429, #304 ) ;
#404 = EDGE_LOOP ( 'NONE', ( #3770, #122, #3902, #3694 ) ) ;
#405 = DIRECTION ( 'NONE',  ( 1.000000000000000000, -0.000000000000000000, 0.000000000000000000 ) ) ;
#406 = PLANE ( 'NONE',  #4457 ) ;
#407 =( NAMED_UNIT ( * ) SI_UNIT ( $, .STERADIAN. ) SOLID_ANGLE_UNIT ( ) );
#408 = CIRCLE ( 'NONE', #978, 11.00000000000000355 ) ;
#409 = UNCERTAINTY_MEASURE_WITH_UNIT (LENGTH_MEASURE( 1.000000000000000082E-05 ), #684, 'distance_accuracy_value', 'NONE');
#410 = SURFACE_STYLE_FILL_AREA ( #60 ) ;
#411 = LINE ( 'NONE', #3212, #1582 ) ;
#412 = CIRCLE ( 'NONE', #3552, 39.52847075210476646 ) ;
#413 = ORIENTED_EDGE ( 'NONE', *, *, #180, .T. ) ;
#414 = LINE ( 'NONE', #1852, #2234 ) ;
#415 = AXIS2_PLACEMENT_3D ( 'NONE', #1732, #1802, #2877 ) ;
#416 = ADVANCED_FACE ( 'NONE', ( #2687 ), #271, .F. ) ;
#417 = CIRCLE ( 'NONE', #2979, 10.00000000000000000 ) ;
#418 = VERTEX_POINT ( 'NONE', #2324 ) ;
#419 = VECTOR ( 'NONE', #4099, 1000.000000000000000 ) ;
#420 = VECTOR ( 'NONE', #4465, 1000.000000000000000 ) ;
#421 = DIRECTION ( 'NONE',  ( 0.000000000000000000, 0.000000000000000000, -1.000000000000000000 ) ) ;
#422 = CARTESIAN_POINT ( 'NONE',  ( 158.0000000000000000, 0.000000000000000000, 50.00000000000001421 ) ) ;
#423 = VECTOR ( 'NONE', #3411, 1000.000000000000000 ) ;
#424 = EDGE_CURVE ( 'NONE', #1018, #2134, #4463, .T. ) ;
#425 = VECTOR ( 'NONE', #1735, 1000.000000000000000 ) ;
#426 = ORIENTED_EDGE ( 'NONE', *, *, #2041, .F. ) ;
#427 = EDGE_CURVE ( 'NONE', #49, #3487, #2621, .T. ) ;
#428 = FACE_OUTER_BOUND ( 'NONE', #2544, .T. ) ;
#429 = AXIS2_PLACEMENT_3D ( 'NONE', #3312, #188, #1610 ) ;
#430 = CARTESIAN_POINT ( 'NONE',  ( 250.0000000000000000, 14.50000000000000178, 217.4999999999999432 ) ) ;
#431 = DIRECTION ( 'NONE',  ( -0.000000000000000000, 0.000000000000000000, 1.000000000000000000 ) ) ;
#432 = AXIS2_PLACEMENT_3D ( 'NONE', #3045, #305, #1325 ) ;
#433 = CARTESIAN_POINT ( 'NONE',  ( 50.00000000000002132, 0.000000000000000000, -20.00000000000000355 ) ) ;
#434 = EDGE_CURVE ( 'NONE', #2857, #351, #1362, .T. ) ;
#435 = ORIENTED_EDGE ( 'NONE', *, *, #3823, .T. ) ;
#436 = VERTEX_POINT ( 'NONE', #1276 ) ;
#437 = LINE ( 'NONE', #1376, #3118 ) ;
#438 = CARTESIAN_POINT ( 'NONE',  ( 703.8610843314503427, 886.7765293216247073, 1317.871995967144358 ) ) ;
#439 = LINE ( 'NONE', #2238, #3791 ) ;
#440 = DIRECTION ( 'NONE',  ( 1.982541115402066342E-16, 0.000000000000000000, 1.000000000000000000 ) ) ;
#441 = VERTEX_POINT ( 'NONE', #603 ) ;
#442 = DIRECTION ( 'NONE',  ( -0.7071067811865487940, 0.000000000000000000, -0.7071067811865462405 ) ) ;
#443 = VECTOR ( 'NONE', #470, 1000.000000000000000 ) ;
#444 = ORIENTED_EDGE ( 'NONE', *, *, #1038, .T. ) ;
#445 = DIRECTION ( 'NONE',  ( 0.000000000000000000, 1.000000000000000000, 0.000000000000000000 ) ) ;
#446 = EDGE_CURVE ( 'NONE', #1118, #418, #2347, .T. ) ;
#447 = ORIENTED_EDGE ( 'NONE', *, *, #2705, .T. ) ;
#448 = SHAPE_DEFINITION_REPRESENTATION ( #3560, #2006 ) ;
#449 = CARTESIAN_POINT ( 'NONE',  ( -1.500000000000000222, 0.000000000000000000, 105.0000000000000000 ) ) ;
#450 = DIRECTION ( 'NONE',  ( 0.000000000000000000, 0.7857142857142856984, 0.6185895741317418706 ) ) ;
#451 = EDGE_CURVE ( 'NONE', #1425, #2186, #4008, .T. ) ;
#452 = EDGE_CURVE ( 'NONE', #4415, #3631, #3065, .T. ) ;
#453 = VERTEX_POINT ( 'NONE', #3396 ) ;
#454 = ORIENTED_EDGE ( 'NONE', *, *, #3748, .F. ) ;
#455 = EDGE_CURVE ( 'NONE', #1442, #531, #3725, .T. ) ;
#456 = DIRECTION ( 'NONE',  ( -0.000000000000000000, -0.000000000000000000, -1.000000000000000000 ) ) ;
#457 = PRODUCT_DEFINITION_SHAPE ( 'NONE', 'NONE',  #2428 ) ;
#458 = CARTESIAN_POINT ( 'NONE',  ( 15.00000000000000000, 105.0000000000000000, 1.040834085586084257E-14 ) ) ;
#459 = CARTESIAN_POINT ( 'NONE',  ( 0.000000000000000000, 3.000000000000000000, 50.00000000000001421 ) ) ;
#460 = EDGE_LOOP ( 'NONE', ( #680, #2985, #682, #4157 ) ) ;
#461 = CARTESIAN_POINT ( 'NONE',  ( 126.0000000000000000, 1.500000000000000000, 50.00000000000001421 ) ) ;
#462 = DIRECTION ( 'NONE',  ( 1.000000000000000000, 0.000000000000000000, 0.000000000000000000 ) ) ;
#463 = ORIENTED_EDGE ( 'NONE', *, *, #1268, .F. ) ;
#464 = VERTEX_POINT ( 'NONE', #4119 ) ;
#465 = SURFACE_STYLE_FILL_AREA ( #162 ) ;
#466 = EDGE_CURVE ( 'NONE', #1010, #1071, #2663, .T. ) ;
#467 = SHAPE_DEFINITION_REPRESENTATION ( #4009, #1704 ) ;
#468 = CARTESIAN_POINT ( 'NONE',  ( 8.315658898134695906E-15, 2.627917024383300604E-31, -15.00000000000000000 ) ) ;
#469 = AXIS2_PLACEMENT_3D ( 'NONE', #27, #2097, #3536 ) ;
#470 = DIRECTION ( 'NONE',  ( -0.000000000000000000, -0.000000000000000000, -1.000000000000000000 ) ) ;
#471 = VERTEX_POINT ( 'NONE', #3677 ) ;
#472 = VERTEX_POINT ( 'NONE', #963 ) ;
#473 = VECTOR ( 'NONE', #1701, 1000.000000000000000 ) ;
#474 = CARTESIAN_POINT ( 'NONE',  ( 0.000000000000000000, 0.000000000000000000, -15.00000000000000000 ) ) ;
#475 = LINE ( 'NONE', #1167, #2253 ) ;
#476 = DIRECTION ( 'NONE',  ( 1.000000000000000000, -0.000000000000000000, 0.000000000000000000 ) ) ;
#477 =( GEOMETRIC_REPRESENTATION_CONTEXT ( 3 ) GLOBAL_UNCERTAINTY_ASSIGNED_CONTEXT ( ( #1920 ) ) GLOBAL_UNIT_ASSIGNED_CONTEXT ( ( #2071, #253, #949 ) ) REPRESENTATION_CONTEXT ( 'NONE', 'WORKASPACE' ) );
#478 = ORIENTED_EDGE ( 'NONE', *, *, #501, .T. ) ;
#479 = COLOUR_RGB ( '',0.7921568627450980005, 0.8196078431372548767, 0.9333333333333333481 ) ;
#480 = DIRECTION ( 'NONE',  ( 1.000000000000000000, 0.000000000000000000, 0.000000000000000000 ) ) ;
#481 =( LENGTH_UNIT ( ) NAMED_UNIT ( * ) SI_UNIT ( .MILLI., .METRE. ) );
#482 = VECTOR ( 'NONE', #2043, 1000.000000000000000 ) ;
#483 = EDGE_CURVE ( 'NONE', #1261, #2397, #1607, .T. ) ;
#484 = ORIENTED_EDGE ( 'NONE', *, *, #2273, .F. ) ;
#485 = AXIS2_PLACEMENT_3D ( 'NONE', #1776, #2104, #103 ) ;
#486 = ORIENTED_EDGE ( 'NONE', *, *, #2374, .F. ) ;
#487 = CARTESIAN_POINT ( 'NONE',  ( 42.00000000000000000, 0.000000000000000000, 0.000000000000000000 ) ) ;
#488 = EDGE_CURVE ( 'NONE', #3592, #2633, #3358, .T. ) ;
#489 = AXIS2_PLACEMENT_3D ( 'NONE', #4483, #2667, #1661 ) ;
#490 = AXIS2_PLACEMENT_3D ( 'NONE', #2260, #3655, #1466 ) ;
#491 = EDGE_LOOP ( 'NONE', ( #3215, #2010, #852, #2250 ) ) ;
#492 = PRODUCT_DEFINITION_SHAPE ( 'NONE', 'NONE',  #4520 ) ;
#493 = APPLICATION_PROTOCOL_DEFINITION ( 'draft international standard', 'automotive_design', 1998, #3642 ) ;
#494 = VECTOR ( 'NONE', #1013, 1000.000000000000000 ) ;
#495 = DIRECTION ( 'NONE',  ( 0.000000000000000000, 0.000000000000000000, 1.000000000000000000 ) ) ;
#496 = DIRECTION ( 'NONE',  ( 1.000000000000000000, -0.000000000000000000, 0.000000000000000000 ) ) ;
#497 = ORIENTED_EDGE ( 'NONE', *, *, #1205, .F. ) ;
#498 = AXIS2_PLACEMENT_3D ( 'NONE', #1100, #1806, #3918 ) ;
#499 = AXIS2_PLACEMENT_3D ( 'NONE', #802, #496, #4332 ) ;
#500 = DIRECTION ( 'NONE',  ( -1.000000000000000000, 0.000000000000000000, -0.000000000000000000 ) ) ;
#501 = EDGE_CURVE ( 'NONE', #1767, #1152, #207, .T. ) ;
#502 = FACE_OUTER_BOUND ( 'NONE', #938, .T. ) ;
#503 = DIRECTION ( 'NONE',  ( 0.8660254037844379305, 0.5000000000000011102, 0.000000000000000000 ) ) ;
#504 = VECTOR ( 'NONE', #1475, 1000.000000000000000 ) ;
#505 = VERTEX_POINT ( 'NONE', #2996 ) ;
#506 = EDGE_CURVE ( 'NONE', #4224, #3953, #4408, .T. ) ;
#507 = LINE ( 'NONE', #2271, #3847 ) ;
#508 = FILL_AREA_STYLE_COLOUR ( '', #1659 ) ;
#509 = CARTESIAN_POINT ( 'NONE',  ( 158.0000000000000000, 1.500000000000000000, -49.99999999999998579 ) ) ;
#510 = EDGE_CURVE ( 'NONE', #1873, #2083, #2026, .T. ) ;
#511 = VERTEX_POINT ( 'NONE', #248 ) ;
#512 = ORIENTED_EDGE ( 'NONE', *, *, #3670, .T. ) ;
#513 = VERTEX_POINT ( 'NONE', #1627 ) ;
#514 = LINE ( 'NONE', #1907, #3331 ) ;
#515 = APPLICATION_PROTOCOL_DEFINITION ( 'draft international standard', 'automotive_design', 1998, #3403 ) ;
#516 = DIRECTION ( 'NONE',  ( -1.000000000000000000, -0.000000000000000000, -0.000000000000000000 ) ) ;
#517 = CARTESIAN_POINT ( 'NONE',  ( -10.00000000000000000, 0.000000000000000000, 15.00000000000000000 ) ) ;
#518 = PLANE ( 'NONE',  #499 ) ;
#519 = EDGE_LOOP ( 'NONE', ( #2788, #3087, #4358, #2579 ) ) ;
#520 = DIRECTION ( 'NONE',  ( 0.000000000000000000, 0.000000000000000000, -1.000000000000000000 ) ) ;
#521 = DIRECTION ( 'NONE',  ( -0.000000000000000000, -0.000000000000000000, -1.000000000000000000 ) ) ;
#522 =( LENGTH_UNIT ( ) NAMED_UNIT ( * ) SI_UNIT ( .MILLI., .METRE. ) );
#523 = LINE ( 'NONE', #4339, #1968 ) ;
#524 = DIRECTION ( 'NONE',  ( 1.000000000000000000, 0.000000000000000000, 0.000000000000000000 ) ) ;
#525 = ORIENTED_EDGE ( 'NONE', *, *, #973, .T. ) ;
#526 = DIRECTION ( 'NONE',  ( 1.000000000000000000, -0.000000000000000000, 0.000000000000000000 ) ) ;
#527 = CARTESIAN_POINT ( 'NONE',  ( 34.50000000000000000, 0.000000000000000000, -25.00000000000000000 ) ) ;
#528 = ADVANCED_FACE ( 'NONE', ( #4453 ), #2393, .T. ) ;
#529 = ORIENTED_EDGE ( 'NONE', *, *, #2712, .T. ) ;
#530 = VERTEX_POINT ( 'NONE', #4515 ) ;
#531 = VERTEX_POINT ( 'NONE', #2772 ) ;
#532 = APPLICATION_PROTOCOL_DEFINITION ( 'draft international standard', 'automotive_design', 1998, #1253 ) ;
#533 = FACE_OUTER_BOUND ( 'NONE', #941, .T. ) ;
#534 = CARTESIAN_POINT ( 'NONE',  ( -1.249999999999990008, 2.165063509461059077, -15.00000000000000000 ) ) ;
#535 = DIRECTION ( 'NONE',  ( 1.000000000000000000, 0.000000000000000000, -0.000000000000000000 ) ) ;
#536 = EDGE_CURVE ( 'NONE', #2093, #3079, #374, .T. ) ;
#537 = ORIENTED_EDGE ( 'NONE', *, *, #1644, .F. ) ;
#538 = DIRECTION ( 'NONE',  ( -1.000000000000000000, 0.000000000000000000, -0.000000000000000000 ) ) ;
#539 = LINE ( 'NONE', #1233, #4242 ) ;
#540 = FACE_OUTER_BOUND ( 'NONE', #733, .T. ) ;
#541 =( NAMED_UNIT ( * ) SI_UNIT ( $, .STERADIAN. ) SOLID_ANGLE_UNIT ( ) );
#542 = CARTESIAN_POINT ( 'NONE',  ( 175.0000000000000000, 0.000000000000000000, 81.90525588832582571 ) ) ;
#543 = EDGE_LOOP ( 'NONE', ( #2281, #577, #3370, #3604 ) ) ;
#544 = UNCERTAINTY_MEASURE_WITH_UNIT (LENGTH_MEASURE( 1.000000000000000082E-05 ), #4124, 'distance_accuracy_value', 'NONE');
#545 = CARTESIAN_POINT ( 'NONE',  ( 6.938893903907228378E-15, -43.56571371417143723, 15.00000000000000000 ) ) ;
#546 =( GEOMETRIC_REPRESENTATION_CONTEXT ( 3 ) GLOBAL_UNCERTAINTY_ASSIGNED_CONTEXT ( ( #1397 ) ) GLOBAL_UNIT_ASSIGNED_CONTEXT ( ( #1108, #779, #4233 ) ) REPRESENTATION_CONTEXT ( 'NONE', 'WORKASPACE' ) );
#547 = PLANE ( 'NONE',  #3125 ) ;
#548 = DIRECTION ( 'NONE',  ( -0.000000000000000000, -0.000000000000000000, -1.000000000000000000 ) ) ;
#549 = AXIS2_PLACEMENT_3D ( 'NONE', #3285, #1484, #4304 ) ;
#550 = ORIENTED_EDGE ( 'NONE', *, *, #4152, .F. ) ;
#551 = AXIS2_PLACEMENT_3D ( 'NONE', #1682, #3794, #650 ) ;
#552 = ORIENTED_EDGE ( 'NONE', *, *, #1728, .F. ) ;
#553 = CARTESIAN_POINT ( 'NONE',  ( 7.135254915624209993, 7.006292692220370100, 15.00000000000000000 ) ) ;
#554 = EDGE_CURVE ( 'NONE', #273, #2708, #3417, .T. ) ;
#555 = AXIS2_PLACEMENT_3D ( 'NONE', #183, #2945, #1519 ) ;
#556 = VECTOR ( 'NONE', #1961, 1000.000000000000000 ) ;
#557 = ORIENTED_EDGE ( 'NONE', *, *, #631, .T. ) ;
#558 = CARTESIAN_POINT ( 'NONE',  ( -35.00000000000000000, 0.000000000000000000, -2.500000000000000000 ) ) ;
#559 = CIRCLE ( 'NONE', #4226, 10.00000000000000000 ) ;
#560 = LINE ( 'NONE', #1694, #1502 ) ;
#561 = CARTESIAN_POINT ( 'NONE',  ( 0.000000000000000000, -4.163336342344337027E-14, 27.50000000000000000 ) ) ;
#562 = PLANE ( 'NONE',  #1433 ) ;
#563 = VECTOR ( 'NONE', #607, 1000.000000000000000 ) ;
#564 = VERTEX_POINT ( 'NONE', #3122 ) ;
#565 = DIRECTION ( 'NONE',  ( 0.8320502943378424998, 0.000000000000000000, -0.5547001962252309237 ) ) ;
#566 = CARTESIAN_POINT ( 'NONE',  ( -24.99999999999999645, 40.00000000000000000, -25.00000000000000355 ) ) ;
#567 = CIRCLE ( 'NONE', #2102, 40.00000000000000000 ) ;
#568 = ADVANCED_FACE ( 'NONE', ( #2482 ), #661, .T. ) ;
#569 = MECHANICAL_DESIGN_GEOMETRIC_PRESENTATION_REPRESENTATION (  '', ( #2539 ), #4087 ) ;
#570 = CARTESIAN_POINT ( 'NONE',  ( 50.00000000000000000, 0.000000000000000000, 0.000000000000000000 ) ) ;
#571 = AXIS2_PLACEMENT_3D ( 'NONE', #3501, #13, #1759 ) ;
#572 = ORIENTED_EDGE ( 'NONE', *, *, #393, .T. ) ;
#573 = LINE ( 'NONE', #2287, #2387 ) ;
#574 = CARTESIAN_POINT ( 'NONE',  ( -2.255140518769849223E-14, -25.00000000000000000, -15.00000000000000000 ) ) ;
#575 = VECTOR ( 'NONE', #2443, 1000.000000000000000 ) ;
#576 = CARTESIAN_POINT ( 'NONE',  ( -42.00000000000000000, 0.000000000000000000, 0.000000000000000000 ) ) ;
#577 = ORIENTED_EDGE ( 'NONE', *, *, #2853, .T. ) ;
#578 = ORIENTED_EDGE ( 'NONE', *, *, #3199, .T. ) ;
#579 = ORIENTED_EDGE ( 'NONE', *, *, #3550, .F. ) ;
#580 = FACE_BOUND ( 'NONE', #2164, .T. ) ;
#581 = LINE ( 'NONE', #3101, #2882 ) ;
#582 = CARTESIAN_POINT ( 'NONE',  ( -7.135254915624210881, -7.006292692220368323, 15.00000000000000000 ) ) ;
#583 = CARTESIAN_POINT ( 'NONE',  ( 50.00000000000000000, 0.000000000000000000, 17.50000000000000000 ) ) ;
#584 = EDGE_CURVE ( 'NONE', #799, #1107, #45, .T. ) ;
#585 = EDGE_LOOP ( 'NONE', ( #578, #2940, #3398, #435 ) ) ;
#586 = DIRECTION ( 'NONE',  ( -1.000000000000000000, 0.000000000000000000, -0.000000000000000000 ) ) ;
#587 = DIRECTION ( 'NONE',  ( 0.000000000000000000, 0.000000000000000000, 1.000000000000000000 ) ) ;
#588 = CARTESIAN_POINT ( 'NONE',  ( -22.99999999999998934, 3.000000000000000000, -65.00000000000001421 ) ) ;
#589 = ADVANCED_FACE ( 'NONE', ( #2431 ), #980, .F. ) ;
#590 = CARTESIAN_POINT ( 'NONE',  ( -126.0000000000000000, 1.500000000000000000, 0.000000000000000000 ) ) ;
#591 = EDGE_CURVE ( 'NONE', #2584, #2648, #567, .T. ) ;
#592 = ORIENTED_EDGE ( 'NONE', *, *, #2123, .F. ) ;
#593 = CARTESIAN_POINT ( 'NONE',  ( 0.000000000000000000, 0.000000000000000000, 0.000000000000000000 ) ) ;
#594 = DIRECTION ( 'NONE',  ( -0.000000000000000000, -1.000000000000000000, -0.000000000000000000 ) ) ;
#595 = CARTESIAN_POINT ( 'NONE',  ( -32.49999999999999289, -30.00000000000000000, 2.000000000000000000 ) ) ;
#596 = EDGE_CURVE ( 'NONE', #3991, #2574, #4497, .T. ) ;
#597 = EDGE_LOOP ( 'NONE', ( #1503, #486, #1252, #1545 ) ) ;
#598 = ORIENTED_EDGE ( 'NONE', *, *, #1929, .T. ) ;
#599 = CARTESIAN_POINT ( 'NONE',  ( 88.46153846153887912, 3.000000000000000000, -132.6923076923077076 ) ) ;
#600 = ORIENTED_EDGE ( 'NONE', *, *, #238, .T. ) ;
#601 = CARTESIAN_POINT ( 'NONE',  ( 158.0000000000000000, 0.000000000000000000, 50.00000000000001421 ) ) ;
#602 = CARTESIAN_POINT ( 'NONE',  ( 0.000000000000000000, 0.000000000000000000, 90.00000000000000000 ) ) ;
#603 = CARTESIAN_POINT ( 'NONE',  ( 15.00000000000000000, -4.163336342344337027E-14, 27.50000000000000000 ) ) ;
#604 = CARTESIAN_POINT ( 'NONE',  ( 0.000000000000000000, 0.000000000000000000, -15.00000000000000000 ) ) ;
#605 = ORIENTED_EDGE ( 'NONE', *, *, #2252, .T. ) ;
#606 = CARTESIAN_POINT ( 'NONE',  ( 23.00000000000000711, 3.000000000000000000, -135.0000000000000000 ) ) ;
#607 = DIRECTION ( 'NONE',  ( -1.000000000000000000, -0.000000000000000000, -0.000000000000000000 ) ) ;
#608 = DIRECTION ( 'NONE',  ( -1.000000000000000000, -0.000000000000000000, -0.000000000000000000 ) ) ;
#609 = ORIENTED_EDGE ( 'NONE', *, *, #2889, .F. ) ;
#610 = DIRECTION ( 'NONE',  ( 0.000000000000000000, 0.000000000000000000, -1.000000000000000000 ) ) ;
#611 =( LENGTH_UNIT ( ) NAMED_UNIT ( * ) SI_UNIT ( .MILLI., .METRE. ) );
#612 = DIRECTION ( 'NONE',  ( 1.000000000000000000, 0.000000000000000000, 0.000000000000000000 ) ) ;
#613 = CARTESIAN_POINT ( 'NONE',  ( 15.00000000000000000, -4.163336342344337027E-14, -27.50000000000000000 ) ) ;
#614 = EDGE_CURVE ( 'NONE', #887, #4004, #2732, .T. ) ;
#615 = ORIENTED_EDGE ( 'NONE', *, *, #2647, .T. ) ;
#616 = DIRECTION ( 'NONE',  ( 0.000000000000000000, 0.000000000000000000, -1.000000000000000000 ) ) ;
#617 = ORIENTED_EDGE ( 'NONE', *, *, #178, .T. ) ;
#618 = VECTOR ( 'NONE', #1674, 1000.000000000000000 ) ;
#619 = FACE_BOUND ( 'NONE', #1562, .T. ) ;
#620 = CYLINDRICAL_SURFACE ( 'NONE', #206, 17.50000000000000000 ) ;
#621 = VECTOR ( 'NONE', #2842, 1000.000000000000000 ) ;
#622 = DIRECTION ( 'NONE',  ( -0.8660254037844379305, -0.5000000000000014433, 0.000000000000000000 ) ) ;
#623 = AXIS2_PLACEMENT_3D ( 'NONE', #715, #1372, #2124 ) ;
#624 = ORIENTED_EDGE ( 'NONE', *, *, #3898, .F. ) ;
#625 =( REPRESENTATION_RELATIONSHIP ('NONE','NONE', #2972, #1704 ) REPRESENTATION_RELATIONSHIP_WITH_TRANSFORMATION ( #1605 )SHAPE_REPRESENTATION_RELATIONSHIP( ) );
#626 = VECTOR ( 'NONE', #2581, 1000.000000000000000 ) ;
#627 = DIRECTION ( 'NONE',  ( 1.000000000000000000, 0.000000000000000000, 0.000000000000000000 ) ) ;
#628 = AXIS2_PLACEMENT_3D ( 'NONE', #2392, #3700, #3015 ) ;
#629 =( NAMED_UNIT ( * ) PLANE_ANGLE_UNIT ( ) SI_UNIT ( $, .RADIAN. ) );
#630 = DIRECTION ( 'NONE',  ( 0.000000000000000000, 0.000000000000000000, -1.000000000000000000 ) ) ;
#631 = EDGE_CURVE ( 'NONE', #1423, #2778, #1388, .T. ) ;
#632 = ORIENTED_EDGE ( 'NONE', *, *, #614, .T. ) ;
#633 = VECTOR ( 'NONE', #2, 1000.000000000000000 ) ;
#634 = DIRECTION ( 'NONE',  ( -0.000000000000000000, 0.000000000000000000, 1.000000000000000000 ) ) ;
#635 = AXIS2_PLACEMENT_3D ( 'NONE', #4340, #2240, #4011 ) ;
#636 = CARTESIAN_POINT ( 'NONE',  ( 175.0000000000000000, -39.23667800049894794, 49.83727453252841855 ) ) ;
#637 = CIRCLE ( 'NONE', #3207, 17.50000000000000000 ) ;
#638 = CARTESIAN_POINT ( 'NONE',  ( 15.00000000000000000, 52.50000000000000000, 5.204170427930421283E-15 ) ) ;
#639 = EDGE_CURVE ( 'NONE', #2727, #3875, #3442, .T. ) ;
#640 = ORIENTED_EDGE ( 'NONE', *, *, #4178, .T. ) ;
#641 = ADVANCED_FACE ( 'NONE', ( #4161 ), #1695, .F. ) ;
#642 = ORIENTED_EDGE ( 'NONE', *, *, #1972, .T. ) ;
#643 = CARTESIAN_POINT ( 'NONE',  ( 0.000000000000000000, 0.000000000000000000, 0.000000000000000000 ) ) ;
#644 = CONTEXT_DEPENDENT_SHAPE_REPRESENTATION ( #1168, #2568 ) ;
#645 = DIRECTION ( 'NONE',  ( 0.000000000000000000, 0.000000000000000000, 1.000000000000000000 ) ) ;
#646 = DIRECTION ( 'NONE',  ( -1.000000000000000000, 0.000000000000000000, -4.336808689942017736E-16 ) ) ;
#647 = CYLINDRICAL_SURFACE ( 'NONE', #2445, 10.00000000000000000 ) ;
#648 = VERTEX_POINT ( 'NONE', #4232 ) ;
#649 = CARTESIAN_POINT ( 'NONE',  ( 32.50000000000000000, 30.00000000000000000, -25.00000000000000000 ) ) ;
#650 = DIRECTION ( 'NONE',  ( 1.000000000000000000, 0.000000000000000000, 0.000000000000000000 ) ) ;
#651 = DIRECTION ( 'NONE',  ( -1.000000000000000000, -0.000000000000000000, -0.000000000000000000 ) ) ;
#652 = ORIENTED_EDGE ( 'NONE', *, *, #3752, .F. ) ;
#653 = DIRECTION ( 'NONE',  ( 1.000000000000000000, 0.000000000000000000, 0.000000000000000000 ) ) ;
#654 = LINE ( 'NONE', #3027, #1960 ) ;
#655 = ORIENTED_EDGE ( 'NONE', *, *, #4013, .F. ) ;
#656 = ADVANCED_FACE ( 'NONE', ( #3458 ), #3880, .F. ) ;
#657 = ORIENTED_EDGE ( 'NONE', *, *, #1926, .F. ) ;
#658 = FACE_OUTER_BOUND ( 'NONE', #3342, .T. ) ;
#659 = DIRECTION ( 'NONE',  ( -0.000000000000000000, -1.000000000000000000, -0.000000000000000000 ) ) ;
#660 = DIRECTION ( 'NONE',  ( -0.000000000000000000, 0.000000000000000000, 1.000000000000000000 ) ) ;
#661 = CYLINDRICAL_SURFACE ( 'NONE', #2537, 1.500000000000000222 ) ;
#662 = CARTESIAN_POINT ( 'NONE',  ( 126.0000000000000000, 3.000000000000000000, -50.00000000000000000 ) ) ;
#663 = EDGE_CURVE ( 'NONE', #2286, #1152, #1005, .T. ) ;
#664 = VERTEX_POINT ( 'NONE', #3483 ) ;
#665 = PLANE ( 'NONE',  #2534 ) ;
#666 = LINE ( 'NONE', #2074, #928 ) ;
#667 = EDGE_CURVE ( 'NONE', #1645, #365, #1720, .T. ) ;
#668 = ORIENTED_EDGE ( 'NONE', *, *, #2647, .F. ) ;
#669 = ORIENTED_EDGE ( 'NONE', *, *, #554, .F. ) ;
#670 = CARTESIAN_POINT ( 'NONE',  ( 34.50000000000000000, 0.000000000000000000, -25.00000000000000000 ) ) ;
#671 = LINE ( 'NONE', #2107, #1586 ) ;
#672 = FACE_OUTER_BOUND ( 'NONE', #2188, .T. ) ;
#673 = ORIENTED_EDGE ( 'NONE', *, *, #2658, .T. ) ;
#674 = VECTOR ( 'NONE', #1966, 1000.000000000000000 ) ;
#675 = ADVANCED_FACE ( 'NONE', ( #4204, #1041 ), #2142, .T. ) ;
#676 = ORIENTED_EDGE ( 'NONE', *, *, #132, .T. ) ;
#677 = FACE_OUTER_BOUND ( 'NONE', #2316, .T. ) ;
#678 = DIRECTION ( 'NONE',  ( -0.000000000000000000, 0.000000000000000000, 1.000000000000000000 ) ) ;
#679 = SURFACE_STYLE_FILL_AREA ( #3193 ) ;
#680 = ORIENTED_EDGE ( 'NONE', *, *, #2412, .T. ) ;
#681 = VECTOR ( 'NONE', #1317, 1000.000000000000000 ) ;
#682 = ORIENTED_EDGE ( 'NONE', *, *, #1828, .F. ) ;
#683 = VERTEX_POINT ( 'NONE', #2375 ) ;
#684 =( LENGTH_UNIT ( ) NAMED_UNIT ( * ) SI_UNIT ( .MILLI., .METRE. ) );
#685 = CARTESIAN_POINT ( 'NONE',  ( 221.0000000000000000, 20.49999999999998934, 80.77116863891397713 ) ) ;
#686 = PLANE ( 'NONE',  #1945 ) ;
#687 = VECTOR ( 'NONE', #2777, 1000.000000000000000 ) ;
#688 = DIRECTION ( 'NONE',  ( 0.000000000000000000, 0.000000000000000000, -1.000000000000000000 ) ) ;
#689 = EDGE_CURVE ( 'NONE', #2665, #273, #1949, .T. ) ;
#690 = AXIS2_PLACEMENT_3D ( 'NONE', #953, #634, #3735 ) ;
#691 = ORIENTED_EDGE ( 'NONE', *, *, #3970, .F. ) ;
#692 = ORIENTED_EDGE ( 'NONE', *, *, #3251, .T. ) ;
#693 = ADVANCED_FACE ( 'NONE', ( #396 ), #1437, .F. ) ;
#694 = CARTESIAN_POINT ( 'NONE',  ( -32.49999999999999289, -30.00000000000000000, 0.000000000000000000 ) ) ;
#695 = DIRECTION ( 'NONE',  ( 1.000000000000000000, 0.000000000000000000, 0.000000000000000000 ) ) ;
#696 = PRODUCT ( 'ESC', 'ESC', '', ( #2206 ) ) ;
#697 = VECTOR ( 'NONE', #233, 1000.000000000000000 ) ;
#698 = CARTESIAN_POINT ( 'NONE',  ( 175.0000000000000000, 3.000000000000000000, 135.0000000000000000 ) ) ;
#699 = CARTESIAN_POINT ( 'NONE',  ( -126.0000000000000000, 3.000000000000000000, -50.00000000000000000 ) ) ;
#700 = ORIENTED_EDGE ( 'NONE', *, *, #667, .T. ) ;
#701 =( GEOMETRIC_REPRESENTATION_CONTEXT ( 3 ) GLOBAL_UNCERTAINTY_ASSIGNED_CONTEXT ( ( #3153 ) ) GLOBAL_UNIT_ASSIGNED_CONTEXT ( ( #481, #4020, #4369 ) ) REPRESENTATION_CONTEXT ( 'NONE', 'WORKASPACE' ) );
#702 = CARTESIAN_POINT ( 'NONE',  ( 0.000000000000000000, 0.000000000000000000, 0.000000000000000000 ) ) ;
#703 = AXIS2_PLACEMENT_3D ( 'NONE', #2454, #3102, #20 ) ;
#704 = VECTOR ( 'NONE', #594, 1000.000000000000000 ) ;
#705 = VECTOR ( 'NONE', #4110, 1000.000000000000000 ) ;
#706 = VERTEX_POINT ( 'NONE', #2610 ) ;
#707 = CLOSED_SHELL ( 'NONE', ( #2021, #1295, #221, #3499, #2317, #778, #3360 ) ) ;
#708 = LINE ( 'NONE', #2752, #1271 ) ;
#709 = DIRECTION ( 'NONE',  ( 1.000000000000000000, 0.000000000000000000, -1.982541115402066096E-16 ) ) ;
#710 = VECTOR ( 'NONE', #794, 1000.000000000000114 ) ;
#711 = EDGE_LOOP ( 'NONE', ( #624, #1197, #310, #3131, #2793, #2468, #1000, #3010, #4366, #1646 ) ) ;
#712 = VERTEX_POINT ( 'NONE', #3904 ) ;
#713 = CYLINDRICAL_SURFACE ( 'NONE', #2096, 39.52847075210474515 ) ;
#714 = VECTOR ( 'NONE', #3492, 999.9999999999998863 ) ;
#715 = CARTESIAN_POINT ( 'NONE',  ( 0.000000000000000000, 0.000000000000000000, 35.00000000000000000 ) ) ;
#716 = EDGE_CURVE ( 'NONE', #2127, #1665, #1282, .T. ) ;
#717 = CARTESIAN_POINT ( 'NONE',  ( 175.0000000000000000, 3.000000000000000000, 135.0000000000000000 ) ) ;
#718 = CARTESIAN_POINT ( 'NONE',  ( 34.50000000000000000, 0.000000000000000000, -25.00000000000000000 ) ) ;
#719 = ORIENTED_EDGE ( 'NONE', *, *, #1512, .T. ) ;
#720 = ORIENTED_EDGE ( 'NONE', *, *, #667, .F. ) ;
#721 = LINE ( 'NONE', #694, #343 ) ;
#722 = DIRECTION ( 'NONE',  ( -1.000000000000000000, -0.000000000000000000, -0.000000000000000000 ) ) ;
#723 = DIRECTION ( 'NONE',  ( 0.000000000000000000, -0.000000000000000000, -1.000000000000000000 ) ) ;
#724 = EDGE_CURVE ( 'NONE', #4327, #215, #196, .T. ) ;
#725 = ORIENTED_EDGE ( 'NONE', *, *, #2202, .T. ) ;
#726 = UNCERTAINTY_MEASURE_WITH_UNIT (LENGTH_MEASURE( 1.000000000000000082E-05 ), #3814, 'distance_accuracy_value', 'NONE');
#727 = CARTESIAN_POINT ( 'NONE',  ( -35.00000000000000000, 3.061616997868383141E-16, 2.500000000000000000 ) ) ;
#728 = EDGE_CURVE ( 'NONE', #3119, #3503, #2469, .T. ) ;
#729 = ORIENTED_EDGE ( 'NONE', *, *, #1512, .F. ) ;
#730 = DIRECTION ( 'NONE',  ( 1.000000000000000000, 0.000000000000000000, 0.000000000000000000 ) ) ;
#731 = DIRECTION ( 'NONE',  ( 0.000000000000000000, -0.7857142857142858094, -0.6185895741317418706 ) ) ;
#732 = CARTESIAN_POINT ( 'NONE',  ( 85.00000000000035527, 3.000000000000000000, -135.0000000000000284 ) ) ;
#733 = EDGE_LOOP ( 'NONE', ( #2575, #3733, #1549, #1832 ) ) ;
#734 = ORIENTED_EDGE ( 'NONE', *, *, #3303, .T. ) ;
#735 = PLANE ( 'NONE',  #919 ) ;
#736 = DIRECTION ( 'NONE',  ( 1.104657744935880251E-16, 0.3541388355909705354, 0.9351928598563356010 ) ) ;
#737 = CARTESIAN_POINT ( 'NONE',  ( 175.0000000000000000, -38.30879363930133508, 48.65870310395699505 ) ) ;
#738 = CARTESIAN_POINT ( 'NONE',  ( -24.99999999999999645, 40.00000000000000000, 24.99999999999999645 ) ) ;
#739 = ORIENTED_EDGE ( 'NONE', *, *, #1191, .T. ) ;
#740 = ORIENTED_EDGE ( 'NONE', *, *, #1219, .F. ) ;
#741 = FACE_OUTER_BOUND ( 'NONE', #2936, .T. ) ;
#742 = CARTESIAN_POINT ( 'NONE',  ( 34.50000000000000000, -10.77032961426899860, -53.00000000000000711 ) ) ;
#743 = DIRECTION ( 'NONE',  ( 0.000000000000000000, -1.000000000000000000, 0.000000000000000000 ) ) ;
#744 = EDGE_LOOP ( 'NONE', ( #1429, #1279 ) ) ;
#745 = PLANE ( 'NONE',  #2695 ) ;
#746 = ADVANCED_FACE ( 'NONE', ( #2289 ), #3298, .T. ) ;
#747 = EDGE_CURVE ( 'NONE', #1291, #3991, #1240, .T. ) ;
#748 = ORIENTED_EDGE ( 'NONE', *, *, #2933, .F. ) ;
#749 = VECTOR ( 'NONE', #1559, 1000.000000000000000 ) ;
#750 = DIRECTION ( 'NONE',  ( 0.000000000000000000, 0.000000000000000000, -1.000000000000000000 ) ) ;
#751 = DIRECTION ( 'NONE',  ( 1.000000000000000000, 0.000000000000000000, 0.000000000000000000 ) ) ;
#752 = CARTESIAN_POINT ( 'NONE',  ( 175.0000000000000000, 55.57211563880239424, 124.4798416177933831 ) ) ;
#753 = ORIENTED_EDGE ( 'NONE', *, *, #3365, .T. ) ;
#754 = CARTESIAN_POINT ( 'NONE',  ( 34.50000000000000000, -30.00000000000000000, -25.00000000000000000 ) ) ;
#755 = DIRECTION ( 'NONE',  ( 1.000000000000000000, 0.000000000000000000, 0.000000000000000000 ) ) ;
#756 =( GEOMETRIC_REPRESENTATION_CONTEXT ( 3 ) GLOBAL_UNCERTAINTY_ASSIGNED_CONTEXT ( ( #2928 ) ) GLOBAL_UNIT_ASSIGNED_CONTEXT ( ( #1678, #1343, #2418 ) ) REPRESENTATION_CONTEXT ( 'NONE', 'WORKASPACE' ) );
#757 = DIRECTION ( 'NONE',  ( -1.000000000000000000, 0.000000000000000000, 0.000000000000000000 ) ) ;
#758 = PLANE ( 'NONE',  #2754 ) ;
#759 = DIRECTION ( 'NONE',  ( -0.000000000000000000, -0.000000000000000000, -1.000000000000000000 ) ) ;
#760 = AXIS2_PLACEMENT_3D ( 'NONE', #1337, #2750, #1002 ) ;
#761 = ORIENTED_EDGE ( 'NONE', *, *, #4472, .F. ) ;
#762 = ORIENTED_EDGE ( 'NONE', *, *, #1103, .T. ) ;
#763 = CYLINDRICAL_SURFACE ( 'NONE', #1871, 39.52847075210475936 ) ;
#764 = VECTOR ( 'NONE', #3061, 1000.000000000000000 ) ;
#765 = PRESENTATION_STYLE_ASSIGNMENT (( #2005 ) ) ;
#766 = AXIS2_PLACEMENT_3D ( 'NONE', #3577, #442, #1834 ) ;
#767 = LINE ( 'NONE', #2133, #4012 ) ;
#768 = AXIS2_PLACEMENT_3D ( 'NONE', #801, #205, #4307 ) ;
#769 = SHAPE_REPRESENTATION ( 'Wheel', ( #2662 ), #1712 ) ;
#770 = ORIENTED_EDGE ( 'NONE', *, *, #1900, .T. ) ;
#771 = DIRECTION ( 'NONE',  ( 0.000000000000000000, -0.6185895741317427587, 0.7857142857142850323 ) ) ;
#772 = AXIS2_PLACEMENT_3D ( 'NONE', #2057, #3094, #610 ) ;
#773 = VECTOR ( 'NONE', #2023, 1000.000000000000000 ) ;
#774 = EDGE_CURVE ( 'NONE', #2890, #2001, #1902, .T. ) ;
#775 = PRODUCT ( 'Base_plate', 'Base_plate', '', ( #2961 ) ) ;
#776 = PRESENTATION_LAYER_ASSIGNMENT (  '', '', ( #3932 ) ) ;
#777 = ORIENTED_EDGE ( 'NONE', *, *, #774, .F. ) ;
#778 = ADVANCED_FACE ( 'NONE', ( #1086 ), #2955, .T. ) ;
#779 =( NAMED_UNIT ( * ) PLANE_ANGLE_UNIT ( ) SI_UNIT ( $, .RADIAN. ) );
#780 = EDGE_CURVE ( 'NONE', #796, #176, #3009, .T. ) ;
#781 = VERTEX_POINT ( 'NONE', #422 ) ;
#782 = VECTOR ( 'NONE', #2666, 1000.000000000000000 ) ;
#783 = CARTESIAN_POINT ( 'NONE',  ( 221.0000000000000000, 2.999999999999959144, -12.50000000000009059 ) ) ;
#784 = DIRECTION ( 'NONE',  ( 3.160203005648505647E-17, -1.000000000000000000, 0.000000000000000000 ) ) ;
#785 = VECTOR ( 'NONE', #2217, 1000.000000000000000 ) ;
#786 = CARTESIAN_POINT ( 'NONE',  ( 17.50000000000000000, 2.143131898507867854E-15, 0.000000000000000000 ) ) ;
#787 = PLANE ( 'NONE',  #3873 ) ;
#788 = ORIENTED_EDGE ( 'NONE', *, *, #1150, .T. ) ;
#789 = CARTESIAN_POINT ( 'NONE',  ( 0.000000000000000000, 1.500000000000000000, -149.9999999999999716 ) ) ;
#790 = CARTESIAN_POINT ( 'NONE',  ( 7.500000000000000000, 0.000000000000000000, 0.000000000000000000 ) ) ;
#791 = LINE ( 'NONE', #1498, #3354 ) ;
#792 = LINE ( 'NONE', #1918, #3062 ) ;
#793 = ORIENTED_EDGE ( 'NONE', *, *, #510, .F. ) ;
#794 = DIRECTION ( 'NONE',  ( 0.000000000000000000, -0.6185895741317427587, 0.7857142857142850323 ) ) ;
#795 = EDGE_CURVE ( 'NONE', #838, #471, #3645, .T. ) ;
#796 = VERTEX_POINT ( 'NONE', #220 ) ;
#797 = EDGE_CURVE ( 'NONE', #49, #3119, #3217, .T. ) ;
#798 = CARTESIAN_POINT ( 'NONE',  ( 21.00000000000000355, -11.49999999999999822, 150.0000000000000000 ) ) ;
#799 = VERTEX_POINT ( 'NONE', #1172 ) ;
#800 = SHAPE_DEFINITION_REPRESENTATION ( #2247, #1053 ) ;
#801 = CARTESIAN_POINT ( 'NONE',  ( 0.000000000000000000, 0.000000000000000000, 0.000000000000000000 ) ) ;
#802 = CARTESIAN_POINT ( 'NONE',  ( -7.500000000000000000, 0.000000000000000000, 0.000000000000000000 ) ) ;
#803 = EDGE_LOOP ( 'NONE', ( #4282, #3511, #1044, #1986, #2679, #3132, #748, #3116, #2159, #261 ) ) ;
#804 = ORIENTED_EDGE ( 'NONE', *, *, #4077, .T. ) ;
#805 = CARTESIAN_POINT ( 'NONE',  ( -24.99999999999999645, 0.000000000000000000, 24.99999999999999645 ) ) ;
#806 = ADVANCED_FACE ( 'NONE', ( #3348 ), #3989, .F. ) ;
#807 = DIRECTION ( 'NONE',  ( 0.000000000000000000, 0.000000000000000000, -1.000000000000000000 ) ) ;
#808 = ORIENTED_EDGE ( 'NONE', *, *, #2635, .T. ) ;
#809 = CARTESIAN_POINT ( 'NONE',  ( -158.0000000000000000, 0.000000000000000000, 50.00000000000001421 ) ) ;
#810 = SURFACE_STYLE_USAGE ( .BOTH. , #4343 ) ;
#811 = ORIENTED_EDGE ( 'NONE', *, *, #1700, .T. ) ;
#812 = ORIENTED_EDGE ( 'NONE', *, *, #4347, .F. ) ;
#813 = LINE ( 'NONE', #3032, #911 ) ;
#814 = ADVANCED_FACE ( 'NONE', ( #1923 ), #3318, .T. ) ;
#815 = ORIENTED_EDGE ( 'NONE', *, *, #1237, .T. ) ;
#816 = LINE ( 'NONE', #2551, #3110 ) ;
#817 = SHAPE_DEFINITION_REPRESENTATION ( #457, #769 ) ;
#818 = FACE_BOUND ( 'NONE', #66, .T. ) ;
#819 = PRODUCT_DEFINITION_FORMATION_WITH_SPECIFIED_SOURCE ( 'ANY', '', #3636, .NOT_KNOWN. ) ;
#820 = CYLINDRICAL_SURFACE ( 'NONE', #490, 30.00000000000000000 ) ;
#821 = CARTESIAN_POINT ( 'NONE',  ( 7.500000000000000000, 0.000000000000000000, 0.000000000000000000 ) ) ;
#822 = EDGE_CURVE ( 'NONE', #1435, #215, #2631, .T. ) ;
#823 = ORIENTED_EDGE ( 'NONE', *, *, #780, .T. ) ;
#824 = DIRECTION ( 'NONE',  ( 0.000000000000000000, 0.000000000000000000, -1.000000000000000000 ) ) ;
#825 = VECTOR ( 'NONE', #2548, 1000.000000000000000 ) ;
#826 = FACE_OUTER_BOUND ( 'NONE', #3172, .T. ) ;
#827 =( NAMED_UNIT ( * ) SI_UNIT ( $, .STERADIAN. ) SOLID_ANGLE_UNIT ( ) );
#828 = EDGE_CURVE ( 'NONE', #1201, #472, #906, .T. ) ;
#829 = LINE ( 'NONE', #1186, #2546 ) ;
#830 = LINE ( 'NONE', #1187, #4312 ) ;
#831 = ADVANCED_FACE ( 'NONE', ( #2701 ), #1708, .F. ) ;
#832 = ORIENTED_EDGE ( 'NONE', *, *, #3199, .F. ) ;
#833 = CIRCLE ( 'NONE', #2669, 11.00000000000000355 ) ;
#834 = LINE ( 'NONE', #2242, #1270 ) ;
#835 = DIRECTION ( 'NONE',  ( -1.000000000000000000, -0.000000000000000000, -0.000000000000000000 ) ) ;
#836 = CIRCLE ( 'NONE', #2168, 39.52847075210476646 ) ;
#837 = CARTESIAN_POINT ( 'NONE',  ( 15.00000000000000000, -4.163336342344337027E-14, 27.50000000000000000 ) ) ;
#838 = VERTEX_POINT ( 'NONE', #1975 ) ;
#839 = VECTOR ( 'NONE', #4016, 1000.000000000000000 ) ;
#840 = ORIENTED_EDGE ( 'NONE', *, *, #4131, .T. ) ;
#841 = VECTOR ( 'NONE', #4477, 1000.000000000000000 ) ;
#842 = CIRCLE ( 'NONE', #3120, 10.00000000000000000 ) ;
#843 = AXIS2_PLACEMENT_3D ( 'NONE', #3701, #3016, #3376 ) ;
#844 = ORIENTED_EDGE ( 'NONE', *, *, #4131, .F. ) ;
#845 = PRODUCT ( 'Top_Plate', 'Top_Plate', '', ( #1908 ) ) ;
#846 =( NAMED_UNIT ( * ) SI_UNIT ( $, .STERADIAN. ) SOLID_ANGLE_UNIT ( ) );
#847 = SHAPE_DEFINITION_REPRESENTATION ( #1089, #4040 ) ;
#848 = VECTOR ( 'NONE', #3800, 999.9999999999998863 ) ;
#849 = FACE_OUTER_BOUND ( 'NONE', #306, .T. ) ;
#850 = CARTESIAN_POINT ( 'NONE',  ( 34.50000000000000000, 0.000000000000000000, 2.000000000000000000 ) ) ;
#851 = CARTESIAN_POINT ( 'NONE',  ( 0.000000000000000000, 0.000000000000000000, 50.00000000000001421 ) ) ;
#852 = ORIENTED_EDGE ( 'NONE', *, *, #108, .T. ) ;
#853 = FACE_OUTER_BOUND ( 'NONE', #1331, .T. ) ;
#854 = DIRECTION ( 'NONE',  ( -0.000000000000000000, -0.000000000000000000, -1.000000000000000000 ) ) ;
#855 = PRODUCT_DEFINITION ( 'UNKNOWN', '', #1479, #4416 ) ;
#856 = LINE ( 'NONE', #4363, #785 ) ;
#857 = VECTOR ( 'NONE', #3042, 1000.000000000000000 ) ;
#858 =( REPRESENTATION_RELATIONSHIP ('NONE','NONE', #3096, #4206 ) REPRESENTATION_RELATIONSHIP_WITH_TRANSFORMATION ( #1003 )SHAPE_REPRESENTATION_RELATIONSHIP( ) );
#859 = DIRECTION ( 'NONE',  ( 0.000000000000000000, 0.000000000000000000, 1.000000000000000000 ) ) ;
#860 = CIRCLE ( 'NONE', #2259, 17.50000000000000000 ) ;
#861 = ORIENTED_EDGE ( 'NONE', *, *, #4283, .F. ) ;
#862 = CARTESIAN_POINT ( 'NONE',  ( 0.000000000000000000, 3.000000000000000000, -135.0000000000000000 ) ) ;
#863 = AXIS2_PLACEMENT_3D ( 'NONE', #1798, #1773, #3171 ) ;
#864 = EDGE_CURVE ( 'NONE', #3576, #192, #654, .T. ) ;
#865 = DIRECTION ( 'NONE',  ( 0.000000000000000000, 0.000000000000000000, -1.000000000000000000 ) ) ;
#866 = ORIENTED_EDGE ( 'NONE', *, *, #3226, .T. ) ;
#867 = ORIENTED_EDGE ( 'NONE', *, *, #3085, .F. ) ;
#868 = PLANE ( 'NONE',  #2971 ) ;
#869 = EDGE_CURVE ( 'NONE', #1995, #441, #3438, .T. ) ;
#870 = EDGE_LOOP ( 'NONE', ( #32, #2426, #2101, #1154 ) ) ;
#871 = SURFACE_STYLE_USAGE ( .BOTH. , #3972 ) ;
#872 = APPLICATION_PROTOCOL_DEFINITION ( 'draft international standard', 'automotive_design', 1998, #1315 ) ;
#873 = CARTESIAN_POINT ( 'NONE',  ( 34.50000000000000000, 30.00000000000000000, -25.00000000000000000 ) ) ;
#874 = CARTESIAN_POINT ( 'NONE',  ( -24.99999999999999645, 40.00000000000000000, 24.99999999999999645 ) ) ;
#875 = DIRECTION ( 'NONE',  ( -1.000000000000000000, -0.000000000000000000, -0.000000000000000000 ) ) ;
#876 = ORIENTED_EDGE ( 'NONE', *, *, #4013, .T. ) ;
#877 = DIRECTION ( 'NONE',  ( 0.000000000000000000, 0.000000000000000000, -1.000000000000000000 ) ) ;
#878 = DIRECTION ( 'NONE',  ( 0.000000000000000000, 1.000000000000000000, -0.000000000000000000 ) ) ;
#879 = FACE_OUTER_BOUND ( 'NONE', #3510, .T. ) ;
#880 = CARTESIAN_POINT ( 'NONE',  ( 0.000000000000000000, 3.061616997868383141E-16, 2.500000000000000000 ) ) ;
#881 = DIRECTION ( 'NONE',  ( -0.000000000000000000, 0.000000000000000000, 1.000000000000000000 ) ) ;
#882 = EDGE_CURVE ( 'NONE', #1304, #4246, #954, .T. ) ;
#883 = ORIENTED_EDGE ( 'NONE', *, *, #923, .T. ) ;
#884 = DIRECTION ( 'NONE',  ( -0.000000000000000000, -1.000000000000000000, -0.000000000000000000 ) ) ;
#885 = CARTESIAN_POINT ( 'NONE',  ( -158.0000000000000000, 0.000000000000000000, -49.99999999999998579 ) ) ;
#886 = DIRECTION ( 'NONE',  ( -1.000000000000000000, 0.000000000000000000, -4.336808689942017736E-16 ) ) ;
#887 = VERTEX_POINT ( 'NONE', #3369 ) ;
#888 = ORIENTED_EDGE ( 'NONE', *, *, #266, .F. ) ;
#889 = LINE ( 'NONE', #4373, #4223 ) ;
#890 = EDGE_CURVE ( 'NONE', #3576, #4224, #3715, .T. ) ;
#891 = EDGE_CURVE ( 'NONE', #2584, #2849, #3075, .T. ) ;
#892 = ORIENTED_EDGE ( 'NONE', *, *, #1038, .F. ) ;
#893 = CARTESIAN_POINT ( 'NONE',  ( 7.135254915624209993, 7.006292692220370100, 15.00000000000000000 ) ) ;
#894 = ITEM_DEFINED_TRANSFORMATION ( 'NONE', 'NONE', #1714,  #2662 ) ;
#895 = LINE ( 'NONE', #4118, #841 ) ;
#896 = CARTESIAN_POINT ( 'NONE',  ( 25.00000000000000355, 40.00000000000000000, 24.99999999999999645 ) ) ;
#897 = DIRECTION ( 'NONE',  ( -0.000000000000000000, -1.000000000000000000, -0.000000000000000000 ) ) ;
#898 = ORIENTED_EDGE ( 'NONE', *, *, #940, .T. ) ;
#899 = FACE_BOUND ( 'NONE', #983, .T. ) ;
#900 = DIRECTION ( 'NONE',  ( -0.000000000000000000, -1.000000000000000000, -0.000000000000000000 ) ) ;
#901 = DIRECTION ( 'NONE',  ( 1.000000000000000000, 0.000000000000000000, 0.000000000000000000 ) ) ;
#902 = VERTEX_POINT ( 'NONE', #1689 ) ;
#903 = PRODUCT_DEFINITION_CONTEXT ( 'detailed design', #1021, 'design' ) ;
#904 = LINE ( 'NONE', #3664, #913 ) ;
#905 =( GEOMETRIC_REPRESENTATION_CONTEXT ( 3 ) GLOBAL_UNCERTAINTY_ASSIGNED_CONTEXT ( ( #4043 ) ) GLOBAL_UNIT_ASSIGNED_CONTEXT ( ( #1612, #2332, #1348 ) ) REPRESENTATION_CONTEXT ( 'NONE', 'WORKASPACE' ) );
#906 = LINE ( 'NONE', #4421, #2183 ) ;
#907 = VECTOR ( 'NONE', #3037, 1000.000000000000000 ) ;
#908 = ORIENTED_EDGE ( 'NONE', *, *, #1385, .T. ) ;
#909 = PRODUCT_DEFINITION_FORMATION_WITH_SPECIFIED_SOURCE ( 'ANY', '', #1166, .NOT_KNOWN. ) ;
#910 = EDGE_LOOP ( 'NONE', ( #2957, #2902, #3580, #1623 ) ) ;
#911 = VECTOR ( 'NONE', #2614, 1000.000000000000000 ) ;
#912 = EDGE_CURVE ( 'NONE', #3717, #288, #2676, .T. ) ;
#913 = VECTOR ( 'NONE', #155, 999.9999999999998863 ) ;
#914 = VECTOR ( 'NONE', #3038, 999.9999999999998863 ) ;
#915 = VERTEX_POINT ( 'NONE', #2407 ) ;
#916 = EDGE_CURVE ( 'NONE', #4208, #2636, #2613, .T. ) ;
#917 = LINE ( 'NONE', #2047, #3471 ) ;
#918 = CONTEXT_DEPENDENT_SHAPE_REPRESENTATION ( #625, #492 ) ;
#919 = AXIS2_PLACEMENT_3D ( 'NONE', #4258, #2070, #3200 ) ;
#920 = CARTESIAN_POINT ( 'NONE',  ( 25.00000000000000355, 40.00000000000000000, 24.99999999999999645 ) ) ;
#921 = PLANE ( 'NONE',  #1954 ) ;
#922 = DIRECTION ( 'NONE',  ( -1.000000000000000000, 0.000000000000000000, 0.000000000000000000 ) ) ;
#923 = EDGE_CURVE ( 'NONE', #796, #4090, #2014, .T. ) ;
#924 = PRESENTATION_LAYER_ASSIGNMENT (  '', '', ( #2539 ) ) ;
#925 = ORIENTED_EDGE ( 'NONE', *, *, #2063, .T. ) ;
#926 = DIRECTION ( 'NONE',  ( -1.000000000000000000, -0.000000000000000000, -0.000000000000000000 ) ) ;
#927 = LINE ( 'NONE', #588, #3779 ) ;
#928 = VECTOR ( 'NONE', #2055, 1000.000000000000000 ) ;
#929 = SHAPE_REPRESENTATION_RELATIONSHIP ( 'NONE' , 'NONE' ,  #3850, #2794 ) ;
#930 = STYLED_ITEM ( 'NONE', ( #2220 ), #1365 ) ;
#931 = FACE_OUTER_BOUND ( 'NONE', #460, .T. ) ;
#932 = VECTOR ( 'NONE', #476, 1000.000000000000000 ) ;
#933 = ORIENTED_EDGE ( 'NONE', *, *, #3448, .F. ) ;
#934 = DIRECTION ( 'NONE',  ( 1.000000000000000000, 0.000000000000000000, 0.000000000000000000 ) ) ;
#935 =( NAMED_UNIT ( * ) SI_UNIT ( $, .STERADIAN. ) SOLID_ANGLE_UNIT ( ) );
#936 = DIRECTION ( 'NONE',  ( 1.000000000000000000, 0.000000000000000000, 0.000000000000000000 ) ) ;
#937 = VERTEX_POINT ( 'NONE', #2339 ) ;
#938 = EDGE_LOOP ( 'NONE', ( #14, #1051 ) ) ;
#939 = CARTESIAN_POINT ( 'NONE',  ( 2.168404344971011392E-14, 3.000000000000000000, -50.00000000000005684 ) ) ;
#940 = EDGE_CURVE ( 'NONE', #1995, #2857, #3095, .T. ) ;
#941 = EDGE_LOOP ( 'NONE', ( #3144, #3011, #4078, #1335 ) ) ;
#942 = DIRECTION ( 'NONE',  ( -0.000000000000000000, -0.000000000000000000, -1.000000000000000000 ) ) ;
#943 = CARTESIAN_POINT ( 'NONE',  ( -1.250000000000011990, 2.165063509461108815, 15.00000000000000000 ) ) ;
#944 = LINE ( 'NONE', #583, #376 ) ;
#945 = ORIENTED_EDGE ( 'NONE', *, *, #4500, .F. ) ;
#946 = APPLICATION_CONTEXT ( 'automotive_design' ) ;
#947 = CYLINDRICAL_SURFACE ( 'NONE', #429, 50.00000000000000000 ) ;
#948 = DIRECTION ( 'NONE',  ( -1.000000000000000000, -0.000000000000000000, -0.000000000000000000 ) ) ;
#949 =( NAMED_UNIT ( * ) SI_UNIT ( $, .STERADIAN. ) SOLID_ANGLE_UNIT ( ) );
#950 = CARTESIAN_POINT ( 'NONE',  ( -158.0000000000000000, 3.000000000000000000, 0.000000000000000000 ) ) ;
#951 = ORIENTED_EDGE ( 'NONE', *, *, #3863, .F. ) ;
#952 = EDGE_CURVE ( 'NONE', #2134, #1018, #1062, .T. ) ;
#953 = CARTESIAN_POINT ( 'NONE',  ( 0.000000000000000000, 0.000000000000000000, 15.00000000000000000 ) ) ;
#954 = LINE ( 'NONE', #4130, #705 ) ;
#955 = ORIENTED_EDGE ( 'NONE', *, *, #536, .F. ) ;
#956 = ORIENTED_EDGE ( 'NONE', *, *, #2354, .T. ) ;
#957 = DIRECTION ( 'NONE',  ( 0.8660254037844379305, 0.5000000000000011102, 0.000000000000000000 ) ) ;
#958 = EDGE_LOOP ( 'NONE', ( #3467, #719, #1449, #2953 ) ) ;
#959 = DIRECTION ( 'NONE',  ( -0.000000000000000000, -0.000000000000000000, -1.000000000000000000 ) ) ;
#960 = ITEM_DEFINED_TRANSFORMATION ( 'NONE', 'NONE', #3390,  #2662 ) ;
#961 = DIRECTION ( 'NONE',  ( -1.000000000000000000, 0.000000000000000000, -0.000000000000000000 ) ) ;
#962 = EDGE_CURVE ( 'NONE', #2883, #902, #3737, .T. ) ;
#963 = CARTESIAN_POINT ( 'NONE',  ( 175.0000000000000000, 0.000000000000000000, -59.99999999999998579 ) ) ;
#964 = SURFACE_STYLE_USAGE ( .BOTH. , #1302 ) ;
#965 = ORIENTED_EDGE ( 'NONE', *, *, #596, .T. ) ;
#966 = CARTESIAN_POINT ( 'NONE',  ( 0.000000000000000000, 0.000000000000000000, 26.00000000000000000 ) ) ;
#967 =( NAMED_UNIT ( * ) PLANE_ANGLE_UNIT ( ) SI_UNIT ( $, .RADIAN. ) );
#968 = EDGE_CURVE ( 'NONE', #4250, #1085, #1618, .T. ) ;
#969 = DIRECTION ( 'NONE',  ( 0.000000000000000000, 0.000000000000000000, -1.000000000000000000 ) ) ;
#970 = ORIENTED_EDGE ( 'NONE', *, *, #2520, .T. ) ;
#971 = CARTESIAN_POINT ( 'NONE',  ( -2.168404344971011392E-14, 0.000000000000000000, -50.00000000000005684 ) ) ;
#972 = DIRECTION ( 'NONE',  ( 0.000000000000000000, 0.000000000000000000, -1.000000000000000000 ) ) ;
#973 = EDGE_CURVE ( 'NONE', #1690, #3494, #1992, .T. ) ;
#974 = ORIENTED_EDGE ( 'NONE', *, *, #882, .T. ) ;
#975 = COLOUR_RGB ( '',0.7921568627450980005, 0.8196078431372548767, 0.9333333333333333481 ) ;
#976 = AXIS2_PLACEMENT_3D ( 'NONE', #1417, #2525, #1464 ) ;
#977 = ORIENTED_EDGE ( 'NONE', *, *, #1306, .T. ) ;
#978 = AXIS2_PLACEMENT_3D ( 'NONE', #3528, #3188, #1511 ) ;
#979 = CARTESIAN_POINT ( 'NONE',  ( 23.00000000000001066, 3.000000000000000000, -65.00000000000001421 ) ) ;
#980 = CYLINDRICAL_SURFACE ( 'NONE', #4088, 40.00000000000002132 ) ;
#981 = PLANE ( 'NONE',  #3910 ) ;
#982 = VECTOR ( 'NONE', #495, 1000.000000000000000 ) ;
#983 = EDGE_LOOP ( 'NONE', ( #4281, #1533 ) ) ;
#984 = AXIS2_PLACEMENT_3D ( 'NONE', #3685, #4395, #1598 ) ;
#985 = LINE ( 'NONE', #3747, #348 ) ;
#986 = CIRCLE ( 'NONE', #628, 10.00000000000000000 ) ;
#987 = CIRCLE ( 'NONE', #4303, 2.500000000000000000 ) ;
#988 = ADVANCED_FACE ( 'NONE', ( #1290, #3386 ), #260, .F. ) ;
#989 = VERTEX_POINT ( 'NONE', #4466 ) ;
#990 = VECTOR ( 'NONE', #1999, 1000.000000000000000 ) ;
#991 = PRODUCT_DEFINITION ( 'UNKNOWN', '', #3983, #1457 ) ;
#992 = CARTESIAN_POINT ( 'NONE',  ( 12.50000000000000000, -12.50000000000000355, -15.00000000000000000 ) ) ;
#993 = DIRECTION ( 'NONE',  ( 1.000000000000000000, -0.000000000000000000, 0.000000000000000000 ) ) ;
#994 = AXIS2_PLACEMENT_3D ( 'NONE', #4370, #2161, #4254 ) ;
#995 = CARTESIAN_POINT ( 'NONE',  ( -49.99999999999997868, 15.00000000000000000, 19.99999999999999645 ) ) ;
#996 = AXIS2_PLACEMENT_3D ( 'NONE', #2861, #4248, #4268 ) ;
#997 = EDGE_LOOP ( 'NONE', ( #3859, #1697, #46, #2120 ) ) ;
#998 = CIRCLE ( 'NONE', #1667, 10.00000000000000000 ) ;
#999 = CARTESIAN_POINT ( 'NONE',  ( 88.46153846153887912, 3.000000000000000000, -132.6923076923077076 ) ) ;
#1000 = ORIENTED_EDGE ( 'NONE', *, *, #452, .T. ) ;
#1001 = EDGE_CURVE ( 'NONE', #3875, #1322, #1312, .T. ) ;
#1002 = DIRECTION ( 'NONE',  ( -1.000000000000000000, 0.000000000000000000, 0.000000000000000000 ) ) ;
#1003 = ITEM_DEFINED_TRANSFORMATION ( 'NONE', 'NONE', #3548,  #2662 ) ;
#1004 = CARTESIAN_POINT ( 'NONE',  ( -158.0000000000000000, 1.500000000000000000, -49.99999999999998579 ) ) ;
#1005 = LINE ( 'NONE', #732, #2910 ) ;
#1006 = ADVANCED_FACE ( 'NONE', ( #2380 ), #3777, .T. ) ;
#1007 = VERTEX_POINT ( 'NONE', #1058 ) ;
#1008 = FILL_AREA_STYLE ('',( #2757 ) ) ;
#1009 = CARTESIAN_POINT ( 'NONE',  ( 50.00000000000002132, 15.00000000000000000, -20.00000000000000355 ) ) ;
#1010 = VERTEX_POINT ( 'NONE', #2783 ) ;
#1011 = DIRECTION ( 'NONE',  ( 0.000000000000000000, 0.000000000000000000, 1.000000000000000000 ) ) ;
#1012 = DIRECTION ( 'NONE',  ( 0.000000000000000000, -1.000000000000000000, 2.523234146875355998E-16 ) ) ;
#1013 = DIRECTION ( 'NONE',  ( -0.000000000000000000, -1.000000000000000000, -0.000000000000000000 ) ) ;
#1014 = EDGE_CURVE ( 'NONE', #505, #1950, #2493, .T. ) ;
#1015 = ORIENTED_EDGE ( 'NONE', *, *, #2908, .T. ) ;
#1016 = CARTESIAN_POINT ( 'NONE',  ( 0.000000000000000000, 0.000000000000000000, 0.000000000000000000 ) ) ;
#1017 = PRODUCT ( 'Front_support', 'Front_support', '', ( #2570 ) ) ;
#1018 = VERTEX_POINT ( 'NONE', #4222 ) ;
#1019 = EDGE_CURVE ( 'NONE', #2636, #3914, #3841, .T. ) ;
#1020 = CARTESIAN_POINT ( 'NONE',  ( -158.0000000000000000, 0.000000000000000000, 50.00000000000001421 ) ) ;
#1021 = APPLICATION_CONTEXT ( 'automotive_design' ) ;
#1022 = CARTESIAN_POINT ( 'NONE',  ( 0.000000000000000000, 0.000000000000000000, 105.0000000000000000 ) ) ;
#1023 = FILL_AREA_STYLE_COLOUR ( '', #1939 ) ;
#1024 = VERTEX_POINT ( 'NONE', #699 ) ;
#1025 = PRESENTATION_STYLE_ASSIGNMENT (( #4209 ) ) ;
#1026 = CARTESIAN_POINT ( 'NONE',  ( 252.5000000000000000, 28.00000000000000355, 219.9999999999998295 ) ) ;
#1027 = LINE ( 'NONE', #2760, #3856 ) ;
#1028 = ORIENTED_EDGE ( 'NONE', *, *, #689, .T. ) ;
#1029 = ORIENTED_EDGE ( 'NONE', *, *, #2349, .T. ) ;
#1030 = FACE_OUTER_BOUND ( 'NONE', #4410, .T. ) ;
#1031 = CARTESIAN_POINT ( 'NONE',  ( 23.00000000000000711, 1.500000000000000000, -149.9999999999999716 ) ) ;
#1032 = CARTESIAN_POINT ( 'NONE',  ( -7.135254915624210881, -7.006292692220368323, -15.00000000000000000 ) ) ;
#1033 = ORIENTED_EDGE ( 'NONE', *, *, #3337, .F. ) ;
#1034 = PRODUCT_DEFINITION_CONTEXT ( 'detailed design', #1557, 'design' ) ;
#1035 = CARTESIAN_POINT ( 'NONE',  ( 175.0000000000000000, 94.80879363930131376, 74.64256708526511375 ) ) ;
#1036 = MECHANICAL_DESIGN_GEOMETRIC_PRESENTATION_REPRESENTATION (  '', ( #4210 ), #756 ) ;
#1037 = EDGE_LOOP ( 'NONE', ( #426, #537, #355, #1703 ) ) ;
#1038 = EDGE_CURVE ( 'NONE', #3953, #530, #1399, .T. ) ;
#1039 = CARTESIAN_POINT ( 'NONE',  ( 34.50000000000000000, 0.000000000000000000, -25.00000000000000000 ) ) ;
#1040 = AXIS2_PLACEMENT_3D ( 'NONE', #1633, #3675, #1858 ) ;
#1041 = FACE_OUTER_BOUND ( 'NONE', #4127, .T. ) ;
#1042 = CARTESIAN_POINT ( 'NONE',  ( -126.0000000000000000, 3.000000000000000000, 0.000000000000000000 ) ) ;
#1043 = VERTEX_POINT ( 'NONE', #1428 ) ;
#1044 = ORIENTED_EDGE ( 'NONE', *, *, #2113, .F. ) ;
#1045 = CARTESIAN_POINT ( 'NONE',  ( 0.000000000000000000, 1.500000000000000000, -80.00000000000000000 ) ) ;
#1046 = ADVANCED_FACE ( 'NONE', ( #1778 ), #4249, .T. ) ;
#1047 = DIRECTION ( 'NONE',  ( 1.000000000000000000, 0.000000000000000000, 0.000000000000000000 ) ) ;
#1048 = VECTOR ( 'NONE', #1418, 1000.000000000000000 ) ;
#1049 = CARTESIAN_POINT ( 'NONE',  ( 0.000000000000000000, 1.500000000000000000, -80.00000000000000000 ) ) ;
#1050 = CIRCLE ( 'NONE', #3408, 4.000000000000000000 ) ;
#1051 = ORIENTED_EDGE ( 'NONE', *, *, #916, .F. ) ;
#1052 = ORIENTED_EDGE ( 'NONE', *, *, #446, .T. ) ;
#1053 = SHAPE_REPRESENTATION ( 'Bearing_housing', ( #2662 ), #55 ) ;
#1054 = DIRECTION ( 'NONE',  ( 1.000000000000000000, 0.000000000000000000, 4.336808689942017736E-16 ) ) ;
#1055 = EDGE_CURVE ( 'NONE', #2341, #1285, #3872, .T. ) ;
#1056 = PRODUCT_DEFINITION_SHAPE ( 'NONE', 'NONE',  #4533 ) ;
#1057 = CIRCLE ( 'NONE', #4003, 15.00000000000000000 ) ;
#1058 = CARTESIAN_POINT ( 'NONE',  ( 6.938893903907228378E-15, 43.56571371417139460, -15.00000000000000000 ) ) ;
#1059 = VECTOR ( 'NONE', #165, 1000.000000000000000 ) ;
#1060 = EDGE_LOOP ( 'NONE', ( #3383, #669 ) ) ;
#1061 = DIRECTION ( 'NONE',  ( -0.000000000000000000, 0.000000000000000000, 1.000000000000000000 ) ) ;
#1062 = CIRCLE ( 'NONE', #3861, 10.00000000000000000 ) ;
#1063 = VECTOR ( 'NONE', #2804, 1000.000000000000000 ) ;
#1064 = CLOSED_SHELL ( 'NONE', ( #4273, #2449, #3186, #1685 ) ) ;
#1065 = ORIENTED_EDGE ( 'NONE', *, *, #1241, .T. ) ;
#1066 = CLOSED_SHELL ( 'NONE', ( #4018, #3266, #1837, #693, #3157, #1102, #988, #3160, #3635, #2163, #350, #84 ) ) ;
#1067 = CARTESIAN_POINT ( 'NONE',  ( -126.0000000000000000, 3.000000000000000000, 0.000000000000000000 ) ) ;
#1068 = DIRECTION ( 'NONE',  ( -0.5000000000000039968, 0.8660254037844363761, 0.000000000000000000 ) ) ;
#1069 = VECTOR ( 'NONE', #4225, 999.9999999999998863 ) ;
#1070 = ADVANCED_FACE ( 'NONE', ( #672 ), #2515, .F. ) ;
#1071 = VERTEX_POINT ( 'NONE', #1032 ) ;
#1072 = ORIENTED_EDGE ( 'NONE', *, *, #3544, .T. ) ;
#1073 = VECTOR ( 'NONE', #1751, 1000.000000000000000 ) ;
#1074 = PLANE ( 'NONE',  #2748 ) ;
#1075 = ORIENTED_EDGE ( 'NONE', *, *, #1330, .T. ) ;
#1076 = ORIENTED_EDGE ( 'NONE', *, *, #186, .F. ) ;
#1077 = EDGE_CURVE ( 'NONE', #453, #1043, #1356, .T. ) ;
#1078 = CARTESIAN_POINT ( 'NONE',  ( 12.50000000000000000, -12.50000000000000355, 15.00000000000000000 ) ) ;
#1079 = LINE ( 'NONE', #1398, #3278 ) ;
#1080 = CARTESIAN_POINT ( 'NONE',  ( -23.00000000000000000, 1.500000000000000000, -149.9999999999999716 ) ) ;
#1081 = EDGE_CURVE ( 'NONE', #1125, #1630, #767, .T. ) ;
#1082 = ORIENTED_EDGE ( 'NONE', *, *, #3522, .T. ) ;
#1083 = LINE ( 'NONE', #110, #80 ) ;
#1084 = APPLICATION_CONTEXT ( 'automotive_design' ) ;
#1085 = VERTEX_POINT ( 'NONE', #3523 ) ;
#1086 = FACE_OUTER_BOUND ( 'NONE', #4014, .T. ) ;
#1087 = SURFACE_STYLE_FILL_AREA ( #2868 ) ;
#1088 = ORIENTED_EDGE ( 'NONE', *, *, #3229, .F. ) ;
#1089 = PRODUCT_DEFINITION_SHAPE ( 'NONE', 'NONE',  #1814 ) ;
#1090 = CARTESIAN_POINT ( 'NONE',  ( 7.500000000000000000, 0.000000000000000000, 0.000000000000000000 ) ) ;
#1091 = DIRECTION ( 'NONE',  ( 0.000000000000000000, 0.000000000000000000, 1.000000000000000000 ) ) ;
#1092 = DIRECTION ( 'NONE',  ( 1.000000000000000000, 0.000000000000000000, 0.000000000000000000 ) ) ;
#1093 = DIRECTION ( 'NONE',  ( -0.000000000000000000, -0.000000000000000000, -1.000000000000000000 ) ) ;
#1094 = LINE ( 'NONE', #1447, #4478 ) ;
#1095 = VERTEX_POINT ( 'NONE', #3178 ) ;
#1096 = ORIENTED_EDGE ( 'NONE', *, *, #2408, .T. ) ;
#1097 = CARTESIAN_POINT ( 'NONE',  ( 0.000000000000000000, 0.000000000000000000, -7.000000000000000000 ) ) ;
#1098 = ADVANCED_FACE ( 'NONE', ( #1737 ), #2081, .F. ) ;
#1099 = LINE ( 'NONE', #3210, #1063 ) ;
#1100 = CARTESIAN_POINT ( 'NONE',  ( 50.00000000000000000, 0.000000000000000000, 0.000000000000000000 ) ) ;
#1101 = ORIENTED_EDGE ( 'NONE', *, *, #1983, .T. ) ;
#1102 = ADVANCED_FACE ( 'NONE', ( #3543 ), #1831, .T. ) ;
#1103 = EDGE_CURVE ( 'NONE', #3657, #2648, #2425, .T. ) ;
#1104 = FACE_OUTER_BOUND ( 'NONE', #2232, .T. ) ;
#1105 = EDGE_CURVE ( 'NONE', #1903, #3149, #2758, .T. ) ;
#1106 =( REPRESENTATION_RELATIONSHIP ('NONE','NONE', #2972, #4040 ) REPRESENTATION_RELATIONSHIP_WITH_TRANSFORMATION ( #2391 )SHAPE_REPRESENTATION_RELATIONSHIP( ) );
#1107 = VERTEX_POINT ( 'NONE', #2838 ) ;
#1108 =( LENGTH_UNIT ( ) NAMED_UNIT ( * ) SI_UNIT ( .MILLI., .METRE. ) );
#1109 = ORIENTED_EDGE ( 'NONE', *, *, #3901, .F. ) ;
#1110 = CYLINDRICAL_SURFACE ( 'NONE', #549, 17.50000000000000000 ) ;
#1111 = DIRECTION ( 'NONE',  ( 1.000000000000000000, 1.224646799147353207E-16, 1.224646799147352961E-16 ) ) ;
#1112 = COLOUR_RGB ( '',0.7921568627450980005, 0.8196078431372548767, 0.9333333333333333481 ) ;
#1113 = CARTESIAN_POINT ( 'NONE',  ( -126.0000000000000000, 1.500000000000000000, -50.00000000000000000 ) ) ;
#1114 = LINE ( 'NONE', #3889, #1523 ) ;
#1115 = PRESENTATION_LAYER_ASSIGNMENT (  '', '', ( #3549 ) ) ;
#1116 = AXIS2_PLACEMENT_3D ( 'NONE', #3201, #2166, #3563 ) ;
#1117 = EDGE_LOOP ( 'NONE', ( #2692, #1774, #17, #1309 ) ) ;
#1118 = VERTEX_POINT ( 'NONE', #1378 ) ;
#1119 = CARTESIAN_POINT ( 'NONE',  ( -49.99999999999997868, 0.000000000000000000, 19.99999999999999645 ) ) ;
#1120 =( LENGTH_UNIT ( ) NAMED_UNIT ( * ) SI_UNIT ( .MILLI., .METRE. ) );
#1121 = VECTOR ( 'NONE', #1982, 1000.000000000000000 ) ;
#1122 = UNCERTAINTY_MEASURE_WITH_UNIT (LENGTH_MEASURE( 1.000000000000000082E-05 ), #1641, 'distance_accuracy_value', 'NONE');
#1123 = DIRECTION ( 'NONE',  ( 0.000000000000000000, 0.000000000000000000, -1.000000000000000000 ) ) ;
#1124 = LINE ( 'NONE', #4039, #4092 ) ;
#1125 = VERTEX_POINT ( 'NONE', #1080 ) ;
#1126 = CARTESIAN_POINT ( 'NONE',  ( 1.500000000000000222, 1.836970198721030181E-16, 90.00000000000000000 ) ) ;
#1127 = AXIS2_PLACEMENT_3D ( 'NONE', #1569, #1218, #4417 ) ;
#1128 = CARTESIAN_POINT ( 'NONE',  ( -20.99999999999999645, -11.49999999999999822, 150.0000000000000000 ) ) ;
#1129 = PRODUCT ( 'Battery', 'Battery', '', ( #3625 ) ) ;
#1130 = VECTOR ( 'NONE', #854, 1000.000000000000000 ) ;
#1131 = ORIENTED_EDGE ( 'NONE', *, *, #3033, .T. ) ;
#1132 = VECTOR ( 'NONE', #1420, 1000.000000000000000 ) ;
#1133 = DIRECTION ( 'NONE',  ( 0.000000000000000000, 0.000000000000000000, -1.000000000000000000 ) ) ;
#1134 = CARTESIAN_POINT ( 'NONE',  ( 0.000000000000000000, 3.000000000000000000, 135.0000000000000000 ) ) ;
#1135 = AXIS2_PLACEMENT_3D ( 'NONE', #240, #285, #4151 ) ;
#1136 = EDGE_CURVE ( 'NONE', #2849, #4246, #4156, .T. ) ;
#1137 = ORIENTED_EDGE ( 'NONE', *, *, #3743, .F. ) ;
#1138 =( LENGTH_UNIT ( ) NAMED_UNIT ( * ) SI_UNIT ( .MILLI., .METRE. ) );
#1139 = APPLICATION_PROTOCOL_DEFINITION ( 'draft international standard', 'automotive_design', 1998, #4427 ) ;
#1140 = DIRECTION ( 'NONE',  ( -1.000000000000000000, -0.000000000000000000, -0.000000000000000000 ) ) ;
#1141 = DIRECTION ( 'NONE',  ( -0.7071067811865487940, 0.000000000000000000, 0.7071067811865462405 ) ) ;
#1142 = CARTESIAN_POINT ( 'NONE',  ( 175.0000000000000000, 1.500000000000000000, -59.99999999999998579 ) ) ;
#1143 = EDGE_LOOP ( 'NONE', ( #4067, #1482, #4348, #1739 ) ) ;
#1144 = ORIENTED_EDGE ( 'NONE', *, *, #596, .F. ) ;
#1145 = DIRECTION ( 'NONE',  ( -0.000000000000000000, -0.000000000000000000, -1.000000000000000000 ) ) ;
#1146 = DIRECTION ( 'NONE',  ( -1.000000000000000000, -0.000000000000000000, -0.000000000000000000 ) ) ;
#1147 = DIRECTION ( 'NONE',  ( -0.000000000000000000, -0.000000000000000000, -1.000000000000000000 ) ) ;
#1148 = ORIENTED_EDGE ( 'NONE', *, *, #4446, .F. ) ;
#1149 = FACE_OUTER_BOUND ( 'NONE', #3822, .T. ) ;
#1150 = EDGE_CURVE ( 'NONE', #2623, #3174, #411, .T. ) ;
#1151 = DIRECTION ( 'NONE',  ( -1.000000000000000000, 0.000000000000000000, 0.000000000000000000 ) ) ;
#1152 = VERTEX_POINT ( 'NONE', #85 ) ;
#1153 = VERTEX_POINT ( 'NONE', #1454 ) ;
#1154 = ORIENTED_EDGE ( 'NONE', *, *, #3801, .T. ) ;
#1155 = ADVANCED_FACE ( 'NONE', ( #2881 ), #2285, .F. ) ;
#1156 = CARTESIAN_POINT ( 'NONE',  ( 0.000000000000000000, 3.000000000000000000, -135.0000000000000000 ) ) ;
#1157 = PRODUCT_CONTEXT ( 'NONE', #946, 'mechanical' ) ;
#1158 = LINE ( 'NONE', #449, #1344 ) ;
#1159 = LINE ( 'NONE', #3307, #1059 ) ;
#1160 = DIRECTION ( 'NONE',  ( 1.000000000000000000, -0.000000000000000000, 0.000000000000000000 ) ) ;
#1161 = ORIENTED_EDGE ( 'NONE', *, *, #451, .F. ) ;
#1162 = CARTESIAN_POINT ( 'NONE',  ( 1.250000000000030642, -2.165063509461127467, 15.00000000000000000 ) ) ;
#1163 = CONTEXT_DEPENDENT_SHAPE_REPRESENTATION ( #342, #2138 ) ;
#1164 = VERTEX_POINT ( 'NONE', #1528 ) ;
#1165 = DIRECTION ( 'NONE',  ( 1.000000000000000000, 0.000000000000000000, 0.000000000000000000 ) ) ;
#1166 = PRODUCT ( 'Shaft', 'Shaft', '', ( #2638 ) ) ;
#1167 = CARTESIAN_POINT ( 'NONE',  ( 23.00000000000002132, 0.000000000000000000, -3.419883424068564755E-15 ) ) ;
#1168 =( REPRESENTATION_RELATIONSHIP ('NONE','NONE', #2972, #3850 ) REPRESENTATION_RELATIONSHIP_WITH_TRANSFORMATION ( #4476 )SHAPE_REPRESENTATION_RELATIONSHIP( ) );
#1169 = ORIENTED_EDGE ( 'NONE', *, *, #1900, .F. ) ;
#1170 = PRODUCT_DEFINITION_CONTEXT ( 'detailed design', #1315, 'design' ) ;
#1171 = FACE_OUTER_BOUND ( 'NONE', #4301, .T. ) ;
#1172 = CARTESIAN_POINT ( 'NONE',  ( 50.00000000000002132, 15.00000000000000000, -20.00000000000000355 ) ) ;
#1173 = ORIENTED_EDGE ( 'NONE', *, *, #1702, .F. ) ;
#1174 = VERTEX_POINT ( 'NONE', #1896 ) ;
#1175 = EDGE_CURVE ( 'NONE', #302, #3174, #637, .T. ) ;
#1176 = ORIENTED_EDGE ( 'NONE', *, *, #3743, .T. ) ;
#1177 = APPLICATION_PROTOCOL_DEFINITION ( 'draft international standard', 'automotive_design', 1998, #3996 ) ;
#1178 = CARTESIAN_POINT ( 'NONE',  ( -4.000000000000000000, 4.898587196589412829E-16, -7.000000000000000000 ) ) ;
#1179 = PRODUCT_DEFINITION_FORMATION_WITH_SPECIFIED_SOURCE ( 'ANY', '', #4187, .NOT_KNOWN. ) ;
#1180 = DIRECTION ( 'NONE',  ( -0.000000000000000000, -0.000000000000000000, -1.000000000000000000 ) ) ;
#1181 = CARTESIAN_POINT ( 'NONE',  ( 42.00000000000000000, 0.000000000000000000, 0.000000000000000000 ) ) ;
#1182 = ORIENTED_EDGE ( 'NONE', *, *, #2547, .T. ) ;
#1183 = CARTESIAN_POINT ( 'NONE',  ( 7.500000000000000000, 27.49999999999998934, 122.5000000000000142 ) ) ;
#1184 = EDGE_CURVE ( 'NONE', #370, #3679, #1594, .T. ) ;
#1185 = LINE ( 'NONE', #4007, #1130 ) ;
#1186 = CARTESIAN_POINT ( 'NONE',  ( 158.0000000000000000, 0.000000000000000000, 0.000000000000000000 ) ) ;
#1187 = CARTESIAN_POINT ( 'NONE',  ( 0.000000000000000000, 0.000000000000000000, 135.0000000000000000 ) ) ;
#1188 =( GEOMETRIC_REPRESENTATION_CONTEXT ( 3 ) GLOBAL_UNCERTAINTY_ASSIGNED_CONTEXT ( ( #544 ) ) GLOBAL_UNIT_ASSIGNED_CONTEXT ( ( #4124, #2759, #3089 ) ) REPRESENTATION_CONTEXT ( 'NONE', 'WORKASPACE' ) );
#1189 = ORIENTED_EDGE ( 'NONE', *, *, #506, .T. ) ;
#1190 = STYLED_ITEM ( 'NONE', ( #3624 ), #2935 ) ;
#1191 = EDGE_CURVE ( 'NONE', #1491, #683, #1203, .T. ) ;
#1192 = FACE_OUTER_BOUND ( 'NONE', #1267, .T. ) ;
#1193 = VECTOR ( 'NONE', #3012, 1000.000000000000000 ) ;
#1194 = CARTESIAN_POINT ( 'NONE',  ( 34.50000000000000000, 0.000000000000000000, -14.00000000000000178 ) ) ;
#1195 = ORIENTED_EDGE ( 'NONE', *, *, #2884, .F. ) ;
#1196 = VECTOR ( 'NONE', #3230, 1000.000000000000000 ) ;
#1197 = ORIENTED_EDGE ( 'NONE', *, *, #1215, .F. ) ;
#1198 = CARTESIAN_POINT ( 'NONE',  ( -9.575317547305477461, -8.415063509461099045, 15.00000000000000000 ) ) ;
#1199 = VECTOR ( 'NONE', #4059, 1000.000000000000000 ) ;
#1200 = VECTOR ( 'NONE', #548, 1000.000000000000000 ) ;
#1201 = VERTEX_POINT ( 'NONE', #542 ) ;
#1202 = SHAPE_DEFINITION_REPRESENTATION ( #2941, #2086 ) ;
#1203 = CIRCLE ( 'NONE', #3783, 39.52847075210476646 ) ;
#1204 = CARTESIAN_POINT ( 'NONE',  ( 1.500000000000000222, 1.836970198721030181E-16, 105.0000000000000000 ) ) ;
#1205 = EDGE_CURVE ( 'NONE', #3349, #198, #3610, .T. ) ;
#1206 = DIRECTION ( 'NONE',  ( -0.000000000000000000, 0.000000000000000000, 1.000000000000000000 ) ) ;
#1207 = CARTESIAN_POINT ( 'NONE',  ( 0.000000000000000000, 3.000000000000000000, 50.00000000000001421 ) ) ;
#1208 = EDGE_LOOP ( 'NONE', ( #413, #655, #2429, #2715 ) ) ;
#1209 = PLANE ( 'NONE',  #1414 ) ;
#1210 = CARTESIAN_POINT ( 'NONE',  ( 0.000000000000000000, 0.000000000000000000, 105.0000000000000000 ) ) ;
#1211 = CARTESIAN_POINT ( 'NONE',  ( -50.00000000000000000, 0.000000000000000000, 0.000000000000000000 ) ) ;
#1212 = VECTOR ( 'NONE', #1527, 1000.000000000000000 ) ;
#1213 = LINE ( 'NONE', #106, #1212 ) ;
#1214 = DIRECTION ( 'NONE',  ( -0.000000000000000000, 0.000000000000000000, 1.000000000000000000 ) ) ;
#1215 = EDGE_CURVE ( 'NONE', #4090, #4115, #830, .T. ) ;
#1216 = ORIENTED_EDGE ( 'NONE', *, *, #4178, .F. ) ;
#1217 = UNCERTAINTY_MEASURE_WITH_UNIT (LENGTH_MEASURE( 1.000000000000000082E-05 ), #1916, 'distance_accuracy_value', 'NONE');
#1218 = DIRECTION ( 'NONE',  ( -0.5547001962252309237, 0.000000000000000000, -0.8320502943378424998 ) ) ;
#1219 = EDGE_CURVE ( 'NONE', #1604, #1095, #213, .T. ) ;
#1220 = DIRECTION ( 'NONE',  ( 0.000000000000000000, 0.000000000000000000, 1.000000000000000000 ) ) ;
#1221 = DIRECTION ( 'NONE',  ( -1.000000000000000000, 0.000000000000000000, 0.000000000000000000 ) ) ;
#1222 = EDGE_CURVE ( 'NONE', #648, #1435, #1124, .T. ) ;
#1223 = ORIENTED_EDGE ( 'NONE', *, *, #1728, .T. ) ;
#1224 = ORIENTED_EDGE ( 'NONE', *, *, #3801, .F. ) ;
#1225 = DIRECTION ( 'NONE',  ( 0.000000000000000000, -0.000000000000000000, -1.000000000000000000 ) ) ;
#1226 = ORIENTED_EDGE ( 'NONE', *, *, #4481, .F. ) ;
#1227 = DIRECTION ( 'NONE',  ( 0.000000000000000000, 0.000000000000000000, -1.000000000000000000 ) ) ;
#1228 = SHAPE_DEFINITION_REPRESENTATION ( #347, #3412 ) ;
#1229 = CARTESIAN_POINT ( 'NONE',  ( 23.00000000000001066, 0.000000000000000000, -65.00000000000001421 ) ) ;
#1230 = CARTESIAN_POINT ( 'NONE',  ( 117.5000000000002984, 1.500000000000000000, -117.4999999999999005 ) ) ;
#1231 = DIRECTION ( 'NONE',  ( 1.000000000000000000, -0.000000000000000000, 0.000000000000000000 ) ) ;
#1232 = ORIENTED_EDGE ( 'NONE', *, *, #2046, .F. ) ;
#1233 = CARTESIAN_POINT ( 'NONE',  ( 34.50000000000000000, -10.77032961426899860, -53.00000000000000711 ) ) ;
#1234 = DIRECTION ( 'NONE',  ( 1.000000000000000000, 0.000000000000000000, 0.000000000000000000 ) ) ;
#1235 = FACE_BOUND ( 'NONE', #1731, .T. ) ;
#1236 = ORIENTED_EDGE ( 'NONE', *, *, #3052, .T. ) ;
#1237 = EDGE_CURVE ( 'NONE', #3586, #3301, #4470, .T. ) ;
#1238 = CARTESIAN_POINT ( 'NONE',  ( 4.000000000000000000, 4.898587196589412829E-16, 0.000000000000000000 ) ) ;
#1239 = DIRECTION ( 'NONE',  ( -1.000000000000000000, 3.160203005648525984E-17, 0.000000000000000000 ) ) ;
#1240 = LINE ( 'NONE', #509, #2251 ) ;
#1241 = EDGE_CURVE ( 'NONE', #1950, #4474, #792, .T. ) ;
#1242 = ORIENTED_EDGE ( 'NONE', *, *, #3696, .T. ) ;
#1243 = ORIENTED_EDGE ( 'NONE', *, *, #1755, .F. ) ;
#1244 = LINE ( 'NONE', #599, #482 ) ;
#1245 = EDGE_CURVE ( 'NONE', #513, #49, #1872, .T. ) ;
#1246 = ORIENTED_EDGE ( 'NONE', *, *, #728, .T. ) ;
#1247 = DIRECTION ( 'NONE',  ( 1.000000000000000000, -0.000000000000000000, 0.000000000000000000 ) ) ;
#1248 = CONTEXT_DEPENDENT_SHAPE_REPRESENTATION ( #3008, #1383 ) ;
#1249 = DIRECTION ( 'NONE',  ( -0.000000000000000000, -0.000000000000000000, -1.000000000000000000 ) ) ;
#1250 = DIRECTION ( 'NONE',  ( 0.000000000000000000, 0.000000000000000000, -1.000000000000000000 ) ) ;
#1251 = CARTESIAN_POINT ( 'NONE',  ( -158.0000000000000000, 3.000000000000000000, -49.99999999999998579 ) ) ;
#1252 = ORIENTED_EDGE ( 'NONE', *, *, #2939, .T. ) ;
#1253 = APPLICATION_CONTEXT ( 'automotive_design' ) ;
#1254 = CARTESIAN_POINT ( 'NONE',  ( 34.50000000000000000, 0.000000000000000000, 0.000000000000000000 ) ) ;
#1255 = LINE ( 'NONE', #2694, #563 ) ;
#1256 = SHAPE_REPRESENTATION_RELATIONSHIP ( 'NONE' , 'NONE' ,  #2334, #4174 ) ;
#1257 = ADVANCED_FACE ( 'NONE', ( #1613 ), #3070, .F. ) ;
#1258 = UNCERTAINTY_MEASURE_WITH_UNIT (LENGTH_MEASURE( 1.000000000000000082E-05 ), #2130, 'distance_accuracy_value', 'NONE');
#1259 = CARTESIAN_POINT ( 'NONE',  ( 158.0000000000000000, 1.500000000000000000, 50.00000000000001421 ) ) ;
#1260 = PRESENTATION_LAYER_ASSIGNMENT (  '', '', ( #3761 ) ) ;
#1261 = VERTEX_POINT ( 'NONE', #1501 ) ;
#1262 = CARTESIAN_POINT ( 'NONE',  ( 34.50000000000000000, 1.347111479062088010E-15, -36.00000000000000711 ) ) ;
#1263 =( GEOMETRIC_REPRESENTATION_CONTEXT ( 3 ) GLOBAL_UNCERTAINTY_ASSIGNED_CONTEXT ( ( #15 ) ) GLOBAL_UNIT_ASSIGNED_CONTEXT ( ( #2834, #2216, #541 ) ) REPRESENTATION_CONTEXT ( 'NONE', 'WORKASPACE' ) );
#1264 = DIRECTION ( 'NONE',  ( 0.000000000000000000, 0.000000000000000000, -1.000000000000000000 ) ) ;
#1265 =( GEOMETRIC_REPRESENTATION_CONTEXT ( 3 ) GLOBAL_UNCERTAINTY_ASSIGNED_CONTEXT ( ( #1827 ) ) GLOBAL_UNIT_ASSIGNED_CONTEXT ( ( #1138, #4377, #846 ) ) REPRESENTATION_CONTEXT ( 'NONE', 'WORKASPACE' ) );
#1266 = EDGE_LOOP ( 'NONE', ( #3097, #3350, #3951, #1468 ) ) ;
#1267 = EDGE_LOOP ( 'NONE', ( #3860, #3388, #1380, #2115 ) ) ;
#1268 = EDGE_CURVE ( 'NONE', #2186, #2015, #2909, .T. ) ;
#1269 = AXIS2_PLACEMENT_3D ( 'NONE', #2258, #2571, #1909 ) ;
#1270 = VECTOR ( 'NONE', #3640, 1000.000000000000000 ) ;
#1271 = VECTOR ( 'NONE', #373, 1000.000000000000000 ) ;
#1272 = VERTEX_POINT ( 'NONE', #2605 ) ;
#1273 = DIRECTION ( 'NONE',  ( -0.000000000000000000, 0.000000000000000000, 1.000000000000000000 ) ) ;
#1274 = CONTEXT_DEPENDENT_SHAPE_REPRESENTATION ( #4488, #2424 ) ;
#1275 = PLANE ( 'NONE',  #3410 ) ;
#1276 = CARTESIAN_POINT ( 'NONE',  ( 7.500000000000000000, 1.224646799147353256E-15, -10.00000000000000000 ) ) ;
#1277 = DIRECTION ( 'NONE',  ( 0.000000000000000000, 0.7857142857142858094, 0.6185895741317418706 ) ) ;
#1278 = ADVANCED_FACE ( 'NONE', ( #3270 ), #151, .F. ) ;
#1279 = ORIENTED_EDGE ( 'NONE', *, *, #38, .T. ) ;
#1280 = PLANE ( 'NONE',  #2402 ) ;
#1281 = DIRECTION ( 'NONE',  ( -0.000000000000000000, 0.000000000000000000, 1.000000000000000000 ) ) ;
#1282 = CIRCLE ( 'NONE', #1807, 30.00000000000000000 ) ;
#1283 = EDGE_CURVE ( 'NONE', #3717, #1952, #2268, .T. ) ;
#1284 = VECTOR ( 'NONE', #3575, 1000.000000000000000 ) ;
#1285 = VERTEX_POINT ( 'NONE', #3803 ) ;
#1286 = AXIS2_PLACEMENT_3D ( 'NONE', #2627, #3574, #3231 ) ;
#1287 = DIRECTION ( 'NONE',  ( -0.000000000000000000, -1.000000000000000000, -0.000000000000000000 ) ) ;
#1288 = DIRECTION ( 'NONE',  ( 0.000000000000000000, -0.7857142857142856984, -0.6185895741317418706 ) ) ;
#1289 = AXIS2_PLACEMENT_3D ( 'NONE', #3234, #2787, #40 ) ;
#1290 = FACE_BOUND ( 'NONE', #2340, .T. ) ;
#1291 = VERTEX_POINT ( 'NONE', #2139 ) ;
#1292 = EDGE_LOOP ( 'NONE', ( #933, #1844, #48, #1065 ) ) ;
#1293 = CARTESIAN_POINT ( 'NONE',  ( 50.00000000000000000, 6.123233995736764507E-15, 26.00000000000000000 ) ) ;
#1294 = AXIS2_PLACEMENT_3D ( 'NONE', #3329, #3678, #3958 ) ;
#1295 = ADVANCED_FACE ( 'NONE', ( #2706 ), #4114, .T. ) ;
#1296 = ORIENTED_EDGE ( 'NONE', *, *, #2089, .F. ) ;
#1297 = EDGE_CURVE ( 'NONE', #3797, #3657, #3567, .T. ) ;
#1298 =( LENGTH_UNIT ( ) NAMED_UNIT ( * ) SI_UNIT ( .MILLI., .METRE. ) );
#1299 = CONTEXT_DEPENDENT_SHAPE_REPRESENTATION ( #2126, #2095 ) ;
#1300 = CARTESIAN_POINT ( 'NONE',  ( 0.000000000000000000, 0.000000000000000000, 0.000000000000000000 ) ) ;
#1301 = CARTESIAN_POINT ( 'NONE',  ( 0.000000000000000000, -4.163336342344337027E-14, -27.50000000000000000 ) ) ;
#1302 = SURFACE_SIDE_STYLE ('',( #3443 ) ) ;
#1303 = ADVANCED_FACE ( 'NONE', ( #4294 ), #2582, .F. ) ;
#1304 = VERTEX_POINT ( 'NONE', #195 ) ;
#1305 = DIRECTION ( 'NONE',  ( 1.000000000000000000, 0.000000000000000000, -1.486905836551548339E-16 ) ) ;
#1306 = EDGE_CURVE ( 'NONE', #3586, #1903, #4321, .T. ) ;
#1307 = CARTESIAN_POINT ( 'NONE',  ( 175.0000000000000000, 3.000000000000000000, 0.000000000000000000 ) ) ;
#1308 = CARTESIAN_POINT ( 'NONE',  ( 0.000000000000000000, 3.000000000000000000, -65.00000000000001421 ) ) ;
#1309 = ORIENTED_EDGE ( 'NONE', *, *, #1434, .T. ) ;
#1310 = PLANE ( 'NONE',  #1346 ) ;
#1311 = PRESENTATION_STYLE_ASSIGNMENT (( #259 ) ) ;
#1312 = LINE ( 'NONE', #2723, #4234 ) ;
#1313 = EDGE_LOOP ( 'NONE', ( #3031, #1148, #2328, #9 ) ) ;
#1314 = ADVANCED_BREP_SHAPE_REPRESENTATION ( '', ( #1373, #2662 ), #2809 ) ;
#1315 = APPLICATION_CONTEXT ( 'automotive_design' ) ;
#1316 = ORIENTED_EDGE ( 'NONE', *, *, #2705, .F. ) ;
#1317 = DIRECTION ( 'NONE',  ( 1.000000000000000000, 0.000000000000000000, 0.000000000000000000 ) ) ;
#1318 = DIRECTION ( 'NONE',  ( -0.000000000000000000, 0.000000000000000000, 1.000000000000000000 ) ) ;
#1319 = DIRECTION ( 'NONE',  ( -1.000000000000000000, 0.000000000000000000, 0.000000000000000000 ) ) ;
#1320 = LINE ( 'NONE', #317, #3611 ) ;
#1321 = PRODUCT_RELATED_PRODUCT_CATEGORY ( 'part', '', ( #4187 ) ) ;
#1322 = VERTEX_POINT ( 'NONE', #885 ) ;
#1323 = CARTESIAN_POINT ( 'NONE',  ( 25.00000000000000355, 40.00000000000000000, 24.99999999999999645 ) ) ;
#1324 =( NAMED_UNIT ( * ) SI_UNIT ( $, .STERADIAN. ) SOLID_ANGLE_UNIT ( ) );
#1325 = DIRECTION ( 'NONE',  ( 1.000000000000000000, 0.000000000000000000, 0.000000000000000000 ) ) ;
#1326 = ORIENTED_EDGE ( 'NONE', *, *, #2635, .F. ) ;
#1327 = DIRECTION ( 'NONE',  ( 0.000000000000000000, -0.000000000000000000, 1.000000000000000000 ) ) ;
#1328 = PLANE ( 'NONE',  #4235 ) ;
#1329 = DIRECTION ( 'NONE',  ( -1.000000000000000000, 0.000000000000000000, 0.000000000000000000 ) ) ;
#1330 = EDGE_CURVE ( 'NONE', #2623, #2926, #1733, .T. ) ;
#1331 = EDGE_LOOP ( 'NONE', ( #2480, #1801, #3005, #265 ) ) ;
#1332 =( GEOMETRIC_REPRESENTATION_CONTEXT ( 3 ) GLOBAL_UNCERTAINTY_ASSIGNED_CONTEXT ( ( #2106 ) ) GLOBAL_UNIT_ASSIGNED_CONTEXT ( ( #1368, #4255, #3855 ) ) REPRESENTATION_CONTEXT ( 'NONE', 'WORKASPACE' ) );
#1333 = VECTOR ( 'NONE', #2165, 1000.000000000000000 ) ;
#1334 = AXIS2_PLACEMENT_3D ( 'NONE', #438, #3836, #35 ) ;
#1335 = ORIENTED_EDGE ( 'NONE', *, *, #1105, .F. ) ;
#1336 = VECTOR ( 'NONE', #4471, 1000.000000000000000 ) ;
#1337 = CARTESIAN_POINT ( 'NONE',  ( 0.000000000000000000, 0.000000000000000000, 35.00000000000000000 ) ) ;
#1338 = CONTEXT_DEPENDENT_SHAPE_REPRESENTATION ( #2061, #2905 ) ;
#1339 = MANIFOLD_SOLID_BREP ( 'Boss-Extrude1', #2761 ) ;
#1340 = FACE_OUTER_BOUND ( 'NONE', #209, .T. ) ;
#1341 = APPLICATION_CONTEXT ( 'automotive_design' ) ;
#1342 = CARTESIAN_POINT ( 'NONE',  ( -158.0000000000000000, 3.000000000000000000, 50.00000000000001421 ) ) ;
#1343 =( NAMED_UNIT ( * ) PLANE_ANGLE_UNIT ( ) SI_UNIT ( $, .RADIAN. ) );
#1344 = VECTOR ( 'NONE', #3601, 1000.000000000000000 ) ;
#1345 = ORIENTED_EDGE ( 'NONE', *, *, #3166, .T. ) ;
#1346 = AXIS2_PLACEMENT_3D ( 'NONE', #4128, #2379, #3025 ) ;
#1347 = DIRECTION ( 'NONE',  ( -1.000000000000000000, 0.000000000000000000, -0.000000000000000000 ) ) ;
#1348 =( NAMED_UNIT ( * ) SI_UNIT ( $, .STERADIAN. ) SOLID_ANGLE_UNIT ( ) );
#1349 = ADVANCED_FACE ( 'NONE', ( #3643 ), #547, .F. ) ;
#1350 =( LENGTH_UNIT ( ) NAMED_UNIT ( * ) SI_UNIT ( .MILLI., .METRE. ) );
#1351 = MECHANICAL_DESIGN_GEOMETRIC_PRESENTATION_REPRESENTATION (  '', ( #3932 ), #3921 ) ;
#1352 = ORIENTED_EDGE ( 'NONE', *, *, #2408, .F. ) ;
#1353 = AXIS2_PLACEMENT_3D ( 'NONE', #2024, #1206, #300 ) ;
#1354 = DIRECTION ( 'NONE',  ( 1.000000000000000000, 0.000000000000000000, -0.000000000000000000 ) ) ;
#1355 = CARTESIAN_POINT ( 'NONE',  ( 7.500000000000000000, -27.50000000000001066, 122.5000000000000284 ) ) ;
#1356 = CIRCLE ( 'NONE', #498, 17.50000000000000000 ) ;
#1357 = CARTESIAN_POINT ( 'NONE',  ( 15.00000000000000000, -4.163336342344337027E-14, 27.50000000000000000 ) ) ;
#1358 = ORIENTED_EDGE ( 'NONE', *, *, #3898, .T. ) ;
#1359 = ADVANCED_FACE ( 'NONE', ( #1947 ), #131, .T. ) ;
#1360 = VECTOR ( 'NONE', #565, 1000.000000000000000 ) ;
#1361 = VECTOR ( 'NONE', #503, 1000.000000000000114 ) ;
#1362 = B_SPLINE_CURVE_WITH_KNOTS ( 'NONE', 2,
 ( #1301, #4479, #561 ),
 .UNSPECIFIED., .F., .F.,
 ( 3, 3 ),
 ( 0.000000000000000000, 1.000000000000000000 ),
 .UNSPECIFIED. ) ;
#1363 = VECTOR ( 'NONE', #208, 1000.000000000000000 ) ;
#1364 = EDGE_LOOP ( 'NONE', ( #1979, #2476, #2262, #640 ) ) ;
#1365 = MANIFOLD_SOLID_BREP ( 'Boss-Extrude1', #3493 ) ;
#1366 = PLANE ( 'NONE',  #3776 ) ;
#1367 = DIRECTION ( 'NONE',  ( -0.000000000000000000, -1.000000000000000000, -0.000000000000000000 ) ) ;
#1368 =( LENGTH_UNIT ( ) NAMED_UNIT ( * ) SI_UNIT ( .MILLI., .METRE. ) );
#1369 = ORIENTED_EDGE ( 'NONE', *, *, #2467, .F. ) ;
#1370 = DIRECTION ( 'NONE',  ( -1.000000000000000000, 0.000000000000000000, -0.000000000000000000 ) ) ;
#1371 = DIRECTION ( 'NONE',  ( 1.224646799147352961E-16, -1.224646799147353207E-16, 1.000000000000000000 ) ) ;
#1372 = DIRECTION ( 'NONE',  ( -0.000000000000000000, 0.000000000000000000, 1.000000000000000000 ) ) ;
#1373 = MANIFOLD_SOLID_BREP ( 'Boss-Extrude3', #3211 ) ;
#1374 = ORIENTED_EDGE ( 'NONE', *, *, #2301, .T. ) ;
#1375 = ORIENTED_EDGE ( 'NONE', *, *, #1382, .F. ) ;
#1376 = CARTESIAN_POINT ( 'NONE',  ( -12.07531754730548457, -4.084936490538908949, 15.00000000000000000 ) ) ;
#1377 = CARTESIAN_POINT ( 'NONE',  ( -126.0000000000000000, 0.000000000000000000, -50.00000000000000000 ) ) ;
#1378 = CARTESIAN_POINT ( 'NONE',  ( 7.135254915624209993, 7.006292692220370100, -15.00000000000000000 ) ) ;
#1379 = ADVANCED_FACE ( 'NONE', ( #2888 ), #4109, .F. ) ;
#1380 = ORIENTED_EDGE ( 'NONE', *, *, #2233, .F. ) ;
#1381 = CYLINDRICAL_SURFACE ( 'NONE', #1289, 4.000000000000000000 ) ;
#1382 = EDGE_CURVE ( 'NONE', #1164, #3449, #3050, .T. ) ;
#1383 = PRODUCT_DEFINITION_SHAPE ( 'NONE', 'NONE',  #4521 ) ;
#1384 = EDGE_CURVE ( 'NONE', #4341, #1024, #4063, .T. ) ;
#1385 = EDGE_CURVE ( 'NONE', #3414, #2633, #283, .T. ) ;
#1386 = EDGE_LOOP ( 'NONE', ( #245, #63, #1823, #2056 ) ) ;
#1387 = LINE ( 'NONE', #1004, #1424 ) ;
#1388 = LINE ( 'NONE', #332, #633 ) ;
#1389 = ORIENTED_EDGE ( 'NONE', *, *, #1779, .F. ) ;
#1390 = ORIENTED_EDGE ( 'NONE', *, *, #2273, .T. ) ;
#1391 = LINE ( 'NONE', #754, #1333 ) ;
#1392 = DIRECTION ( 'NONE',  ( 1.000000000000000000, 0.000000000000000000, 0.000000000000000000 ) ) ;
#1393 = CARTESIAN_POINT ( 'NONE',  ( 7.500000000000000000, -27.49999999999999645, -27.49999999999999645 ) ) ;
#1394 = ORIENTED_EDGE ( 'NONE', *, *, #1881, .T. ) ;
#1395 = ORIENTED_EDGE ( 'NONE', *, *, #1103, .F. ) ;
#1396 = CARTESIAN_POINT ( 'NONE',  ( 23.00000000000002132, 3.000000000000000000, -3.419883424068564755E-15 ) ) ;
#1397 = UNCERTAINTY_MEASURE_WITH_UNIT (LENGTH_MEASURE( 1.000000000000000082E-05 ), #1108, 'distance_accuracy_value', 'NONE');
#1398 = CARTESIAN_POINT ( 'NONE',  ( 25.00000000000000355, 40.00000000000000000, -25.00000000000000355 ) ) ;
#1399 = LINE ( 'NONE', #3820, #1284 ) ;
#1400 = VERTEX_POINT ( 'NONE', #574 ) ;
#1401 = MANIFOLD_SOLID_BREP ( 'Boss-Extrude2', #707 ) ;
#1402 = CARTESIAN_POINT ( 'NONE',  ( 0.000000000000000000, 0.000000000000000000, 50.00000000000001421 ) ) ;
#1403 = ADVANCED_FACE ( 'NONE', ( #3775 ), #1328, .T. ) ;
#1404 = AXIS2_PLACEMENT_3D ( 'NONE', #6, #1371, #2776 ) ;
#1405 = PRODUCT_RELATED_PRODUCT_CATEGORY ( 'part', '', ( #1129 ) ) ;
#1406 = EDGE_CURVE ( 'NONE', #1125, #706, #3434, .T. ) ;
#1407 = VECTOR ( 'NONE', #3446, 1000.000000000000000 ) ;
#1408 = ORIENTED_EDGE ( 'NONE', *, *, #2390, .T. ) ;
#1409 = CARTESIAN_POINT ( 'NONE',  ( -175.0000000000000000, -61.28684177437178704, 159.7500000000000568 ) ) ;
#1410 = CARTESIAN_POINT ( 'NONE',  ( 2.168404344971011392E-14, 0.000000000000000000, -50.00000000000005684 ) ) ;
#1411 = CARTESIAN_POINT ( 'NONE',  ( -22.99999999999998934, 0.000000000000000000, -65.00000000000001421 ) ) ;
#1412 = ADVANCED_FACE ( 'NONE', ( #1599 ), #1991, .F. ) ;
#1413 = ORIENTED_EDGE ( 'NONE', *, *, #4496, .T. ) ;
#1414 = AXIS2_PLACEMENT_3D ( 'NONE', #4034, #877, #538 ) ;
#1415 = VERTEX_POINT ( 'NONE', #3871 ) ;
#1416 =( NAMED_UNIT ( * ) PLANE_ANGLE_UNIT ( ) SI_UNIT ( $, .RADIAN. ) );
#1417 = CARTESIAN_POINT ( 'NONE',  ( 765.8610843314502290, 1347.871995967144585, 1051.776529321624594 ) ) ;
#1418 = DIRECTION ( 'NONE',  ( -0.000000000000000000, -0.000000000000000000, -1.000000000000000000 ) ) ;
#1419 = CIRCLE ( 'NONE', #1571, 40.00000000000002132 ) ;
#1420 = DIRECTION ( 'NONE',  ( 0.000000000000000000, 0.000000000000000000, -1.000000000000000000 ) ) ;
#1421 = CARTESIAN_POINT ( 'NONE',  ( -175.0000000000000000, 0.000000000000000000, 135.0000000000000000 ) ) ;
#1422 = CIRCLE ( 'NONE', #772, 2.500000000000000000 ) ;
#1423 = VERTEX_POINT ( 'NONE', #1377 ) ;
#1424 = VECTOR ( 'NONE', #3903, 1000.000000000000000 ) ;
#1425 = VERTEX_POINT ( 'NONE', #1707 ) ;
#1426 = FACE_OUTER_BOUND ( 'NONE', #1692, .T. ) ;
#1427 = CARTESIAN_POINT ( 'NONE',  ( 42.00000000000000000, 1.224646799147353059E-15, -10.00000000000000000 ) ) ;
#1428 = CARTESIAN_POINT ( 'NONE',  ( 50.00000000000000000, 0.000000000000000000, 17.50000000000000000 ) ) ;
#1429 = ORIENTED_EDGE ( 'NONE', *, *, #869, .T. ) ;
#1430 = AXIS2_PLACEMENT_3D ( 'NONE', #1668, #3753, #2651 ) ;
#1431 = CARTESIAN_POINT ( 'NONE',  ( 2.168404344971011392E-14, 3.000000000000000000, -50.00000000000005684 ) ) ;
#1432 = VECTOR ( 'NONE', #2179, 1000.000000000000000 ) ;
#1433 = AXIS2_PLACEMENT_3D ( 'NONE', #1543, #2300, #1934 ) ;
#1434 = EDGE_CURVE ( 'NONE', #2807, #1174, #3473, .T. ) ;
#1435 = VERTEX_POINT ( 'NONE', #2513 ) ;
#1436 = CIRCLE ( 'NONE', #4024, 25.00000000000000000 ) ;
#1437 = PLANE ( 'NONE',  #3781 ) ;
#1438 = CARTESIAN_POINT ( 'NONE',  ( 126.0000000000000000, 0.000000000000000000, 50.00000000000001421 ) ) ;
#1439 = CIRCLE ( 'NONE', #4027, 17.50000000000000000 ) ;
#1440 = ORIENTED_EDGE ( 'NONE', *, *, #962, .T. ) ;
#1441 = EDGE_CURVE ( 'NONE', #887, #1174, #4170, .T. ) ;
#1442 = VERTEX_POINT ( 'NONE', #3155 ) ;
#1443 = CARTESIAN_POINT ( 'NONE',  ( -20.99999999999999645, -11.49999999999999822, 0.000000000000000000 ) ) ;
#1444 = DIRECTION ( 'NONE',  ( 1.224646799147353207E-16, 0.000000000000000000, 1.000000000000000000 ) ) ;
#1445 = AXIS2_PLACEMENT_3D ( 'NONE', #98, #1467, #4056 ) ;
#1446 = DIRECTION ( 'NONE',  ( 1.000000000000000000, 0.000000000000000000, 0.000000000000000000 ) ) ;
#1447 = CARTESIAN_POINT ( 'NONE',  ( -2.255140518769849223E-14, -25.00000000000000000, 15.00000000000000000 ) ) ;
#1448 = EDGE_CURVE ( 'NONE', #222, #4115, #2132, .T. ) ;
#1449 = ORIENTED_EDGE ( 'NONE', *, *, #952, .T. ) ;
#1450 = CARTESIAN_POINT ( 'NONE',  ( 28.00000000000000000, -15.00000000000000000, -15.00000000000000000 ) ) ;
#1451 = EDGE_CURVE ( 'NONE', #2127, #1555, #1099, .T. ) ;
#1452 = PLANE ( 'NONE',  #2239 ) ;
#1453 =( NAMED_UNIT ( * ) PLANE_ANGLE_UNIT ( ) SI_UNIT ( $, .RADIAN. ) );
#1454 = CARTESIAN_POINT ( 'NONE',  ( -126.0000000000000000, 3.000000000000000000, 50.00000000000001421 ) ) ;
#1455 = ORIENTED_EDGE ( 'NONE', *, *, #4180, .F. ) ;
#1456 = MANIFOLD_SOLID_BREP ( 'Boss-Extrude1', #1064 ) ;
#1457 = PRODUCT_DEFINITION_CONTEXT ( 'detailed design', #3846, 'design' ) ;
#1458 = DIRECTION ( 'NONE',  ( 1.000000000000000000, 0.000000000000000000, 0.000000000000000000 ) ) ;
#1459 = ORIENTED_EDGE ( 'NONE', *, *, #4472, .T. ) ;
#1460 = CARTESIAN_POINT ( 'NONE',  ( -35.00000000000000000, 0.000000000000000000, 0.000000000000000000 ) ) ;
#1461 = DIRECTION ( 'NONE',  ( 1.000000000000000000, 0.000000000000000000, 0.000000000000000000 ) ) ;
#1462 = VERTEX_POINT ( 'NONE', #1427 ) ;
#1463 = PRODUCT ( 'Wheel', 'Wheel', '', ( #2619 ) ) ;
#1464 = DIRECTION ( 'NONE',  ( -1.000000000000000000, -9.860761315262647568E-32, -2.449293598294706414E-16 ) ) ;
#1465 = FACE_OUTER_BOUND ( 'NONE', #3673, .T. ) ;
#1466 = DIRECTION ( 'NONE',  ( 0.000000000000000000, 0.000000000000000000, 1.000000000000000000 ) ) ;
#1467 = DIRECTION ( 'NONE',  ( -0.5000000000000038858, 0.8660254037844364872, 0.000000000000000000 ) ) ;
#1468 = ORIENTED_EDGE ( 'NONE', *, *, #1955, .T. ) ;
#1469 = PLANE ( 'NONE',  #3184 ) ;
#1470 = ORIENTED_EDGE ( 'NONE', *, *, #483, .T. ) ;
#1471 = LINE ( 'NONE', #2859, #1649 ) ;
#1472 = CARTESIAN_POINT ( 'NONE',  ( 34.50000000000000000, 10.77032961426899860, -53.00000000000000711 ) ) ;
#1473 = CARTESIAN_POINT ( 'NONE',  ( -24.99999999999999645, 0.000000000000000000, 24.99999999999999645 ) ) ;
#1474 = EDGE_LOOP ( 'NONE', ( #3227, #552, #3827, #2769 ) ) ;
#1475 = DIRECTION ( 'NONE',  ( -0.000000000000000000, -1.000000000000000000, -0.000000000000000000 ) ) ;
#1476 = EDGE_CURVE ( 'NONE', #3444, #1164, #3819, .T. ) ;
#1477 = ADVANCED_BREP_SHAPE_REPRESENTATION ( '', ( #4426, #2662 ), #1712 ) ;
#1478 = ORIENTED_EDGE ( 'NONE', *, *, #1493, .T. ) ;
#1479 = PRODUCT_DEFINITION_FORMATION_WITH_SPECIFIED_SOURCE ( 'ANY', '', #1017, .NOT_KNOWN. ) ;
#1480 = CARTESIAN_POINT ( 'NONE',  ( 175.0000000000000000, -61.28684177437178704, 159.7500000000000568 ) ) ;
#1481 = COLOUR_RGB ( '',0.7921568627450980005, 0.8196078431372548767, 0.9333333333333333481 ) ;
#1482 = ORIENTED_EDGE ( 'NONE', *, *, #216, .F. ) ;
#1483 = VECTOR ( 'NONE', #450, 1000.000000000000000 ) ;
#1484 = DIRECTION ( 'NONE',  ( -0.000000000000000000, -0.000000000000000000, -1.000000000000000000 ) ) ;
#1485 = APPLICATION_PROTOCOL_DEFINITION ( 'draft international standard', 'automotive_design', 1998, #1853 ) ;
#1486 = CARTESIAN_POINT ( 'NONE',  ( 0.000000000000000000, 40.00000000000000000, 0.000000000000000000 ) ) ;
#1487 = CARTESIAN_POINT ( 'NONE',  ( 34.50000000000000000, -30.00000000000000000, 0.000000000000000000 ) ) ;
#1488 = CYLINDRICAL_SURFACE ( 'NONE', #2479, 11.00000000000000000 ) ;
#1489 = AXIS2_PLACEMENT_3D ( 'NONE', #2637, #1247, #2296 ) ;
#1490 = CARTESIAN_POINT ( 'NONE',  ( 15.00000000000000000, -4.163336342344337027E-14, -27.50000000000000000 ) ) ;
#1491 = VERTEX_POINT ( 'NONE', #3521 ) ;
#1492 = DIRECTION ( 'NONE',  ( 0.000000000000000000, 0.000000000000000000, -1.000000000000000000 ) ) ;
#1493 = EDGE_CURVE ( 'NONE', #564, #2767, #2988, .T. ) ;
#1494 = FACE_OUTER_BOUND ( 'NONE', #3034, .T. ) ;
#1495 =( NAMED_UNIT ( * ) SI_UNIT ( $, .STERADIAN. ) SOLID_ANGLE_UNIT ( ) );
#1496 = VECTOR ( 'NONE', #957, 1000.000000000000114 ) ;
#1497 = UNCERTAINTY_MEASURE_WITH_UNIT (LENGTH_MEASURE( 1.000000000000000082E-05 ), #611, 'distance_accuracy_value', 'NONE');
#1498 = CARTESIAN_POINT ( 'NONE',  ( 126.0000000000000000, 3.000000000000000000, 0.000000000000000000 ) ) ;
#1499 = APPLICATION_CONTEXT ( 'automotive_design' ) ;
#1500 = VECTOR ( 'NONE', #1287, 1000.000000000000000 ) ;
#1501 = CARTESIAN_POINT ( 'NONE',  ( -24.99999999999999645, 40.00000000000000000, -25.00000000000000355 ) ) ;
#1502 = VECTOR ( 'NONE', #4098, 1000.000000000000000 ) ;
#1503 = ORIENTED_EDGE ( 'NONE', *, *, #614, .F. ) ;
#1504 = LINE ( 'NONE', #4367, #2084 ) ;
#1505 = AXIS2_PLACEMENT_3D ( 'NONE', #1940, #3313, #3335 ) ;
#1506 = FILL_AREA_STYLE ('',( #508 ) ) ;
#1507 = AXIS2_PLACEMENT_3D ( 'NONE', #1570, #2288, #2980 ) ;
#1508 = EDGE_CURVE ( 'NONE', #511, #2708, #2836, .T. ) ;
#1509 = ORIENTED_EDGE ( 'NONE', *, *, #1205, .T. ) ;
#1510 = VECTOR ( 'NONE', #229, 1000.000000000000000 ) ;
#1511 = DIRECTION ( 'NONE',  ( 0.000000000000000000, 0.000000000000000000, -1.000000000000000000 ) ) ;
#1512 = EDGE_CURVE ( 'NONE', #1462, #2134, #671, .T. ) ;
#1513 = COLOUR_RGB ( '',0.7921568627450980005, 0.8196078431372548767, 0.9333333333333333481 ) ;
#1514 = VECTOR ( 'NONE', #2154, 1000.000000000000000 ) ;
#1515 = MECHANICAL_DESIGN_GEOMETRIC_PRESENTATION_REPRESENTATION (  '', ( #3858 ), #3485 ) ;
#1516 = ORIENTED_EDGE ( 'NONE', *, *, #3959, .T. ) ;
#1517 = FILL_AREA_STYLE_COLOUR ( '', #479 ) ;
#1518 = SHAPE_DEFINITION_REPRESENTATION ( #3268, #3850 ) ;
#1519 = DIRECTION ( 'NONE',  ( 1.000000000000000000, 0.000000000000000000, 0.000000000000000000 ) ) ;
#1520 = AXIS2_PLACEMENT_3D ( 'NONE', #590, #1942, #630 ) ;
#1521 = DIRECTION ( 'NONE',  ( 0.000000000000000000, 0.000000000000000000, -1.000000000000000000 ) ) ;
#1522 = ORIENTED_EDGE ( 'NONE', *, *, #3954, .F. ) ;
#1523 = VECTOR ( 'NONE', #4280, 1000.000000000000000 ) ;
#1524 = ORIENTED_EDGE ( 'NONE', *, *, #1868, .T. ) ;
#1525 = LINE ( 'NONE', #2927, #352 ) ;
#1526 =( NAMED_UNIT ( * ) SI_UNIT ( $, .STERADIAN. ) SOLID_ANGLE_UNIT ( ) );
#1527 = DIRECTION ( 'NONE',  ( 1.486905836551548586E-16, 0.000000000000000000, 1.000000000000000000 ) ) ;
#1528 = CARTESIAN_POINT ( 'NONE',  ( -85.00000000000044054, 0.000000000000000000, -135.0000000000000000 ) ) ;
#1529 = ORIENTED_EDGE ( 'NONE', *, *, #2884, .T. ) ;
#1530 = LINE ( 'NONE', #2932, #3191 ) ;
#1531 =( LENGTH_UNIT ( ) NAMED_UNIT ( * ) SI_UNIT ( .MILLI., .METRE. ) );
#1532 = EDGE_CURVE ( 'NONE', #4422, #915, #4196, .T. ) ;
#1533 = ORIENTED_EDGE ( 'NONE', *, *, #3515, .F. ) ;
#1534 = ORIENTED_EDGE ( 'NONE', *, *, #1593, .F. ) ;
#1535 = CARTESIAN_POINT ( 'NONE',  ( -11.33107569688463734, -22.28467463418459715, -15.00000000000000000 ) ) ;
#1536 = EDGE_CURVE ( 'NONE', #838, #2174, #4163, .T. ) ;
#1537 = EDGE_CURVE ( 'NONE', #1609, #2725, #1079, .T. ) ;
#1538 = ORIENTED_EDGE ( 'NONE', *, *, #3330, .F. ) ;
#1539 = SURFACE_STYLE_USAGE ( .BOTH. , #1857 ) ;
#1540 = APPLICATION_PROTOCOL_DEFINITION ( 'draft international standard', 'automotive_design', 1998, #1341 ) ;
#1541 = DIRECTION ( 'NONE',  ( 0.000000000000000000, 0.000000000000000000, 1.000000000000000000 ) ) ;
#1542 = FACE_BOUND ( 'NONE', #4025, .T. ) ;
#1543 = CARTESIAN_POINT ( 'NONE',  ( -49.99999999999997868, 15.00000000000000000, 19.99999999999999645 ) ) ;
#1544 = ADVANCED_FACE ( 'NONE', ( #3500 ), #1777, .F. ) ;
#1545 = ORIENTED_EDGE ( 'NONE', *, *, #2697, .T. ) ;
#1546 = CARTESIAN_POINT ( 'NONE',  ( 0.000000000000000000, 3.000000000000000000, 0.000000000000000000 ) ) ;
#1547 = CARTESIAN_POINT ( 'NONE',  ( -7.500000000000000000, -27.49999999999999645, -27.49999999999999645 ) ) ;
#1548 = DIRECTION ( 'NONE',  ( -0.000000000000000000, -0.000000000000000000, -1.000000000000000000 ) ) ;
#1549 = ORIENTED_EDGE ( 'NONE', *, *, #1019, .T. ) ;
#1550 = CARTESIAN_POINT ( 'NONE',  ( -49.99999999999997868, 0.000000000000000000, -20.00000000000000355 ) ) ;
#1551 = DIRECTION ( 'NONE',  ( 0.000000000000000000, -0.000000000000000000, 1.000000000000000000 ) ) ;
#1552 = ORIENTED_EDGE ( 'NONE', *, *, #4503, .F. ) ;
#1553 = ORIENTED_EDGE ( 'NONE', *, *, #716, .F. ) ;
#1554 = DIRECTION ( 'NONE',  ( 0.000000000000000000, 0.000000000000000000, -1.000000000000000000 ) ) ;
#1555 = VERTEX_POINT ( 'NONE', #742 ) ;
#1556 = APPLICATION_PROTOCOL_DEFINITION ( 'draft international standard', 'automotive_design', 1998, #4359 ) ;
#1557 = APPLICATION_CONTEXT ( 'automotive_design' ) ;
#1558 = PLANE ( 'NONE',  #2673 ) ;
#1559 = DIRECTION ( 'NONE',  ( -0.000000000000000000, -1.000000000000000000, -0.000000000000000000 ) ) ;
#1560 = EDGE_CURVE ( 'NONE', #3449, #4415, #1213, .T. ) ;
#1561 = EDGE_CURVE ( 'NONE', #351, #2857, #856, .T. ) ;
#1562 = EDGE_LOOP ( 'NONE', ( #4168, #2218, #1845, #3812 ) ) ;
#1563 = DIRECTION ( 'NONE',  ( -1.486905836551548339E-16, 0.000000000000000000, -1.000000000000000000 ) ) ;
#1564 = VECTOR ( 'NONE', #4484, 1000.000000000000000 ) ;
#1565 = CARTESIAN_POINT ( 'NONE',  ( 0.000000000000000000, 0.000000000000000000, 15.00000000000000000 ) ) ;
#1566 = CARTESIAN_POINT ( 'NONE',  ( 0.000000000000000000, 105.0000000000000000, 1.040834085586084257E-14 ) ) ;
#1567 = CARTESIAN_POINT ( 'NONE',  ( 7.500000000000000000, 0.000000000000000000, 0.000000000000000000 ) ) ;
#1568 = ORIENTED_EDGE ( 'NONE', *, *, #333, .F. ) ;
#1569 = CARTESIAN_POINT ( 'NONE',  ( -88.46153846153887912, 3.000000000000000000, -132.6923076923076792 ) ) ;
#1570 = CARTESIAN_POINT ( 'NONE',  ( -12.50000000000000355, 12.50000000000000355, 15.00000000000000000 ) ) ;
#1571 = AXIS2_PLACEMENT_3D ( 'NONE', #4431, #1318, #3742 ) ;
#1572 = DIRECTION ( 'NONE',  ( -1.000000000000000000, -0.000000000000000000, -0.000000000000000000 ) ) ;
#1573 = VERTEX_POINT ( 'NONE', #3314 ) ;
#1574 = VECTOR ( 'NONE', #4148, 1000.000000000000000 ) ;
#1575 = ORIENTED_EDGE ( 'NONE', *, *, #952, .F. ) ;
#1576 = LINE ( 'NONE', #177, #4295 ) ;
#1577 = AXIS2_PLACEMENT_3D ( 'NONE', #1090, #2433, #1725 ) ;
#1578 = VECTOR ( 'NONE', #1962, 999.9999999999998863 ) ;
#1579 = ORIENTED_EDGE ( 'NONE', *, *, #132, .F. ) ;
#1580 = CARTESIAN_POINT ( 'NONE',  ( 0.000000000000000000, 0.000000000000000000, 81.90525588832582571 ) ) ;
#1581 = APPLICATION_PROTOCOL_DEFINITION ( 'draft international standard', 'automotive_design', 1998, #2762 ) ;
#1582 = VECTOR ( 'NONE', #107, 1000.000000000000000 ) ;
#1583 = FACE_BOUND ( 'NONE', #4274, .T. ) ;
#1584 = DIRECTION ( 'NONE',  ( -0.8320502943378424998, 0.000000000000000000, -0.5547001962252308127 ) ) ;
#1585 = FACE_OUTER_BOUND ( 'NONE', #404, .T. ) ;
#1586 = VECTOR ( 'NONE', #2080, 1000.000000000000000 ) ;
#1587 = ADVANCED_FACE ( 'NONE', ( #1829 ), #1870, .T. ) ;
#1588 = ORIENTED_EDGE ( 'NONE', *, *, #828, .T. ) ;
#1589 = APPLICATION_CONTEXT ( 'automotive_design' ) ;
#1590 = CARTESIAN_POINT ( 'NONE',  ( -49.99999999999997868, 15.00000000000000000, 19.99999999999999645 ) ) ;
#1591 = DIRECTION ( 'NONE',  ( -0.000000000000000000, -0.000000000000000000, -1.000000000000000000 ) ) ;
#1592 =( NAMED_UNIT ( * ) PLANE_ANGLE_UNIT ( ) SI_UNIT ( $, .RADIAN. ) );
#1593 = EDGE_CURVE ( 'NONE', #683, #1671, #2880, .T. ) ;
#1594 = LINE ( 'NONE', #4364, #1736 ) ;
#1595 = EDGE_CURVE ( 'NONE', #2560, #3623, #439, .T. ) ;
#1596 = EDGE_LOOP ( 'NONE', ( #3851, #4048, #4275, #187 ) ) ;
#1597 = PRODUCT_DEFINITION_CONTEXT ( 'detailed design', #3609, 'design' ) ;
#1598 = DIRECTION ( 'NONE',  ( 0.000000000000000000, 0.000000000000000000, -1.000000000000000000 ) ) ;
#1599 = FACE_OUTER_BOUND ( 'NONE', #519, .T. ) ;
#1600 = DIRECTION ( 'NONE',  ( -0.000000000000000000, -0.000000000000000000, -1.000000000000000000 ) ) ;
#1601 = VERTEX_POINT ( 'NONE', #2929 ) ;
#1602 = ORIENTED_EDGE ( 'NONE', *, *, #18, .F. ) ;
#1603 = DIRECTION ( 'NONE',  ( 0.000000000000000000, 1.000000000000000000, 0.000000000000000000 ) ) ;
#1604 = VERTEX_POINT ( 'NONE', #2267 ) ;
#1605 = ITEM_DEFINED_TRANSFORMATION ( 'NONE', 'NONE', #3617,  #2662 ) ;
#1606 = CARTESIAN_POINT ( 'NONE',  ( 0.000000000000000000, 0.000000000000000000, 26.00000000000000000 ) ) ;
#1607 = LINE ( 'NONE', #874, #4155 ) ;
#1608 = LINE ( 'NONE', #4432, #2077 ) ;
#1609 = VERTEX_POINT ( 'NONE', #191 ) ;
#1610 = DIRECTION ( 'NONE',  ( -1.000000000000000000, 0.000000000000000000, 0.000000000000000000 ) ) ;
#1611 = CARTESIAN_POINT ( 'NONE',  ( -15.00000000000000000, 0.000000000000000000, 26.00000000000000000 ) ) ;
#1612 =( LENGTH_UNIT ( ) NAMED_UNIT ( * ) SI_UNIT ( .MILLI., .METRE. ) );
#1613 = FACE_OUTER_BOUND ( 'NONE', #2734, .T. ) ;
#1614 = LINE ( 'NONE', #950, #1669 ) ;
#1615 = EDGE_LOOP ( 'NONE', ( #2378, #977, #2845, #2530 ) ) ;
#1616 = DIRECTION ( 'NONE',  ( -0.7071067811865463515, 0.000000000000000000, -0.7071067811865487940 ) ) ;
#1617 =( NAMED_UNIT ( * ) PLANE_ANGLE_UNIT ( ) SI_UNIT ( $, .RADIAN. ) );
#1618 = LINE ( 'NONE', #595, #118 ) ;
#1619 = ORIENTED_EDGE ( 'NONE', *, *, #295, .F. ) ;
#1620 = VERTEX_POINT ( 'NONE', #2196 ) ;
#1621 = DIRECTION ( 'NONE',  ( -0.000000000000000000, -1.000000000000000000, -0.000000000000000000 ) ) ;
#1622 = EDGE_CURVE ( 'NONE', #3046, #3991, #829, .T. ) ;
#1623 = ORIENTED_EDGE ( 'NONE', *, *, #2784, .F. ) ;
#1624 = EDGE_CURVE ( 'NONE', #2119, #4096, #523, .T. ) ;
#1625 = DIRECTION ( 'NONE',  ( 0.000000000000000000, 0.000000000000000000, 1.000000000000000000 ) ) ;
#1626 = FACE_OUTER_BOUND ( 'NONE', #3689, .T. ) ;
#1627 = CARTESIAN_POINT ( 'NONE',  ( -32.49999999999999289, -30.00000000000000000, 0.000000000000000000 ) ) ;
#1628 = DIRECTION ( 'NONE',  ( 0.000000000000000000, 0.7857142857142856984, 0.6185895741317418706 ) ) ;
#1629 = AXIS2_PLACEMENT_3D ( 'NONE', #2325, #4162, #922 ) ;
#1630 = VERTEX_POINT ( 'NONE', #3269 ) ;
#1631 = DIRECTION ( 'NONE',  ( 1.000000000000000000, 0.000000000000000000, 0.000000000000000000 ) ) ;
#1632 = CARTESIAN_POINT ( 'NONE',  ( 23.00000000000002132, 3.000000000000000000, -3.419883424068564755E-15 ) ) ;
#1633 = CARTESIAN_POINT ( 'NONE',  ( 0.000000000000000000, 0.000000000000000000, 0.000000000000000000 ) ) ;
#1634 = PRESENTATION_STYLE_ASSIGNMENT (( #4501 ) ) ;
#1635 = DIRECTION ( 'NONE',  ( 0.000000000000000000, 0.000000000000000000, -1.000000000000000000 ) ) ;
#1636 = ADVANCED_FACE ( 'NONE', ( #3590 ), #2204, .F. ) ;
#1637 = AXIS2_PLACEMENT_3D ( 'NONE', #91, #3928, #1461 ) ;
#1638 = VERTEX_POINT ( 'NONE', #880 ) ;
#1639 = DIRECTION ( 'NONE',  ( -1.000000000000000000, -0.000000000000000000, -0.000000000000000000 ) ) ;
#1640 = AXIS2_PLACEMENT_3D ( 'NONE', #3146, #3886, #2434 ) ;
#1641 =( LENGTH_UNIT ( ) NAMED_UNIT ( * ) SI_UNIT ( .MILLI., .METRE. ) );
#1642 = DIRECTION ( 'NONE',  ( 1.000000000000000000, -0.000000000000000000, 0.000000000000000000 ) ) ;
#1643 = VECTOR ( 'NONE', #1652, 1000.000000000000000 ) ;
#1644 = EDGE_CURVE ( 'NONE', #2127, #564, #2973, .T. ) ;
#1645 = VERTEX_POINT ( 'NONE', #2907 ) ;
#1646 = ORIENTED_EDGE ( 'NONE', *, *, #501, .F. ) ;
#1647 = DIRECTION ( 'NONE',  ( 0.8320502943378424998, 0.000000000000000000, 0.5547001962252308127 ) ) ;
#1648 = APPLICATION_CONTEXT ( 'automotive_design' ) ;
#1649 = VECTOR ( 'NONE', #2129, 1000.000000000000000 ) ;
#1650 = AXIS2_PLACEMENT_3D ( 'NONE', #1039, #2771, #3554 ) ;
#1651 = VERTEX_POINT ( 'NONE', #1849 ) ;
#1652 = DIRECTION ( 'NONE',  ( 1.000000000000000000, -0.000000000000000000, 0.000000000000000000 ) ) ;
#1653 = CONTEXT_DEPENDENT_SHAPE_REPRESENTATION ( #3457, #3596 ) ;
#1654 = VECTOR ( 'NONE', #2398, 1000.000000000000000 ) ;
#1655 = PLANE ( 'NONE',  #276 ) ;
#1656 = CARTESIAN_POINT ( 'NONE',  ( -42.00000000000000000, 0.000000000000000000, 0.000000000000000000 ) ) ;
#1657 = FILL_AREA_STYLE_COLOUR ( '', #1112 ) ;
#1658 = VECTOR ( 'NONE', #4308, 1000.000000000000000 ) ;
#1659 = COLOUR_RGB ( '',0.7921568627450980005, 0.8196078431372548767, 0.9333333333333333481 ) ;
#1660 = VERTEX_POINT ( 'NONE', #4391 ) ;
#1661 = DIRECTION ( 'NONE',  ( 0.000000000000000000, 0.000000000000000000, -1.000000000000000000 ) ) ;
#1662 = AXIS2_PLACEMENT_3D ( 'NONE', #4400, #1600, #1221 ) ;
#1663 = LINE ( 'NONE', #3749, #152 ) ;
#1664 = AXIS2_PLACEMENT_3D ( 'NONE', #821, #1231, #1521 ) ;
#1665 = VERTEX_POINT ( 'NONE', #2603 ) ;
#1666 = DIRECTION ( 'NONE',  ( -0.000000000000000000, 0.000000000000000000, 1.000000000000000000 ) ) ;
#1667 = AXIS2_PLACEMENT_3D ( 'NONE', #2948, #2969, #3706 ) ;
#1668 = CARTESIAN_POINT ( 'NONE',  ( 21.00000000000000355, -11.49999999999999822, 150.0000000000000000 ) ) ;
#1669 = VECTOR ( 'NONE', #2670, 1000.000000000000000 ) ;
#1670 = CARTESIAN_POINT ( 'NONE',  ( -1.250000000000011990, 2.165063509461108815, -15.00000000000000000 ) ) ;
#1671 = VERTEX_POINT ( 'NONE', #170 ) ;
#1672 = DIRECTION ( 'NONE',  ( 1.000000000000000000, 0.000000000000000000, 4.336808689942017736E-16 ) ) ;
#1673 = ORIENTED_EDGE ( 'NONE', *, *, #822, .F. ) ;
#1674 = DIRECTION ( 'NONE',  ( -0.000000000000000000, -1.000000000000000000, -0.000000000000000000 ) ) ;
#1675 = CONTEXT_DEPENDENT_SHAPE_REPRESENTATION ( #2585, #175 ) ;
#1676 = PLANE ( 'NONE',  #2527 ) ;
#1677 = DIRECTION ( 'NONE',  ( 0.000000000000000000, 0.000000000000000000, -1.000000000000000000 ) ) ;
#1678 =( LENGTH_UNIT ( ) NAMED_UNIT ( * ) SI_UNIT ( .MILLI., .METRE. ) );
#1679 = EDGE_CURVE ( 'NONE', #3213, #3631, #475, .T. ) ;
#1680 = ORIENTED_EDGE ( 'NONE', *, *, #3826, .T. ) ;
#1681 = LINE ( 'NONE', #2003, #674 ) ;
#1682 = CARTESIAN_POINT ( 'NONE',  ( 175.0000000000000000, 0.000000000000000000, 149.9999999999999147 ) ) ;
#1683 =( NAMED_UNIT ( * ) SI_UNIT ( $, .STERADIAN. ) SOLID_ANGLE_UNIT ( ) );
#1684 = CARTESIAN_POINT ( 'NONE',  ( -2.168404344971011392E-14, 3.000000000000000000, -50.00000000000005684 ) ) ;
#1685 = ADVANCED_FACE ( 'NONE', ( #2950 ), #3293, .F. ) ;
#1686 = ORIENTED_EDGE ( 'NONE', *, *, #4152, .T. ) ;
#1687 = LINE ( 'NONE', #4464, #1500 ) ;
#1688 = CARTESIAN_POINT ( 'NONE',  ( -23.00000000000000000, 1.500000000000000000, -149.9999999999999716 ) ) ;
#1689 = CARTESIAN_POINT ( 'NONE',  ( -85.00000000000032685, 1.500000000000000000, -149.9999999999999716 ) ) ;
#1690 = VERTEX_POINT ( 'NONE', #3637 ) ;
#1691 = EDGE_CURVE ( 'NONE', #1813, #3046, #2535, .T. ) ;
#1692 = EDGE_LOOP ( 'NONE', ( #1793, #4402, #400, #3535 ) ) ;
#1693 = CYLINDRICAL_SURFACE ( 'NONE', #3401, 10.00000000000000000 ) ;
#1694 = CARTESIAN_POINT ( 'NONE',  ( 0.000000000000000000, 1.500000000000000000, -149.9999999999999716 ) ) ;
#1695 = PLANE ( 'NONE',  #139 ) ;
#1696 = FACE_OUTER_BOUND ( 'NONE', #2830, .T. ) ;
#1697 = ORIENTED_EDGE ( 'NONE', *, *, #3671, .F. ) ;
#1698 = CARTESIAN_POINT ( 'NONE',  ( 50.00000000000000000, 6.123233995736764507E-15, 0.000000000000000000 ) ) ;
#1699 = CARTESIAN_POINT ( 'NONE',  ( 9.575317547305468580, 8.415063509461104374, 15.00000000000000000 ) ) ;
#1700 = EDGE_CURVE ( 'NONE', #4327, #1604, #791, .T. ) ;
#1701 = DIRECTION ( 'NONE',  ( 1.000000000000000000, 0.000000000000000000, 0.000000000000000000 ) ) ;
#1702 = EDGE_CURVE ( 'NONE', #4028, #1071, #2559, .T. ) ;
#1703 = ORIENTED_EDGE ( 'NONE', *, *, #153, .T. ) ;
#1704 = SHAPE_REPRESENTATION ( 'Top_Plate', ( #2662 ), #1263 ) ;
#1705 = ADVANCED_FACE ( 'NONE', ( #4010 ), #3338, .F. ) ;
#1706 = FACE_OUTER_BOUND ( 'NONE', #2363, .T. ) ;
#1707 = CARTESIAN_POINT ( 'NONE',  ( -4.000000000000000000, 0.000000000000000000, 35.00000000000000000 ) ) ;
#1708 = PLANE ( 'NONE',  #2986 ) ;
#1709 = PRESENTATION_LAYER_ASSIGNMENT (  '', '', ( #2377 ) ) ;
#1710 = ORIENTED_EDGE ( 'NONE', *, *, #228, .F. ) ;
#1711 = FACE_OUTER_BOUND ( 'NONE', #4401, .T. ) ;
#1712 =( GEOMETRIC_REPRESENTATION_CONTEXT ( 3 ) GLOBAL_UNCERTAINTY_ASSIGNED_CONTEXT ( ( #1969 ) ) GLOBAL_UNIT_ASSIGNED_CONTEXT ( ( #1826, #2153, #2512 ) ) REPRESENTATION_CONTEXT ( 'NONE', 'WORKASPACE' ) );
#1713 = PRESENTATION_LAYER_ASSIGNMENT (  '', '', ( #1190 ) ) ;
#1714 = AXIS2_PLACEMENT_3D ( 'NONE', #3463, #338, #1770 ) ;
#1715 = ORIENTED_EDGE ( 'NONE', *, *, #455, .F. ) ;
#1716 = VECTOR ( 'NONE', #159, 1000.000000000000000 ) ;
#1717 = CONTEXT_DEPENDENT_SHAPE_REPRESENTATION ( #858, #3520 ) ;
#1718 = CARTESIAN_POINT ( 'NONE',  ( -24.99999999999999645, 40.00000000000000000, 24.99999999999999645 ) ) ;
#1719 = AXIS2_PLACEMENT_3D ( 'NONE', #2764, #4169, #2511 ) ;
#1720 = LINE ( 'NONE', #3142, #3202 ) ;
#1721 = DIRECTION ( 'NONE',  ( -0.000000000000000000, 0.000000000000000000, 1.000000000000000000 ) ) ;
#1722 = EDGE_LOOP ( 'NONE', ( #4146, #3098, #2629, #1876 ) ) ;
#1723 = PRODUCT_DEFINITION_SHAPE ( 'NONE', 'NONE',  #2290 ) ;
#1724 = AXIS2_PLACEMENT_3D ( 'NONE', #593, #1666, #934 ) ;
#1725 = DIRECTION ( 'NONE',  ( 0.000000000000000000, 0.000000000000000000, -1.000000000000000000 ) ) ;
#1726 = CARTESIAN_POINT ( 'NONE',  ( 175.0000000000000000, 59.50000000000000711, 164.9999999999998863 ) ) ;
#1727 = CARTESIAN_POINT ( 'NONE',  ( 34.50000000000000000, 0.000000000000000000, -25.00000000000000000 ) ) ;
#1728 = EDGE_CURVE ( 'NONE', #511, #2665, #4095, .T. ) ;
#1729 = VECTOR ( 'NONE', #948, 1000.000000000000000 ) ;
#1730 = VERTEX_POINT ( 'NONE', #3003 ) ;
#1731 = EDGE_LOOP ( 'NONE', ( #2274, #1326, #22, #2565, #598, #3257, #2156, #1176, #3891 ) ) ;
#1732 = CARTESIAN_POINT ( 'NONE',  ( 50.00000000000002132, 15.00000000000000000, 19.99999999999999645 ) ) ;
#1733 = CIRCLE ( 'NONE', #2912, 17.50000000000000000 ) ;
#1734 = ADVANCED_FACE ( 'NONE', ( #4461 ), #3022, .T. ) ;
#1735 = DIRECTION ( 'NONE',  ( 0.8320502943378424998, 0.000000000000000000, -0.5547001962252309237 ) ) ;
#1736 = VECTOR ( 'NONE', #2975, 1000.000000000000000 ) ;
#1737 = FACE_OUTER_BOUND ( 'NONE', #3072, .T. ) ;
#1738 = ADVANCED_FACE ( 'NONE', ( #4414, #1235 ), #2646, .T. ) ;
#1739 = ORIENTED_EDGE ( 'NONE', *, *, #4505, .T. ) ;
#1740 = PRODUCT_DEFINITION_CONTEXT ( 'detailed design', #3294, 'design' ) ;
#1741 = CARTESIAN_POINT ( 'NONE',  ( 8.315658898134706951E-15, -2.627917024383321185E-31, -15.00000000000000000 ) ) ;
#1742 = VECTOR ( 'NONE', #1160, 1000.000000000000000 ) ;
#1743 = VECTOR ( 'NONE', #3247, 1000.000000000000000 ) ;
#1744 = ORIENTED_EDGE ( 'NONE', *, *, #1787, .F. ) ;
#1745 = LINE ( 'NONE', #3507, #3708 ) ;
#1746 = DIRECTION ( 'NONE',  ( -0.000000000000000000, -0.000000000000000000, -1.000000000000000000 ) ) ;
#1747 = SURFACE_STYLE_USAGE ( .BOTH. , #2502 ) ;
#1748 = VERTEX_POINT ( 'NONE', #2008 ) ;
#1749 = DIRECTION ( 'NONE',  ( 1.000000000000000000, 1.881691580644988922E-16, 3.411576854547037927E-17 ) ) ;
#1750 = CARTESIAN_POINT ( 'NONE',  ( -24.99999999999999645, 40.00000000000000000, -25.00000000000000355 ) ) ;
#1751 = DIRECTION ( 'NONE',  ( 1.000000000000000000, -0.000000000000000000, 0.000000000000000000 ) ) ;
#1752 = EDGE_CURVE ( 'NONE', #201, #2015, #2035, .T. ) ;
#1753 = ORIENTED_EDGE ( 'NONE', *, *, #1105, .T. ) ;
#1754 = ORIENTED_EDGE ( 'NONE', *, *, #2113, .T. ) ;
#1755 = EDGE_CURVE ( 'NONE', #1873, #1638, #4125, .T. ) ;
#1756 = CARTESIAN_POINT ( 'NONE',  ( -20.99999999999999645, -11.49999999999999822, 0.000000000000000000 ) ) ;
#1757 = CARTESIAN_POINT ( 'NONE',  ( -15.00000000000000000, 0.000000000000000000, 35.00000000000000000 ) ) ;
#1758 = ADVANCED_FACE ( 'NONE', ( #255 ), #4060, .T. ) ;
#1759 = DIRECTION ( 'NONE',  ( 1.000000000000000000, 0.000000000000000000, 0.000000000000000000 ) ) ;
#1760 = ORIENTED_EDGE ( 'NONE', *, *, #180, .F. ) ;
#1761 = CARTESIAN_POINT ( 'NONE',  ( 0.000000000000000000, 52.50000000000000000, 5.204170427930421283E-15 ) ) ;
#1762 = EDGE_LOOP ( 'NONE', ( #385, #861, #4510, #1686 ) ) ;
#1763 = EDGE_CURVE ( 'NONE', #1043, #453, #860, .T. ) ;
#1764 = LINE ( 'NONE', #2090, #4460 ) ;
#1765 = DIRECTION ( 'NONE',  ( -1.000000000000000000, 0.000000000000000000, 0.000000000000000000 ) ) ;
#1766 = DIRECTION ( 'NONE',  ( -0.000000000000000000, -0.000000000000000000, -1.000000000000000000 ) ) ;
#1767 = VERTEX_POINT ( 'NONE', #3769 ) ;
#1768 = VERTEX_POINT ( 'NONE', #2306 ) ;
#1769 = FACE_OUTER_BOUND ( 'NONE', #1877, .T. ) ;
#1770 = DIRECTION ( 'NONE',  ( -1.000000000000000222, 0.000000000000000000, 0.000000000000000000 ) ) ;
#1771 = CARTESIAN_POINT ( 'NONE',  ( 0.000000000000000000, 0.000000000000000000, 0.000000000000000000 ) ) ;
#1772 = CARTESIAN_POINT ( 'NONE',  ( -158.0000000000000000, 0.000000000000000000, -0.000000000000000000 ) ) ;
#1773 = DIRECTION ( 'NONE',  ( -0.000000000000000000, 0.000000000000000000, 1.000000000000000000 ) ) ;
#1774 = ORIENTED_EDGE ( 'NONE', *, *, #3823, .F. ) ;
#1775 = ORIENTED_EDGE ( 'NONE', *, *, #797, .T. ) ;
#1776 = CARTESIAN_POINT ( 'NONE',  ( 42.00000000000000000, 0.000000000000000000, 0.000000000000000000 ) ) ;
#1777 = PLANE ( 'NONE',  #3495 ) ;
#1778 = FACE_OUTER_BOUND ( 'NONE', #1292, .T. ) ;
#1779 = EDGE_CURVE ( 'NONE', #2727, #4341, #1614, .T. ) ;
#1780 = ORIENTED_EDGE ( 'NONE', *, *, #1828, .T. ) ;
#1781 = PRODUCT_DEFINITION_CONTEXT ( 'detailed design', #1253, 'design' ) ;
#1782 = LINE ( 'NONE', #3159, #504 ) ;
#1783 = AXIS2_PLACEMENT_3D ( 'NONE', #1026, #75, #1444 ) ;
#1784 = ADVANCED_FACE ( 'NONE', ( #3710 ), #2355, .F. ) ;
#1785 = STYLED_ITEM ( 'NONE', ( #3905 ), #4426 ) ;
#1786 = EDGE_LOOP ( 'NONE', ( #867, #33, #2181, #2213 ) ) ;
#1787 = EDGE_CURVE ( 'NONE', #441, #351, #1663, .T. ) ;
#1788 = CARTESIAN_POINT ( 'NONE',  ( 0.000000000000000000, 0.000000000000000000, -15.00000000000000000 ) ) ;
#1789 = CARTESIAN_POINT ( 'NONE',  ( 126.0000000000000000, 3.000000000000000000, -50.00000000000000000 ) ) ;
#1790 = CARTESIAN_POINT ( 'NONE',  ( 0.000000000000000000, 0.000000000000000000, 0.000000000000000000 ) ) ;
#1791 = ORIENTED_EDGE ( 'NONE', *, *, #3330, .T. ) ;
#1792 = CIRCLE ( 'NONE', #2596, 50.00000000000000000 ) ;
#1793 = ORIENTED_EDGE ( 'NONE', *, *, #2123, .T. ) ;
#1794 = CARTESIAN_POINT ( 'NONE',  ( -20.99999999999999645, -11.49999999999999822, 150.0000000000000000 ) ) ;
#1795 = DIRECTION ( 'NONE',  ( 1.000000000000000000, 0.000000000000000000, 0.000000000000000000 ) ) ;
#1796 = LINE ( 'NONE', #53, #1048 ) ;
#1797 = VECTOR ( 'NONE', #516, 1000.000000000000000 ) ;
#1798 = CARTESIAN_POINT ( 'NONE',  ( 0.000000000000000000, 0.000000000000000000, 15.00000000000000000 ) ) ;
#1799 = AXIS2_PLACEMENT_3D ( 'NONE', #3660, #3980, #124 ) ;
#1800 = ORIENTED_EDGE ( 'NONE', *, *, #2068, .F. ) ;
#1801 = ORIENTED_EDGE ( 'NONE', *, *, #2547, .F. ) ;
#1802 = DIRECTION ( 'NONE',  ( -1.000000000000000000, 0.000000000000000000, 0.000000000000000000 ) ) ;
#1803 = CARTESIAN_POINT ( 'NONE',  ( 0.000000000000000000, 0.000000000000000000, 0.000000000000000000 ) ) ;
#1804 = PRODUCT_DEFINITION_SHAPE ( 'NONE', 'NONE',  #4261 ) ;
#1805 = AXIS2_PLACEMENT_3D ( 'NONE', #2053, #2716, #3088 ) ;
#1806 = DIRECTION ( 'NONE',  ( 1.000000000000000000, 0.000000000000000000, 0.000000000000000000 ) ) ;
#1807 = AXIS2_PLACEMENT_3D ( 'NONE', #527, #4022, #2847 ) ;
#1808 = EDGE_LOOP ( 'NONE', ( #3967, #3108, #3598, #1964 ) ) ;
#1809 = COLOUR_RGB ( '',0.7921568627450980005, 0.8196078431372548767, 0.9333333333333333481 ) ;
#1810 = LINE ( 'NONE', #4251, #270 ) ;
#1811 = AXIS2_PLACEMENT_3D ( 'NONE', #2930, #881, #524 ) ;
#1812 = VECTOR ( 'NONE', #3208, 1000.000000000000000 ) ;
#1813 = VERTEX_POINT ( 'NONE', #1259 ) ;
#1814 = PRODUCT_DEFINITION ( 'UNKNOWN', '', #909, #2786 ) ;
#1815 = DIRECTION ( 'NONE',  ( 1.000000000000000000, -0.000000000000000000, 0.000000000000000000 ) ) ;
#1816 = DIRECTION ( 'NONE',  ( 0.000000000000000000, 1.000000000000000000, 0.000000000000000000 ) ) ;
#1817 = ORIENTED_EDGE ( 'NONE', *, *, #1508, .F. ) ;
#1818 = DIRECTION ( 'NONE',  ( 1.000000000000000000, 0.000000000000000000, 0.000000000000000000 ) ) ;
#1819 = DIRECTION ( 'NONE',  ( -3.625572064791529293E-16, 1.362929090098070850E-16, 1.000000000000000000 ) ) ;
#1820 = DIRECTION ( 'NONE',  ( 0.000000000000000000, 0.000000000000000000, 1.000000000000000000 ) ) ;
#1821 = PLANE ( 'NONE',  #2462 ) ;
#1822 = LINE ( 'NONE', #3585, #3283 ) ;
#1823 = ORIENTED_EDGE ( 'NONE', *, *, #173, .F. ) ;
#1824 = LINE ( 'NONE', #789, #4396 ) ;
#1825 = DIRECTION ( 'NONE',  ( 0.000000000000000000, -0.000000000000000000, -1.000000000000000000 ) ) ;
#1826 =( LENGTH_UNIT ( ) NAMED_UNIT ( * ) SI_UNIT ( .MILLI., .METRE. ) );
#1827 = UNCERTAINTY_MEASURE_WITH_UNIT (LENGTH_MEASURE( 1.000000000000000082E-05 ), #1138, 'distance_accuracy_value', 'NONE');
#1828 = EDGE_CURVE ( 'NONE', #223, #4250, #3402, .T. ) ;
#1829 = FACE_OUTER_BOUND ( 'NONE', #3839, .T. ) ;
#1830 =( REPRESENTATION_RELATIONSHIP ('NONE','NONE', #2972, #3850 ) REPRESENTATION_RELATIONSHIP_WITH_TRANSFORMATION ( #960 )SHAPE_REPRESENTATION_RELATIONSHIP( ) );
#1831 = PLANE ( 'NONE',  #2029 ) ;
#1832 = ORIENTED_EDGE ( 'NONE', *, *, #1875, .F. ) ;
#1833 = PRODUCT_DEFINITION_CONTEXT ( 'detailed design', #2762, 'design' ) ;
#1834 = DIRECTION ( 'NONE',  ( -0.7071067811865462405, 0.000000000000000000, 0.7071067811865487940 ) ) ;
#1835 = ORIENTED_EDGE ( 'NONE', *, *, #506, .F. ) ;
#1836 = CARTESIAN_POINT ( 'NONE',  ( 0.000000000000000000, 0.000000000000000000, 35.00000000000000000 ) ) ;
#1837 = ADVANCED_FACE ( 'NONE', ( #931 ), #2336, .F. ) ;
#1838 = EDGE_LOOP ( 'NONE', ( #1374, #3264, #2746, #3668 ) ) ;
#1839 = PRODUCT_DEFINITION_SHAPE ( 'NONE', 'NONE',  #3241 ) ;
#1840 =( LENGTH_UNIT ( ) NAMED_UNIT ( * ) SI_UNIT ( .MILLI., .METRE. ) );
#1841 = APPLICATION_PROTOCOL_DEFINITION ( 'draft international standard', 'automotive_design', 1998, #946 ) ;
#1842 = LINE ( 'NONE', #873, #3926 ) ;
#1843 = CARTESIAN_POINT ( 'NONE',  ( -20.99999999999999645, 11.50000000000000178, 150.0000000000000000 ) ) ;
#1844 = ORIENTED_EDGE ( 'NONE', *, *, #4047, .F. ) ;
#1845 = ORIENTED_EDGE ( 'NONE', *, *, #3772, .T. ) ;
#1846 = CARTESIAN_POINT ( 'NONE',  ( -126.0000000000000000, 1.500000000000000000, -50.00000000000000000 ) ) ;
#1847 =( NAMED_UNIT ( * ) SI_UNIT ( $, .STERADIAN. ) SOLID_ANGLE_UNIT ( ) );
#1848 = ADVANCED_FACE ( 'NONE', ( #3845 ), #1381, .T. ) ;
#1849 = CARTESIAN_POINT ( 'NONE',  ( 6.735557395310443404E-15, 50.00000000000000000, -15.00000000000000000 ) ) ;
#1850 = DIRECTION ( 'NONE',  ( -0.000000000000000000, 0.000000000000000000, 1.000000000000000000 ) ) ;
#1851 = ORIENTED_EDGE ( 'NONE', *, *, #639, .F. ) ;
#1852 = CARTESIAN_POINT ( 'NONE',  ( -22.99999999999999289, 1.500000000000000000, -80.00000000000000000 ) ) ;
#1853 = APPLICATION_CONTEXT ( 'automotive_design' ) ;
#1854 = ORIENTED_EDGE ( 'NONE', *, *, #4500, .T. ) ;
#1855 = SHAPE_REPRESENTATION ( 'Motor_Driver', ( #2662 ), #1188 ) ;
#1856 = ORIENTED_EDGE ( 'NONE', *, *, #724, .F. ) ;
#1857 = SURFACE_SIDE_STYLE ('',( #465 ) ) ;
#1858 = DIRECTION ( 'NONE',  ( 1.000000000000000000, 0.000000000000000000, 0.000000000000000000 ) ) ;
#1859 = DIRECTION ( 'NONE',  ( 0.000000000000000000, -1.000000000000000000, 0.000000000000000000 ) ) ;
#1860 = DIRECTION ( 'NONE',  ( 0.000000000000000000, -0.000000000000000000, 1.000000000000000000 ) ) ;
#1861 = CARTESIAN_POINT ( 'NONE',  ( -175.0000000000000000, 3.000000000000000000, -75.00000000000001421 ) ) ;
#1862 = STYLED_ITEM ( 'NONE', ( #4276 ), #2896 ) ;
#1863 = VERTEX_POINT ( 'NONE', #3948 ) ;
#1864 = DIRECTION ( 'NONE',  ( 0.000000000000000000, 0.000000000000000000, -1.000000000000000000 ) ) ;
#1865 = DIRECTION ( 'NONE',  ( 1.000000000000000000, 0.000000000000000000, 0.000000000000000000 ) ) ;
#1866 =( NAMED_UNIT ( * ) PLANE_ANGLE_UNIT ( ) SI_UNIT ( $, .RADIAN. ) );
#1867 = AXIS2_PLACEMENT_3D ( 'NONE', #2485, #28, #1047 ) ;
#1868 = EDGE_CURVE ( 'NONE', #2926, #2623, #1439, .T. ) ;
#1869 = ADVANCED_BREP_SHAPE_REPRESENTATION ( '', ( #2951, #2662 ), #3182 ) ;
#1870 = PLANE ( 'NONE',  #4399 ) ;
#1871 = AXIS2_PLACEMENT_3D ( 'NONE', #1078, #3497, #2803 ) ;
#1872 = LINE ( 'NONE', #2197, #4392 ) ;
#1873 = VERTEX_POINT ( 'NONE', #727 ) ;
#1874 = DIRECTION ( 'NONE',  ( 1.000000000000000000, 0.000000000000000000, 0.000000000000000000 ) ) ;
#1875 = EDGE_CURVE ( 'NONE', #2917, #3914, #4473, .T. ) ;
#1876 = ORIENTED_EDGE ( 'NONE', *, *, #3808, .T. ) ;
#1877 = EDGE_LOOP ( 'NONE', ( #4423, #668, #2059, #876 ) ) ;
#1878 = VECTOR ( 'NONE', #3687, 1000.000000000000000 ) ;
#1879 = CARTESIAN_POINT ( 'NONE',  ( -175.0000000000000000, 0.000000000000000000, -0.000000000000000000 ) ) ;
#1880 = VECTOR ( 'NONE', #722, 1000.000000000000000 ) ;
#1881 = EDGE_CURVE ( 'NONE', #1768, #2119, #1083, .T. ) ;
#1882 = VECTOR ( 'NONE', #3754, 1000.000000000000000 ) ;
#1883 = ORIENTED_EDGE ( 'NONE', *, *, #891, .F. ) ;
#1884 = AXIS2_PLACEMENT_3D ( 'NONE', #1450, #1892, #3605 ) ;
#1885 = APPLICATION_PROTOCOL_DEFINITION ( 'draft international standard', 'automotive_design', 1998, #4243 ) ;
#1886 =( REPRESENTATION_RELATIONSHIP ('NONE','NONE', #2972, #2086 ) REPRESENTATION_RELATIONSHIP_WITH_TRANSFORMATION ( #4512 )SHAPE_REPRESENTATION_RELATIONSHIP( ) );
#1887 = LINE ( 'NONE', #2620, #1797 ) ;
#1888 = VECTOR ( 'NONE', #371, 1000.000000000000000 ) ;
#1889 = DIRECTION ( 'NONE',  ( -0.000000000000000000, -0.000000000000000000, -1.000000000000000000 ) ) ;
#1890 = FACE_OUTER_BOUND ( 'NONE', #958, .T. ) ;
#1891 = ORIENTED_EDGE ( 'NONE', *, *, #1644, .T. ) ;
#1892 = DIRECTION ( 'NONE',  ( -0.000000000000000000, 0.000000000000000000, 1.000000000000000000 ) ) ;
#1893 = CYLINDRICAL_SURFACE ( 'NONE', #3345, 25.00000000000000000 ) ;
#1894 = CARTESIAN_POINT ( 'NONE',  ( 15.00000000000000000, 0.000000000000000000, 27.50000000000000000 ) ) ;
#1895 = ADVANCED_FACE ( 'NONE', ( #2199 ), #745, .F. ) ;
#1896 = CARTESIAN_POINT ( 'NONE',  ( -7.500000000000000000, -27.50000000000001066, 122.5000000000000284 ) ) ;
#1897 = PRODUCT_DEFINITION ( 'UNKNOWN', '', #819, #3844 ) ;
#1898 = ORIENTED_EDGE ( 'NONE', *, *, #2977, .F. ) ;
#1899 = CARTESIAN_POINT ( 'NONE',  ( 0.000000000000000000, 0.000000000000000000, 35.00000000000000000 ) ) ;
#1900 = EDGE_CURVE ( 'NONE', #2890, #4439, #3900, .T. ) ;
#1901 = SURFACE_SIDE_STYLE ('',( #218 ) ) ;
#1902 = LINE ( 'NONE', #4065, #3489 ) ;
#1903 = VERTEX_POINT ( 'NONE', #1126 ) ;
#1904 = VERTEX_POINT ( 'NONE', #4199 ) ;
#1905 = EDGE_CURVE ( 'NONE', #1400, #1651, #3282, .T. ) ;
#1906 = ORIENTED_EDGE ( 'NONE', *, *, #3985, .F. ) ;
#1907 = CARTESIAN_POINT ( 'NONE',  ( 23.00000000000000711, 0.000000000000000000, -0.000000000000000000 ) ) ;
#1908 = PRODUCT_CONTEXT ( 'NONE', #3642, 'mechanical' ) ;
#1909 = DIRECTION ( 'NONE',  ( -1.000000000000000000, 0.000000000000000000, 0.000000000000000000 ) ) ;
#1910 = CYLINDRICAL_SURFACE ( 'NONE', #2395, 4.000000000000000000 ) ;
#1911 = CARTESIAN_POINT ( 'NONE',  ( 126.0000000000000000, 3.000000000000000000, 50.00000000000001421 ) ) ;
#1912 = EDGE_CURVE ( 'NONE', #2778, #3875, #3504, .T. ) ;
#1913 = ORIENTED_EDGE ( 'NONE', *, *, #1532, .T. ) ;
#1914 = CARTESIAN_POINT ( 'NONE',  ( -88.46153846153887912, 3.000000000000000000, -132.6923076923076792 ) ) ;
#1915 = CARTESIAN_POINT ( 'NONE',  ( 6.938893903907228378E-15, 43.56571371417139460, 15.00000000000000000 ) ) ;
#1916 =( LENGTH_UNIT ( ) NAMED_UNIT ( * ) SI_UNIT ( .MILLI., .METRE. ) );
#1917 = DIRECTION ( 'NONE',  ( 1.000000000000000000, -0.000000000000000000, 0.000000000000000000 ) ) ;
#1918 = CARTESIAN_POINT ( 'NONE',  ( 126.0000000000000000, 1.500000000000000000, 50.00000000000001421 ) ) ;
#1919 = EDGE_LOOP ( 'NONE', ( #1316, #1906, #3206, #4442 ) ) ;
#1920 = UNCERTAINTY_MEASURE_WITH_UNIT (LENGTH_MEASURE( 1.000000000000000082E-05 ), #2071, 'distance_accuracy_value', 'NONE');
#1921 = DIRECTION ( 'NONE',  ( -0.000000000000000000, 0.000000000000000000, 1.000000000000000000 ) ) ;
#1922 = EDGE_CURVE ( 'NONE', #3349, #1989, #2478, .T. ) ;
#1923 = FACE_OUTER_BOUND ( 'NONE', #3869, .T. ) ;
#1924 = ORIENTED_EDGE ( 'NONE', *, *, #1184, .T. ) ;
#1925 = EDGE_LOOP ( 'NONE', ( #4112, #2350, #4337, #3546, #447, #1408, #4504, #3524, #572, #2550 ) ) ;
#1926 = EDGE_CURVE ( 'NONE', #2111, #1767, #1782, .T. ) ;
#1927 = AXIS2_PLACEMENT_3D ( 'NONE', #3040, #2714, #2067 ) ;
#1928 = ORIENTED_EDGE ( 'NONE', *, *, #864, .T. ) ;
#1929 = EDGE_CURVE ( 'NONE', #712, #3439, #2808, .T. ) ;
#1930 = DIRECTION ( 'NONE',  ( 0.000000000000000000, 0.000000000000000000, -1.000000000000000000 ) ) ;
#1931 = APPLICATION_PROTOCOL_DEFINITION ( 'draft international standard', 'automotive_design', 1998, #1084 ) ;
#1932 = DIRECTION ( 'NONE',  ( 0.000000000000000000, 0.000000000000000000, -1.000000000000000000 ) ) ;
#1933 = DIRECTION ( 'NONE',  ( -0.000000000000000000, -0.000000000000000000, 1.000000000000000000 ) ) ;
#1934 = DIRECTION ( 'NONE',  ( -1.000000000000000000, 0.000000000000000000, -0.000000000000000000 ) ) ;
#1935 = EDGE_CURVE ( 'NONE', #2001, #989, #2477, .T. ) ;
#1936 = EDGE_LOOP ( 'NONE', ( #1602, #4456, #974, #10 ) ) ;
#1937 = ITEM_DEFINED_TRANSFORMATION ( 'NONE', 'NONE', #1334,  #2662 ) ;
#1938 = DIRECTION ( 'NONE',  ( 1.000000000000000000, 0.000000000000000000, 0.000000000000000000 ) ) ;
#1939 = COLOUR_RGB ( '',0.7921568627450980005, 0.8196078431372548767, 0.9333333333333333481 ) ;
#1940 = CARTESIAN_POINT ( 'NONE',  ( 0.000000000000000000, 0.000000000000000000, -7.000000000000000000 ) ) ;
#1941 = VECTOR ( 'NONE', #1930, 1000.000000000000000 ) ;
#1942 = DIRECTION ( 'NONE',  ( 1.000000000000000000, 0.000000000000000000, 0.000000000000000000 ) ) ;
#1943 = DIRECTION ( 'NONE',  ( 1.000000000000000000, -0.000000000000000000, 0.000000000000000000 ) ) ;
#1944 = ORIENTED_EDGE ( 'NONE', *, *, #510, .T. ) ;
#1945 = AXIS2_PLACEMENT_3D ( 'NONE', #3490, #1092, #4240 ) ;
#1946 = FACE_BOUND ( 'NONE', #2703, .T. ) ;
#1947 = FACE_OUTER_BOUND ( 'NONE', #93, .T. ) ;
#1948 = VECTOR ( 'NONE', #4074, 1000.000000000000000 ) ;
#1949 = LINE ( 'NONE', #174, #1200 ) ;
#1950 = VERTEX_POINT ( 'NONE', #461 ) ;
#1951 = AXIS2_PLACEMENT_3D ( 'NONE', #2175, #11, #3151 ) ;
#1952 = VERTEX_POINT ( 'NONE', #3181 ) ;
#1953 = AXIS2_PLACEMENT_3D ( 'NONE', #4388, #1145, #2558 ) ;
#1954 = AXIS2_PLACEMENT_3D ( 'NONE', #2964, #622, #2280 ) ;
#1955 = EDGE_CURVE ( 'NONE', #1630, #3592, #414, .T. ) ;
#1956 = ORIENTED_EDGE ( 'NONE', *, *, #4324, .T. ) ;
#1957 = AXIS2_PLACEMENT_3D ( 'NONE', #3693, #835, #1220 ) ;
#1958 = DIRECTION ( 'NONE',  ( 0.000000000000000000, 0.000000000000000000, -1.000000000000000000 ) ) ;
#1959 = CONTEXT_DEPENDENT_SHAPE_REPRESENTATION ( #1830, #2533 ) ;
#1960 = VECTOR ( 'NONE', #3113, 1000.000000000000000 ) ;
#1961 = DIRECTION ( 'NONE',  ( -0.000000000000000000, -1.000000000000000000, -0.000000000000000000 ) ) ;
#1962 = DIRECTION ( 'NONE',  ( 0.8660254037844365982, 0.5000000000000035527, 0.000000000000000000 ) ) ;
#1963 = LINE ( 'NONE', #3603, #1742 ) ;
#1964 = ORIENTED_EDGE ( 'NONE', *, *, #216, .T. ) ;
#1965 = DIRECTION ( 'NONE',  ( -0.000000000000000000, 0.000000000000000000, 1.000000000000000000 ) ) ;
#1966 = DIRECTION ( 'NONE',  ( 0.000000000000000000, 0.000000000000000000, -1.000000000000000000 ) ) ;
#1967 = SHAPE_REPRESENTATION_RELATIONSHIP ( 'NONE' , 'NONE' ,  #1704, #4017 ) ;
#1968 = VECTOR ( 'NONE', #1917, 1000.000000000000000 ) ;
#1969 = UNCERTAINTY_MEASURE_WITH_UNIT (LENGTH_MEASURE( 1.000000000000000082E-05 ), #1826, 'distance_accuracy_value', 'NONE');
#1970 = DIRECTION ( 'NONE',  ( 1.000000000000000000, 0.000000000000000000, 0.000000000000000000 ) ) ;
#1971 = ORIENTED_EDGE ( 'NONE', *, *, #2689, .T. ) ;
#1972 = EDGE_CURVE ( 'NONE', #1952, #799, #1810, .T. ) ;
#1973 = CYLINDRICAL_SURFACE ( 'NONE', #3997, 2.500000000000000000 ) ;
#1974 = SURFACE_SIDE_STYLE ('',( #3385 ) ) ;
#1975 = CARTESIAN_POINT ( 'NONE',  ( 34.50000000000000000, 0.000000000000000000, -14.00000000000000178 ) ) ;
#1976 = ORIENTED_EDGE ( 'NONE', *, *, #1384, .F. ) ;
#1977 = ORIENTED_EDGE ( 'NONE', *, *, #1330, .F. ) ;
#1978 = CARTESIAN_POINT ( 'NONE',  ( 23.00000000000000711, 0.000000000000000000, -135.0000000000000000 ) ) ;
#1979 = ORIENTED_EDGE ( 'NONE', *, *, #4374, .F. ) ;
#1980 = CARTESIAN_POINT ( 'NONE',  ( -20.99999999999999645, -11.49999999999999822, 0.000000000000000000 ) ) ;
#1981 = ITEM_DEFINED_TRANSFORMATION ( 'NONE', 'NONE', #4141,  #2662 ) ;
#1982 = DIRECTION ( 'NONE',  ( -0.000000000000000000, -1.000000000000000000, -0.000000000000000000 ) ) ;
#1983 = EDGE_CURVE ( 'NONE', #648, #4327, #64, .T. ) ;
#1984 = CARTESIAN_POINT ( 'NONE',  ( 0.000000000000000000, 0.000000000000000000, -80.00000000000000000 ) ) ;
#1985 = DIRECTION ( 'NONE',  ( -0.000000000000000000, -0.000000000000000000, -1.000000000000000000 ) ) ;
#1986 = ORIENTED_EDGE ( 'NONE', *, *, #2510, .T. ) ;
#1987 = DIRECTION ( 'NONE',  ( -0.5000000000000035527, 0.8660254037844365982, 0.000000000000000000 ) ) ;
#1988 = CARTESIAN_POINT ( 'NONE',  ( 0.000000000000000000, 0.000000000000000000, 35.00000000000000000 ) ) ;
#1989 = VERTEX_POINT ( 'NONE', #87 ) ;
#1990 = CARTESIAN_POINT ( 'NONE',  ( 1.249999999999997335, -2.165063509461085722, 15.00000000000000000 ) ) ;
#1991 = PLANE ( 'NONE',  #2615 ) ;
#1992 = LINE ( 'NONE', #1670, #848 ) ;
#1993 = ORIENTED_EDGE ( 'NONE', *, *, #1077, .T. ) ;
#1994 = ORIENTED_EDGE ( 'NONE', *, *, #483, .F. ) ;
#1995 = VERTEX_POINT ( 'NONE', #2496 ) ;
#1996 = LINE ( 'NONE', #1980, #618 ) ;
#1997 = CONTEXT_DEPENDENT_SHAPE_REPRESENTATION ( #1886, #3480 ) ;
#1998 = CARTESIAN_POINT ( 'NONE',  ( 126.0000000000000000, 0.000000000000000000, -0.000000000000000000 ) ) ;
#1999 = DIRECTION ( 'NONE',  ( 1.000000000000000000, -0.000000000000000000, 0.000000000000000000 ) ) ;
#2000 = DIRECTION ( 'NONE',  ( -0.000000000000000000, 0.000000000000000000, 1.000000000000000000 ) ) ;
#2001 = VERTEX_POINT ( 'NONE', #2864 ) ;
#2002 = LINE ( 'NONE', #4458, #292 ) ;
#2003 = CARTESIAN_POINT ( 'NONE',  ( 34.50000000000000000, 30.00000000000000000, 0.000000000000000000 ) ) ;
#2004 = SHAPE_REPRESENTATION_RELATIONSHIP ( 'NONE' , 'NONE' ,  #1855, #2916 ) ;
#2005 = SURFACE_STYLE_USAGE ( .BOTH. , #3917 ) ;
#2006 = SHAPE_REPRESENTATION ( 'Motor', ( #2662 ), #2809 ) ;
#2007 = DIRECTION ( 'NONE',  ( 0.000000000000000000, 0.000000000000000000, 1.000000000000000000 ) ) ;
#2008 = CARTESIAN_POINT ( 'NONE',  ( -158.0000000000000000, 0.000000000000000000, -49.99999999999998579 ) ) ;
#2009 = VECTOR ( 'NONE', #1766, 1000.000000000000000 ) ;
#2010 = ORIENTED_EDGE ( 'NONE', *, *, #4228, .F. ) ;
#2011 = ADVANCED_FACE ( 'NONE', ( #1104 ), #2517, .T. ) ;
#2012 = CYLINDRICAL_SURFACE ( 'NONE', #3555, 10.00000000000000000 ) ;
#2013 = CARTESIAN_POINT ( 'NONE',  ( 0.000000000000000000, 0.000000000000000000, -135.0000000000000000 ) ) ;
#2014 = LINE ( 'NONE', #4490, #3940 ) ;
#2015 = VERTEX_POINT ( 'NONE', #1238 ) ;
#2016 = ADVANCED_FACE ( 'NONE', ( #1946, #1149 ), #2630, .T. ) ;
#2017 = VECTOR ( 'NONE', #1621, 1000.000000000000000 ) ;
#2018 = AXIS2_PLACEMENT_3D ( 'NONE', #474, #2195, #4036 ) ;
#2019 = VECTOR ( 'NONE', #750, 1000.000000000000000 ) ;
#2020 = VERTEX_POINT ( 'NONE', #1550 ) ;
#2021 = ADVANCED_FACE ( 'NONE', ( #1192 ), #1973, .T. ) ;
#2022 = CONTEXT_DEPENDENT_SHAPE_REPRESENTATION ( #3945, #25 ) ;
#2023 = DIRECTION ( 'NONE',  ( -0.000000000000000000, -0.000000000000000000, -1.000000000000000000 ) ) ;
#2024 = CARTESIAN_POINT ( 'NONE',  ( 0.000000000000000000, 0.000000000000000000, 35.00000000000000000 ) ) ;
#2025 = CYLINDRICAL_SURFACE ( 'NONE', #1629, 25.00000000000000000 ) ;
#2026 = CIRCLE ( 'NONE', #843, 2.500000000000000000 ) ;
#2027 = ORIENTED_EDGE ( 'NONE', *, *, #1184, .F. ) ;
#2028 = DIRECTION ( 'NONE',  ( -1.000000000000000000, -0.000000000000000000, -0.000000000000000000 ) ) ;
#2029 = AXIS2_PLACEMENT_3D ( 'NONE', #369, #3232, #2444 ) ;
#2030 = CARTESIAN_POINT ( 'NONE',  ( 0.000000000000000000, 0.000000000000000000, 0.000000000000000000 ) ) ;
#2031 = CARTESIAN_POINT ( 'NONE',  ( 50.00000000000000000, 2.143131898507868248E-15, -17.50000000000000000 ) ) ;
#2032 = PRESENTATION_LAYER_ASSIGNMENT (  '', '', ( #4015 ) ) ;
#2033 = AXIS2_PLACEMENT_3D ( 'NONE', #3334, #3659, #210 ) ;
#2034 = ORIENTED_EDGE ( 'NONE', *, *, #3901, .T. ) ;
#2035 = CIRCLE ( 'NONE', #432, 4.000000000000000000 ) ;
#2036 = PLANE ( 'NONE',  #3927 ) ;
#2037 = AXIS2_PLACEMENT_3D ( 'NONE', #1210, #1965, #232 ) ;
#2038 = DIRECTION ( 'NONE',  ( 0.000000000000000000, -0.6185895741317418706, 0.7857142857142856984 ) ) ;
#2039 = AXIS2_PLACEMENT_3D ( 'NONE', #702, #1061, #3922 ) ;
#2040 = DIRECTION ( 'NONE',  ( 0.000000000000000000, 0.000000000000000000, -1.000000000000000000 ) ) ;
#2041 = EDGE_CURVE ( 'NONE', #564, #3503, #2913, .T. ) ;
#2042 = ORIENTED_EDGE ( 'NONE', *, *, #4350, .F. ) ;
#2043 = DIRECTION ( 'NONE',  ( -0.8320502943378424998, 0.000000000000000000, -0.5547001962252308127 ) ) ;
#2044 = EDGE_CURVE ( 'NONE', #1107, #2020, #3614, .T. ) ;
#2045 = EDGE_LOOP ( 'NONE', ( #1236, #359, #4469, #2863 ) ) ;
#2046 = EDGE_CURVE ( 'NONE', #418, #3623, #904, .T. ) ;
#2047 = CARTESIAN_POINT ( 'NONE',  ( 6.938893903907228378E-15, -43.56571371417143723, 15.00000000000000000 ) ) ;
#2048 = ITEM_DEFINED_TRANSFORMATION ( 'NONE', 'NONE', #3111,  #2662 ) ;
#2049 = VECTOR ( 'NONE', #3263, 1000.000000000000000 ) ;
#2050 = DIRECTION ( 'NONE',  ( -0.5000000000000014433, 0.8660254037844379305, 0.000000000000000000 ) ) ;
#2051 = DIRECTION ( 'NONE',  ( 1.000000000000000000, 0.000000000000000000, 0.000000000000000000 ) ) ;
#2052 = ORIENTED_EDGE ( 'NONE', *, *, #639, .T. ) ;
#2053 = CARTESIAN_POINT ( 'NONE',  ( 7.500000000000000000, -27.49999999999999645, 0.000000000000000000 ) ) ;
#2054 = CARTESIAN_POINT ( 'NONE',  ( 7.500000000000000000, 27.49999999999998934, 122.5000000000000142 ) ) ;
#2055 = DIRECTION ( 'NONE',  ( -0.000000000000000000, -0.000000000000000000, -1.000000000000000000 ) ) ;
#2056 = ORIENTED_EDGE ( 'NONE', *, *, #891, .T. ) ;
#2057 = CARTESIAN_POINT ( 'NONE',  ( 0.000000000000000000, 0.000000000000000000, 0.000000000000000000 ) ) ;
#2058 = CARTESIAN_POINT ( 'NONE',  ( 32.50000000000000000, 0.000000000000000000, 0.000000000000000000 ) ) ;
#2059 = ORIENTED_EDGE ( 'NONE', *, *, #1297, .F. ) ;
#2060 = LINE ( 'NONE', #3453, #3842 ) ;
#2061 =( REPRESENTATION_RELATIONSHIP ('NONE','NONE', #2972, #1855 ) REPRESENTATION_RELATIONSHIP_WITH_TRANSFORMATION ( #3421 )SHAPE_REPRESENTATION_RELATIONSHIP( ) );
#2062 = ORIENTED_EDGE ( 'NONE', *, *, #716, .T. ) ;
#2063 = EDGE_CURVE ( 'NONE', #4193, #1863, #573, .T. ) ;
#2064 = ITEM_DEFINED_TRANSFORMATION ( 'NONE', 'NONE', #469,  #2662 ) ;
#2065 = PLANE ( 'NONE',  #3341 ) ;
#2066 = CARTESIAN_POINT ( 'NONE',  ( -7.500000000000000000, 27.50000000000000355, 0.000000000000000000 ) ) ;
#2067 = DIRECTION ( 'NONE',  ( 1.000000000000000000, 0.000000000000000000, 0.000000000000000000 ) ) ;
#2068 = EDGE_CURVE ( 'NONE', #1620, #223, #1530, .T. ) ;
#2069 = VERTEX_POINT ( 'NONE', #2978 ) ;
#2070 = DIRECTION ( 'NONE',  ( -1.000000000000000000, 0.000000000000000000, 0.000000000000000000 ) ) ;
#2071 =( LENGTH_UNIT ( ) NAMED_UNIT ( * ) SI_UNIT ( .MILLI., .METRE. ) );
#2072 = EDGE_CURVE ( 'NONE', #1601, #1462, #2675, .T. ) ;
#2073 = CARTESIAN_POINT ( 'NONE',  ( -20.99999999999999645, -11.49999999999999822, 150.0000000000000000 ) ) ;
#2074 = CARTESIAN_POINT ( 'NONE',  ( -50.00000000000000000, 0.000000000000000000, 26.00000000000000000 ) ) ;
#2075 = ORIENTED_EDGE ( 'NONE', *, *, #3332, .T. ) ;
#2076 = PRODUCT_DEFINITION_FORMATION_WITH_SPECIFIED_SOURCE ( 'ANY', '', #4302, .NOT_KNOWN. ) ;
#2077 = VECTOR ( 'NONE', #4480, 1000.000000000000000 ) ;
#2078 = VERTEX_POINT ( 'NONE', #4342 ) ;
#2079 = LINE ( 'NONE', #2532, #1196 ) ;
#2080 = DIRECTION ( 'NONE',  ( -1.000000000000000000, -0.000000000000000000, -0.000000000000000000 ) ) ;
#2081 = PLANE ( 'NONE',  #2321 ) ;
#2082 =( GEOMETRIC_REPRESENTATION_CONTEXT ( 3 ) GLOBAL_UNCERTAINTY_ASSIGNED_CONTEXT ( ( #234 ) ) GLOBAL_UNIT_ASSIGNED_CONTEXT ( ( #1350, #4083, #1324 ) ) REPRESENTATION_CONTEXT ( 'NONE', 'WORKASPACE' ) );
#2083 = VERTEX_POINT ( 'NONE', #129 ) ;
#2084 = VECTOR ( 'NONE', #3297, 1000.000000000000000 ) ;
#2085 = APPLICATION_CONTEXT ( 'automotive_design' ) ;
#2086 = SHAPE_REPRESENTATION ( 'Base_plate', ( #2662 ), #3179 ) ;
#2087 = VERTEX_POINT ( 'NONE', #2954 ) ;
#2088 = AXIS2_PLACEMENT_3D ( 'NONE', #1771, #431, #1446 ) ;
#2089 = EDGE_CURVE ( 'NONE', #222, #2111, #1504, .T. ) ;
#2090 = CARTESIAN_POINT ( 'NONE',  ( -7.500000000000000000, -27.49999999999999645, 0.000000000000000000 ) ) ;
#2091 = VECTOR ( 'NONE', #884, 1000.000000000000000 ) ;
#2092 = CARTESIAN_POINT ( 'NONE',  ( 10.82531754730545970, 6.250000000000052403, 15.00000000000000000 ) ) ;
#2093 = VERTEX_POINT ( 'NONE', #3006 ) ;
#2094 = ORIENTED_EDGE ( 'NONE', *, *, #1268, .T. ) ;
#2095 = PRODUCT_DEFINITION_SHAPE ( 'NONE', 'NONE',  #4519 ) ;
#2096 = AXIS2_PLACEMENT_3D ( 'NONE', #2822, #380, #5 ) ;
#2097 = DIRECTION ( 'NONE',  ( 1.000000000000000000, 2.172408555461092006E-16, -6.695042851894011894E-17 ) ) ;
#2098 = PLANE ( 'NONE',  #3621 ) ;
#2099 = CARTESIAN_POINT ( 'NONE',  ( -126.0000000000000000, 1.500000000000000000, 50.00000000000001421 ) ) ;
#2100 = CYLINDRICAL_SURFACE ( 'NONE', #2114, 4.000000000000000000 ) ;
#2101 = ORIENTED_EDGE ( 'NONE', *, *, #3251, .F. ) ;
#2102 = AXIS2_PLACEMENT_3D ( 'NONE', #3083, #678, #2051 ) ;
#2103 = VERTEX_POINT ( 'NONE', #545 ) ;
#2104 = DIRECTION ( 'NONE',  ( -1.000000000000000000, -0.000000000000000000, -0.000000000000000000 ) ) ;
#2105 = SHAPE_REPRESENTATION_RELATIONSHIP ( 'NONE' , 'NONE' ,  #2006, #1314 ) ;
#2106 = UNCERTAINTY_MEASURE_WITH_UNIT (LENGTH_MEASURE( 1.000000000000000082E-05 ), #1368, 'distance_accuracy_value', 'NONE');
#2107 = CARTESIAN_POINT ( 'NONE',  ( 42.00000000000000000, 1.224646799147353059E-15, -10.00000000000000000 ) ) ;
#2108 = VECTOR ( 'NONE', #4507, 1000.000000000000000 ) ;
#2109 = DIRECTION ( 'NONE',  ( -3.160203005648505647E-17, 1.000000000000000000, 0.000000000000000000 ) ) ;
#2110 = ADVANCED_FACE ( 'NONE', ( #1171 ), #172, .T. ) ;
#2111 = VERTEX_POINT ( 'NONE', #2561 ) ;
#2112 = DIRECTION ( 'NONE',  ( 1.000000000000000000, 0.000000000000000000, 0.000000000000000000 ) ) ;
#2113 = EDGE_CURVE ( 'NONE', #2254, #2286, #2608, .T. ) ;
#2114 = AXIS2_PLACEMENT_3D ( 'NONE', #402, #2192, #3243 ) ;
#2115 = ORIENTED_EDGE ( 'NONE', *, *, #3080, .F. ) ;
#2116 = PLANE ( 'NONE',  #3479 ) ;
#2117 = DIRECTION ( 'NONE',  ( -1.982541115402066096E-16, 0.000000000000000000, -1.000000000000000000 ) ) ;
#2118 = CARTESIAN_POINT ( 'NONE',  ( -9.635254915624210881, -2.676165673298174674, 15.00000000000000000 ) ) ;
#2119 = VERTEX_POINT ( 'NONE', #3986 ) ;
#2120 = ORIENTED_EDGE ( 'NONE', *, *, #105, .T. ) ;
#2121 = CARTESIAN_POINT ( 'NONE',  ( 0.000000000000000000, -4.163336342344337027E-14, -27.50000000000000000 ) ) ;
#2122 = DIRECTION ( 'NONE',  ( 1.000000000000000000, -7.655564068511674920E-17, -8.913075860763225563E-17 ) ) ;
#2123 = EDGE_CURVE ( 'NONE', #1863, #2078, #834, .T. ) ;
#2124 = DIRECTION ( 'NONE',  ( 1.000000000000000000, 0.000000000000000000, 0.000000000000000000 ) ) ;
#2125 = CARTESIAN_POINT ( 'NONE',  ( -2.168404344971011392E-14, 1.500000000000000000, -50.00000000000005684 ) ) ;
#2126 =( REPRESENTATION_RELATIONSHIP ('NONE','NONE', #2972, #3096 ) REPRESENTATION_RELATIONSHIP_WITH_TRANSFORMATION ( #4494 )SHAPE_REPRESENTATION_RELATIONSHIP( ) );
#2127 = VERTEX_POINT ( 'NONE', #3965 ) ;
#2128 = VERTEX_POINT ( 'NONE', #809 ) ;
#2129 = DIRECTION ( 'NONE',  ( 0.000000000000000000, 0.000000000000000000, -1.000000000000000000 ) ) ;
#2130 =( LENGTH_UNIT ( ) NAMED_UNIT ( * ) SI_UNIT ( .MILLI., .METRE. ) );
#2131 = EDGE_CURVE ( 'NONE', #2269, #781, #507, .T. ) ;
#2132 = LINE ( 'NONE', #698, #2472 ) ;
#2133 = CARTESIAN_POINT ( 'NONE',  ( -22.99999999999997513, 1.500000000000000000, 4.559844565424747485E-15 ) ) ;
#2134 = VERTEX_POINT ( 'NONE', #217 ) ;
#2135 = ADVANCED_FACE ( 'NONE', ( #3316 ), #194, .T. ) ;
#2136 = DIRECTION ( 'NONE',  ( -0.000000000000000000, -1.000000000000000000, -0.000000000000000000 ) ) ;
#2137 = ADVANCED_FACE ( 'NONE', ( #4440 ), #2012, .F. ) ;
#2138 = PRODUCT_DEFINITION_SHAPE ( 'NONE', 'NONE',  #4537 ) ;
#2139 = CARTESIAN_POINT ( 'NONE',  ( 158.0000000000000000, 1.500000000000000000, -49.99999999999998579 ) ) ;
#2140 = ORIENTED_EDGE ( 'NONE', *, *, #3255, .T. ) ;
#2141 = LINE ( 'NONE', #2846, #4468 ) ;
#2142 = PLANE ( 'NONE',  #3271 ) ;
#2143 = PLANE ( 'NONE',  #2806 ) ;
#2144 = ORIENTED_EDGE ( 'NONE', *, *, #2072, .T. ) ;
#2145 = EDGE_LOOP ( 'NONE', ( #844, #1715, #294, #888 ) ) ;
#2146 = SURFACE_STYLE_FILL_AREA ( #3168 ) ;
#2147 = DIRECTION ( 'NONE',  ( -1.000000000000000222, 0.000000000000000000, 0.000000000000000000 ) ) ;
#2148 = DIRECTION ( 'NONE',  ( 1.000000000000000000, 0.000000000000000000, -0.000000000000000000 ) ) ;
#2149 = DIRECTION ( 'NONE',  ( 0.000000000000000000, 0.000000000000000000, -1.000000000000000000 ) ) ;
#2150 = ORIENTED_EDGE ( 'NONE', *, *, #2784, .T. ) ;
#2151 = LINE ( 'NONE', #3942, #1812 ) ;
#2152 = DIRECTION ( 'NONE',  ( -4.336808689942017736E-16, 0.000000000000000000, 1.000000000000000000 ) ) ;
#2153 =( NAMED_UNIT ( * ) PLANE_ANGLE_UNIT ( ) SI_UNIT ( $, .RADIAN. ) );
#2154 = DIRECTION ( 'NONE',  ( -0.000000000000000000, -0.000000000000000000, 1.000000000000000000 ) ) ;
#2155 = PRODUCT_RELATED_PRODUCT_CATEGORY ( 'part', '', ( #104 ) ) ;
#2156 = ORIENTED_EDGE ( 'NONE', *, *, #2252, .F. ) ;
#2157 = DIRECTION ( 'NONE',  ( -0.000000000000000000, 0.000000000000000000, 1.000000000000000000 ) ) ;
#2158 = VECTOR ( 'NONE', #2348, 1000.000000000000000 ) ;
#2159 = ORIENTED_EDGE ( 'NONE', *, *, #780, .F. ) ;
#2160 = DIRECTION ( 'NONE',  ( 0.000000000000000000, 0.6185895741317418706, -0.7857142857142858094 ) ) ;
#2161 = DIRECTION ( 'NONE',  ( -0.000000000000000000, -0.000000000000000000, -1.000000000000000000 ) ) ;
#2162 = DIRECTION ( 'NONE',  ( -0.000000000000000000, -1.000000000000000000, -0.000000000000000000 ) ) ;
#2163 = ADVANCED_FACE ( 'NONE', ( #2674 ), #3798, .F. ) ;
#2164 = EDGE_LOOP ( 'NONE', ( #3960, #2925, #3741, #3883 ) ) ;
#2165 = DIRECTION ( 'NONE',  ( -1.000000000000000000, -0.000000000000000000, -0.000000000000000000 ) ) ;
#2166 = DIRECTION ( 'NONE',  ( 0.000000000000000000, 0.000000000000000000, 1.000000000000000000 ) ) ;
#2167 = CARTESIAN_POINT ( 'NONE',  ( -22.99999999999999289, 0.000000000000000000, -135.0000000000000000 ) ) ;
#2168 = AXIS2_PLACEMENT_3D ( 'NONE', #3513, #3864, #3888 ) ;
#2169 = LINE ( 'NONE', #850, #212 ) ;
#2170 = LINE ( 'NONE', #4192, #714 ) ;
#2171 = VECTOR ( 'NONE', #1639, 1000.000000000000000 ) ;
#2172 = ORIENTED_EDGE ( 'NONE', *, *, #2656, .T. ) ;
#2173 = AXIS2_PLACEMENT_3D ( 'NONE', #1788, #660, #4160 ) ;
#2174 = VERTEX_POINT ( 'NONE', #1262 ) ;
#2175 = CARTESIAN_POINT ( 'NONE',  ( 175.0000000000000000, 94.80879363930131376, 74.64256708526511375 ) ) ;
#2176 = CARTESIAN_POINT ( 'NONE',  ( 671.3610843314503427, 886.7765293216247073, 1342.871995967144130 ) ) ;
#2177 = PRODUCT ( 'Main_Bot', 'Main_Bot', '', ( #1157 ) ) ;
#2178 = COLOUR_RGB ( '',0.7921568627450980005, 0.8196078431372548767, 0.9333333333333333481 ) ;
#2179 = DIRECTION ( 'NONE',  ( 0.000000000000000000, 0.000000000000000000, 1.000000000000000000 ) ) ;
#2180 = VECTOR ( 'NONE', #1093, 1000.000000000000000 ) ;
#2181 = ORIENTED_EDGE ( 'NONE', *, *, #4177, .T. ) ;
#2182 = DIRECTION ( 'NONE',  ( 0.000000000000000000, 0.000000000000000000, -1.000000000000000000 ) ) ;
#2183 = VECTOR ( 'NONE', #2313, 1000.000000000000000 ) ;
#2184 = EDGE_CURVE ( 'NONE', #4334, #2560, #281, .T. ) ;
#2185 = AXIS2_PLACEMENT_3D ( 'NONE', #1254, #4412, #520 ) ;
#2186 = VERTEX_POINT ( 'NONE', #4506 ) ;
#2187 = CARTESIAN_POINT ( 'NONE',  ( 21.00000000000000355, 11.50000000000000178, 150.0000000000000000 ) ) ;
#2188 = EDGE_LOOP ( 'NONE', ( #642, #2606, #617, #2503 ) ) ;
#2189 = SURFACE_STYLE_FILL_AREA ( #3258 ) ;
#2190 = APPLICATION_PROTOCOL_DEFINITION ( 'draft international standard', 'automotive_design', 1998, #1557 ) ;
#2191 = LINE ( 'NONE', #3654, #982 ) ;
#2192 = DIRECTION ( 'NONE',  ( -0.000000000000000000, -0.000000000000000000, -1.000000000000000000 ) ) ;
#2193 = ORIENTED_EDGE ( 'NONE', *, *, #4177, .F. ) ;
#2194 = ORIENTED_EDGE ( 'NONE', *, *, #3612, .T. ) ;
#2195 = DIRECTION ( 'NONE',  ( -0.000000000000000000, 0.000000000000000000, 1.000000000000000000 ) ) ;
#2196 = CARTESIAN_POINT ( 'NONE',  ( 34.50000000000000000, 30.00000000000000000, 2.000000000000000000 ) ) ;
#2197 = CARTESIAN_POINT ( 'NONE',  ( -32.49999999999999289, -30.00000000000000000, 0.000000000000000000 ) ) ;
#2198 = ORIENTED_EDGE ( 'NONE', *, *, #3589, .T. ) ;
#2199 = FACE_OUTER_BOUND ( 'NONE', #3990, .T. ) ;
#2200 = CARTESIAN_POINT ( 'NONE',  ( -49.99999999999997868, 15.00000000000000000, -20.00000000000000355 ) ) ;
#2201 = ORIENTED_EDGE ( 'NONE', *, *, #2835, .F. ) ;
#2202 = EDGE_CURVE ( 'NONE', #99, #1671, #3478, .T. ) ;
#2203 = ORIENTED_EDGE ( 'NONE', *, *, #257, .T. ) ;
#2204 = B_SPLINE_SURFACE_WITH_KNOTS ( 'NONE', 2, 1, ( 
 ( #3982, #126 ),
 ( #458, #1566 ),
 ( #1894, #3608 ) ),
 .UNSPECIFIED., .F., .F., .F.,
 ( 3, 3 ),
 ( 2, 2 ),
 ( 0.000000000000000000, 1.000000000000000000 ),
 ( 0.000000000000000000, 1.000000000000000000 ),
 .UNSPECIFIED. ) ;
#2205 =( NAMED_UNIT ( * ) SI_UNIT ( $, .STERADIAN. ) SOLID_ANGLE_UNIT ( ) );
#2206 = PRODUCT_CONTEXT ( 'NONE', #2323, 'mechanical' ) ;
#2207 =( REPRESENTATION_RELATIONSHIP ('NONE','NONE', #2972, #3412 ) REPRESENTATION_RELATIONSHIP_WITH_TRANSFORMATION ( #3100 )SHAPE_REPRESENTATION_RELATIONSHIP( ) );
#2208 = CYLINDRICAL_SURFACE ( 'NONE', #1269, 1.500000000000000222 ) ;
#2209 = FACE_OUTER_BOUND ( 'NONE', #4236, .T. ) ;
#2210 = PLANE ( 'NONE',  #1294 ) ;
#2211 = EDGE_CURVE ( 'NONE', #472, #530, #237, .T. ) ;
#2212 = ORIENTED_EDGE ( 'NONE', *, *, #2681, .F. ) ;
#2213 = ORIENTED_EDGE ( 'NONE', *, *, #1691, .T. ) ;
#2214 = EDGE_CURVE ( 'NONE', #377, #1164, #1687, .T. ) ;
#2215 = LINE ( 'NONE', #805, #4379 ) ;
#2216 =( NAMED_UNIT ( * ) PLANE_ANGLE_UNIT ( ) SI_UNIT ( $, .RADIAN. ) );
#2217 = DIRECTION ( 'NONE',  ( 0.000000000000000000, 0.000000000000000000, -1.000000000000000000 ) ) ;
#2218 = ORIENTED_EDGE ( 'NONE', *, *, #822, .T. ) ;
#2219 = DIRECTION ( 'NONE',  ( -1.000000000000000000, -0.000000000000000000, -0.000000000000000000 ) ) ;
#2220 = PRESENTATION_STYLE_ASSIGNMENT (( #810 ) ) ;
#2221 = ORIENTED_EDGE ( 'NONE', *, *, #3692, .F. ) ;
#2222 = EDGE_LOOP ( 'NONE', ( #3233, #1956, #3196, #3833 ) ) ;
#2223 = VECTOR ( 'NONE', #3509, 1000.000000000000000 ) ;
#2224 = ORIENTED_EDGE ( 'NONE', *, *, #3772, .F. ) ;
#2225 = DIRECTION ( 'NONE',  ( -0.000000000000000000, -0.000000000000000000, -1.000000000000000000 ) ) ;
#2226 = APPLICATION_PROTOCOL_DEFINITION ( 'draft international standard', 'automotive_design', 1998, #1021 ) ;
#2227 =( GEOMETRIC_REPRESENTATION_CONTEXT ( 3 ) GLOBAL_UNCERTAINTY_ASSIGNED_CONTEXT ( ( #2841 ) ) GLOBAL_UNIT_ASSIGNED_CONTEXT ( ( #522, #1866, #4315 ) ) REPRESENTATION_CONTEXT ( 'NONE', 'WORKASPACE' ) );
#2228 = CARTESIAN_POINT ( 'NONE',  ( 158.0000000000000000, 3.000000000000000000, 0.000000000000000000 ) ) ;
#2229 = PRODUCT_RELATED_PRODUCT_CATEGORY ( 'part', '', ( #2498 ) ) ;
#2230 = LINE ( 'NONE', #1487, #1658 ) ;
#2231 = DIRECTION ( 'NONE',  ( 0.000000000000000000, 0.000000000000000000, -1.000000000000000000 ) ) ;
#2232 = EDGE_LOOP ( 'NONE', ( #3373, #3055, #1440, #325 ) ) ;
#2233 = EDGE_CURVE ( 'NONE', #2069, #1638, #1422, .T. ) ;
#2234 = VECTOR ( 'NONE', #2136, 1000.000000000000000 ) ;
#2235 = CARTESIAN_POINT ( 'NONE',  ( 0.000000000000000000, 1.500000000000000000, 50.00000000000001421 ) ) ;
#2236 = DIRECTION ( 'NONE',  ( -1.000000000000000000, 0.000000000000000000, 0.000000000000000000 ) ) ;
#2237 = AXIS2_PLACEMENT_3D ( 'NONE', #164, #3306, #1541 ) ;
#2238 = CARTESIAN_POINT ( 'NONE',  ( 1.250000000000030642, -2.165063509461127467, -15.00000000000000000 ) ) ;
#2239 = AXIS2_PLACEMENT_3D ( 'NONE', #790, #2625, #3267 ) ;
#2240 = DIRECTION ( 'NONE',  ( 0.000000000000000000, 0.000000000000000000, -1.000000000000000000 ) ) ;
#2241 = ORIENTED_EDGE ( 'NONE', *, *, #4180, .T. ) ;
#2242 = CARTESIAN_POINT ( 'NONE',  ( -20.99999999999999645, 11.50000000000000178, 0.000000000000000000 ) ) ;
#2243 = AXIS2_PLACEMENT_3D ( 'NONE', #3588, #456, #3633 ) ;
#2244 = FILL_AREA_STYLE ('',( #3966 ) ) ;
#2245 = VECTOR ( 'NONE', #4055, 1000.000000000000000 ) ;
#2246 = DIRECTION ( 'NONE',  ( -1.000000000000000000, -0.000000000000000000, -0.000000000000000000 ) ) ;
#2247 = PRODUCT_DEFINITION_SHAPE ( 'NONE', 'NONE',  #1897 ) ;
#2248 = STYLED_ITEM ( 'NONE', ( #308 ), #1373 ) ;
#2249 = EDGE_LOOP ( 'NONE', ( #4111, #4257, #2557, #2364 ) ) ;
#2250 = ORIENTED_EDGE ( 'NONE', *, *, #2214, .T. ) ;
#2251 = VECTOR ( 'NONE', #2652, 1000.000000000000000 ) ;
#2252 = EDGE_CURVE ( 'NONE', #3018, #370, #559, .T. ) ;
#2253 = VECTOR ( 'NONE', #2578, 1000.000000000000000 ) ;
#2254 = VERTEX_POINT ( 'NONE', #4487 ) ;
#2255 = SURFACE_STYLE_USAGE ( .BOTH. , #181 ) ;
#2256 = AXIS2_PLACEMENT_3D ( 'NONE', #3000, #2643, #1631 ) ;
#2257 = SHAPE_DEFINITION_REPRESENTATION ( #1839, #3096 ) ;
#2258 = CARTESIAN_POINT ( 'NONE',  ( 0.000000000000000000, 0.000000000000000000, 105.0000000000000000 ) ) ;
#2259 = AXIS2_PLACEMENT_3D ( 'NONE', #570, #901, #4106 ) ;
#2260 = CARTESIAN_POINT ( 'NONE',  ( 34.50000000000000000, 0.000000000000000000, -25.00000000000000000 ) ) ;
#2261 = CARTESIAN_POINT ( 'NONE',  ( 21.00000000000000355, -11.49999999999999822, 150.0000000000000000 ) ) ;
#2262 = ORIENTED_EDGE ( 'NONE', *, *, #3954, .T. ) ;
#2263 = DIRECTION ( 'NONE',  ( -1.000000000000000000, 0.000000000000000000, 0.000000000000000000 ) ) ;
#2264 = CARTESIAN_POINT ( 'NONE',  ( 32.50000000000001421, -30.00000000000000000, 0.000000000000000000 ) ) ;
#2265 = EDGE_CURVE ( 'NONE', #3333, #3797, #4079, .T. ) ;
#2266 = LINE ( 'NONE', #566, #1654 ) ;
#2267 = CARTESIAN_POINT ( 'NONE',  ( 126.0000000000000000, 3.000000000000000000, 50.00000000000001421 ) ) ;
#2268 = LINE ( 'NONE', #4133, #2829 ) ;
#2269 = VERTEX_POINT ( 'NONE', #3407 ) ;
#2270 = EDGE_CURVE ( 'NONE', #1322, #1423, #2358, .T. ) ;
#2271 = CARTESIAN_POINT ( 'NONE',  ( 0.000000000000000000, 0.000000000000000000, 50.00000000000001421 ) ) ;
#2272 = DIRECTION ( 'NONE',  ( -0.000000000000000000, 1.000000000000000000, 0.000000000000000000 ) ) ;
#2273 = EDGE_CURVE ( 'NONE', #3914, #2917, #4297, .T. ) ;
#2274 = ORIENTED_EDGE ( 'NONE', *, *, #3138, .F. ) ;
#2275 = ORIENTED_EDGE ( 'NONE', *, *, #3491, .F. ) ;
#2276 = ADVANCED_FACE ( 'NONE', ( #1706 ), #2721, .T. ) ;
#2277 = ORIENTED_EDGE ( 'NONE', *, *, #3752, .T. ) ;
#2278 = SHAPE_DEFINITION_REPRESENTATION ( #1723, #2334 ) ;
#2279 = DIRECTION ( 'NONE',  ( -0.000000000000000000, 0.000000000000000000, 1.000000000000000000 ) ) ;
#2280 = DIRECTION ( 'NONE',  ( 0.5000000000000013323, -0.8660254037844378194, 0.000000000000000000 ) ) ;
#2281 = ORIENTED_EDGE ( 'NONE', *, *, #2720, .F. ) ;
#2282 = DIRECTION ( 'NONE',  ( 1.000000000000000000, 0.000000000000000000, -1.486905836551548339E-16 ) ) ;
#2283 = PLANE ( 'NONE',  #1799 ) ;
#2284 = CARTESIAN_POINT ( 'NONE',  ( -32.49999999999999289, -30.00000000000000000, 2.000000000000000000 ) ) ;
#2285 = CYLINDRICAL_SURFACE ( 'NONE', #3718, 10.00000000000000000 ) ;
#2286 = VERTEX_POINT ( 'NONE', #3818 ) ;
#2287 = CARTESIAN_POINT ( 'NONE',  ( 21.00000000000000355, -11.49999999999999822, 0.000000000000000000 ) ) ;
#2288 = DIRECTION ( 'NONE',  ( -0.000000000000000000, 0.000000000000000000, 1.000000000000000000 ) ) ;
#2289 = FACE_OUTER_BOUND ( 'NONE', #1474, .T. ) ;
#2290 = PRODUCT_DEFINITION ( 'UNKNOWN', '', #2892, #3343 ) ;
#2291 = ORIENTED_EDGE ( 'NONE', *, *, #2374, .T. ) ;
#2292 = ORIENTED_EDGE ( 'NONE', *, *, #3366, .T. ) ;
#2293 = CARTESIAN_POINT ( 'NONE',  ( 23.00000000000000711, 1.500000000000000000, 0.000000000000000000 ) ) ;
#2294 =( REPRESENTATION_RELATIONSHIP ('NONE','NONE', #2972, #2334 ) REPRESENTATION_RELATIONSHIP_WITH_TRANSFORMATION ( #3807 )SHAPE_REPRESENTATION_RELATIONSHIP( ) );
#2295 = ORIENTED_EDGE ( 'NONE', *, *, #2908, .F. ) ;
#2296 = DIRECTION ( 'NONE',  ( 0.000000000000000000, 0.000000000000000000, -1.000000000000000000 ) ) ;
#2297 = DIRECTION ( 'NONE',  ( 1.000000000000000000, 0.000000000000000000, 0.000000000000000000 ) ) ;
#2298 = MECHANICAL_DESIGN_GEOMETRIC_PRESENTATION_REPRESENTATION (  '', ( #1785 ), #546 ) ;
#2299 = CARTESIAN_POINT ( 'NONE',  ( 88.46153846153887912, 0.000000000000000000, -132.6923076923077076 ) ) ;
#2300 = DIRECTION ( 'NONE',  ( 0.000000000000000000, 0.000000000000000000, -1.000000000000000000 ) ) ;
#2301 = EDGE_CURVE ( 'NONE', #2725, #2341, #3073, .T. ) ;
#2302 = ORIENTED_EDGE ( 'NONE', *, *, #23, .T. ) ;
#2303 = PLANE ( 'NONE',  #3719 ) ;
#2304 = AXIS2_PLACEMENT_3D ( 'NONE', #3176, #83, #3916 ) ;
#2305 = DIRECTION ( 'NONE',  ( 0.000000000000000000, 0.000000000000000000, -1.000000000000000000 ) ) ;
#2306 = CARTESIAN_POINT ( 'NONE',  ( -22.99999999999999289, 3.000000000000000000, -135.0000000000000000 ) ) ;
#2307 = VECTOR ( 'NONE', #771, 1000.000000000000114 ) ;
#2308 = EDGE_LOOP ( 'NONE', ( #2519, #1028, #3667, #1817 ) ) ;
#2309 = CIRCLE ( 'NONE', #2601, 17.50000000000000000 ) ;
#2310 = CARTESIAN_POINT ( 'NONE',  ( 32.50000000000000000, 0.000000000000000000, -53.00000000000000711 ) ) ;
#2311 = ADVANCED_BREP_SHAPE_REPRESENTATION ( '', ( #2935, #2662 ), #905 ) ;
#2312 =( NAMED_UNIT ( * ) PLANE_ANGLE_UNIT ( ) SI_UNIT ( $, .RADIAN. ) );
#2313 = DIRECTION ( 'NONE',  ( 0.000000000000000000, 0.000000000000000000, -1.000000000000000000 ) ) ;
#2314 = ORIENTED_EDGE ( 'NONE', *, *, #3808, .F. ) ;
#2315 = VECTOR ( 'NONE', #3105, 1000.000000000000000 ) ;
#2316 = EDGE_LOOP ( 'NONE', ( #3817, #2653, #1994, #3452 ) ) ;
#2317 = ADVANCED_FACE ( 'NONE', ( #4108, #3751 ), #1310, .F. ) ;
#2318 = VECTOR ( 'NONE', #1765, 1000.000000000000000 ) ;
#2319 = ORIENTED_EDGE ( 'NONE', *, *, #3413, .T. ) ;
#2320 = CARTESIAN_POINT ( 'NONE',  ( -7.500000000000000000, 1.224646799147353256E-15, -10.00000000000000000 ) ) ;
#2321 = AXIS2_PLACEMENT_3D ( 'NONE', #2862, #4288, #2109 ) ;
#2322 = CARTESIAN_POINT ( 'NONE',  ( -1.249999999999990008, 2.165063509461059077, 15.00000000000000000 ) ) ;
#2323 = APPLICATION_CONTEXT ( 'automotive_design' ) ;
#2324 = CARTESIAN_POINT ( 'NONE',  ( 9.575317547305468580, 8.415063509461104374, -15.00000000000000000 ) ) ;
#2325 = CARTESIAN_POINT ( 'NONE',  ( 0.000000000000000000, 0.000000000000000000, 15.00000000000000000 ) ) ;
#2326 = PRESENTATION_LAYER_ASSIGNMENT (  '', '', ( #3858 ) ) ;
#2327 = ADVANCED_FACE ( 'NONE', ( #307 ), #2036, .F. ) ;
#2328 = ORIENTED_EDGE ( 'NONE', *, *, #3785, .F. ) ;
#2329 = CLOSED_SHELL ( 'NONE', ( #1636, #806, #1006, #1895 ) ) ;
#2330 = CARTESIAN_POINT ( 'NONE',  ( -175.0000000000000000, 3.000000000000000000, -75.00000000000001421 ) ) ;
#2331 = CARTESIAN_POINT ( 'NONE',  ( -1.249999999999990008, 2.165063509461059077, 15.00000000000000000 ) ) ;
#2332 =( NAMED_UNIT ( * ) PLANE_ANGLE_UNIT ( ) SI_UNIT ( $, .RADIAN. ) );
#2333 = UNCERTAINTY_MEASURE_WITH_UNIT (LENGTH_MEASURE( 1.000000000000000082E-05 ), #3364, 'distance_accuracy_value', 'NONE');
#2334 = SHAPE_REPRESENTATION ( 'BLDC_motor', ( #2662 ), #3765 ) ;
#2335 = DIRECTION ( 'NONE',  ( 0.000000000000000000, 0.000000000000000000, 1.000000000000000000 ) ) ;
#2336 = PLANE ( 'NONE',  #2843 ) ;
#2337 = ORIENTED_EDGE ( 'NONE', *, *, #4144, .F. ) ;
#2338 = CARTESIAN_POINT ( 'NONE',  ( 117.5000000000002984, 0.000000000000000000, -117.4999999999999005 ) ) ;
#2339 = CARTESIAN_POINT ( 'NONE',  ( 12.07531754730549167, 4.084936490538923159, 15.00000000000000000 ) ) ;
#2340 = EDGE_LOOP ( 'NONE', ( #1529, #1345 ) ) ;
#2341 = VERTEX_POINT ( 'NONE', #2740 ) ;
#2342 = DIRECTION ( 'NONE',  ( -4.336808689942017736E-16, 0.000000000000000000, 1.000000000000000000 ) ) ;
#2343 = ORIENTED_EDGE ( 'NONE', *, *, #105, .F. ) ;
#2344 = CARTESIAN_POINT ( 'NONE',  ( 0.000000000000000000, 1.500000000000000000, -149.9999999999999716 ) ) ;
#2345 = CONTEXT_DEPENDENT_SHAPE_REPRESENTATION ( #395, #2459 ) ;
#2346 = FACE_OUTER_BOUND ( 'NONE', #2555, .T. ) ;
#2347 = LINE ( 'NONE', #534, #1578 ) ;
#2348 = DIRECTION ( 'NONE',  ( -0.000000000000000000, -1.000000000000000000, -0.000000000000000000 ) ) ;
#2349 = EDGE_CURVE ( 'NONE', #2849, #1007, #204, .T. ) ;
#2350 = ORIENTED_EDGE ( 'NONE', *, *, #3090, .T. ) ;
#2351 = LINE ( 'NONE', #1914, #1360 ) ;
#2352 = FACE_OUTER_BOUND ( 'NONE', #1117, .T. ) ;
#2353 = SHAPE_REPRESENTATION_RELATIONSHIP ( 'NONE' , 'NONE' ,  #3412, #2311 ) ;
#2354 = EDGE_CURVE ( 'NONE', #2020, #288, #3915, .T. ) ;
#2355 = PLANE ( 'NONE',  #293 ) ;
#2356 = ADVANCED_FACE ( 'NONE', ( #3870 ), #3470, .F. ) ;
#2357 = ORIENTED_EDGE ( 'NONE', *, *, #3529, .F. ) ;
#2358 = LINE ( 'NONE', #971, #3260 ) ;
#2359 =( REPRESENTATION_RELATIONSHIP ('NONE','NONE', #2972, #4179 ) REPRESENTATION_RELATIONSHIP_WITH_TRANSFORMATION ( #2710 )SHAPE_REPRESENTATION_RELATIONSHIP( ) );
#2360 = CARTESIAN_POINT ( 'NONE',  ( -2.168404344971011392E-14, 3.000000000000000000, -50.00000000000005684 ) ) ;
#2361 = CARTESIAN_POINT ( 'NONE',  ( -117.5000000000002984, 1.500000000000000000, -117.4999999999999005 ) ) ;
#2362 = ADVANCED_FACE ( 'NONE', ( #1030 ), #3133, .T. ) ;
#2363 = EDGE_LOOP ( 'NONE', ( #1173, #652, #753, #2699 ) ) ;
#2364 = ORIENTED_EDGE ( 'NONE', *, *, #1787, .T. ) ;
#2365 = LINE ( 'NONE', #3756, #1336 ) ;
#2366 = EDGE_LOOP ( 'NONE', ( #262, #692, #700, #1072 ) ) ;
#2367 = PLANE ( 'NONE',  #1489 ) ;
#2368 = CONTEXT_DEPENDENT_SHAPE_REPRESENTATION ( #31, #3154 ) ;
#2369 = CARTESIAN_POINT ( 'NONE',  ( 0.000000000000000000, 0.000000000000000000, 0.000000000000000000 ) ) ;
#2370 = FACE_OUTER_BOUND ( 'NONE', #3920, .T. ) ;
#2371 = PRESENTATION_STYLE_ASSIGNMENT (( #964 ) ) ;
#2372 = EDGE_LOOP ( 'NONE', ( #1673, #3378, #1101, #3804 ) ) ;
#2373 = LINE ( 'NONE', #3766, #4385 ) ;
#2374 = EDGE_CURVE ( 'NONE', #79, #887, #3815, .T. ) ;
#2375 = CARTESIAN_POINT ( 'NONE',  ( 6.735557395310444193E-15, -50.00000000000000000, 15.00000000000000000 ) ) ;
#2376 = DIRECTION ( 'NONE',  ( -1.000000000000000000, 0.000000000000000000, -0.000000000000000000 ) ) ;
#2377 = STYLED_ITEM ( 'NONE', ( #1634 ), #4509 ) ;
#2378 = ORIENTED_EDGE ( 'NONE', *, *, #1237, .F. ) ;
#2379 = DIRECTION ( 'NONE',  ( 1.000000000000000000, 0.000000000000000000, 0.000000000000000000 ) ) ;
#2380 = FACE_OUTER_BOUND ( 'NONE', #744, .T. ) ;
#2381 = EDGE_CURVE ( 'NONE', #4068, #2785, #2079, .T. ) ;
#2382 = AXIS2_PLACEMENT_3D ( 'NONE', #2891, #730, #1133 ) ;
#2383 = VERTEX_POINT ( 'NONE', #3175 ) ;
#2384 = ADVANCED_FACE ( 'NONE', ( #346 ), #763, .T. ) ;
#2385 = CARTESIAN_POINT ( 'NONE',  ( -11.33107569688463734, -22.28467463418459715, 15.00000000000000000 ) ) ;
#2386 = AXIS2_PLACEMENT_3D ( 'NONE', #1727, #2826, #3147 ) ;
#2387 = VECTOR ( 'NONE', #3713, 1000.000000000000000 ) ;
#2388 = VECTOR ( 'NONE', #3879, 1000.000000000000000 ) ;
#2389 = ORIENTED_EDGE ( 'NONE', *, *, #3692, .T. ) ;
#2390 = EDGE_CURVE ( 'NONE', #706, #3592, #2490, .T. ) ;
#2391 = ITEM_DEFINED_TRANSFORMATION ( 'NONE', 'NONE', #264,  #2662 ) ;
#2392 = CARTESIAN_POINT ( 'NONE',  ( -7.500000000000000000, 0.000000000000000000, 0.000000000000000000 ) ) ;
#2393 = PLANE ( 'NONE',  #3935 ) ;
#2394 = DIRECTION ( 'NONE',  ( -1.000000000000000000, 0.000000000000000000, 0.000000000000000000 ) ) ;
#2395 = AXIS2_PLACEMENT_3D ( 'NONE', #4331, #1889, #3288 ) ;
#2396 = PRESENTATION_LAYER_ASSIGNMENT (  '', '', ( #2248 ) ) ;
#2397 = VERTEX_POINT ( 'NONE', #3835 ) ;
#2398 = DIRECTION ( 'NONE',  ( -1.000000000000000000, -0.000000000000000000, -0.000000000000000000 ) ) ;
#2399 = VECTOR ( 'NONE', #1147, 1000.000000000000000 ) ;
#2400 = CARTESIAN_POINT ( 'NONE',  ( 50.00000000000002132, 15.00000000000000000, 19.99999999999999645 ) ) ;
#2401 =( GEOMETRIC_REPRESENTATION_CONTEXT ( 3 ) GLOBAL_UNCERTAINTY_ASSIGNED_CONTEXT ( ( #3837 ) ) GLOBAL_UNIT_ASSIGNED_CONTEXT ( ( #36, #1453, #2765 ) ) REPRESENTATION_CONTEXT ( 'NONE', 'WORKASPACE' ) );
#2402 = AXIS2_PLACEMENT_3D ( 'NONE', #1546, #878, #587 ) ;
#2403 = VECTOR ( 'NONE', #4032, 1000.000000000000000 ) ;
#2404 = ORIENTED_EDGE ( 'NONE', *, *, #455, .T. ) ;
#2405 = DIRECTION ( 'NONE',  ( -1.000000000000000000, -0.000000000000000000, -0.000000000000000000 ) ) ;
#2406 = DIRECTION ( 'NONE',  ( -3.160203005648525984E-17, -1.000000000000000000, 0.000000000000000000 ) ) ;
#2407 = CARTESIAN_POINT ( 'NONE',  ( 23.00000000000000711, 0.000000000000000000, -149.9999999999999716 ) ) ;
#2408 = EDGE_CURVE ( 'NONE', #712, #1690, #437, .T. ) ;
#2409 = EDGE_LOOP ( 'NONE', ( #378, #2314, #3712, #4323 ) ) ;
#2410 = DIRECTION ( 'NONE',  ( -0.5547001962252309237, 0.000000000000000000, 0.8320502943378426108 ) ) ;
#2411 = ADVANCED_FACE ( 'NONE', ( #1426 ), #406, .F. ) ;
#2412 = EDGE_CURVE ( 'NONE', #3315, #513, #721, .T. ) ;
#2413 = ORIENTED_EDGE ( 'NONE', *, *, #1532, .F. ) ;
#2414 = LINE ( 'NONE', #3806, #4449 ) ;
#2415 = CONTEXT_DEPENDENT_SHAPE_REPRESENTATION ( #2294, #1056 ) ;
#2416 = DIRECTION ( 'NONE',  ( 0.000000000000000000, 0.000000000000000000, 1.000000000000000000 ) ) ;
#2417 = CARTESIAN_POINT ( 'NONE',  ( 0.000000000000000000, 0.000000000000000000, 90.00000000000000000 ) ) ;
#2418 =( NAMED_UNIT ( * ) SI_UNIT ( $, .STERADIAN. ) SOLID_ANGLE_UNIT ( ) );
#2419 = ORIENTED_EDGE ( 'NONE', *, *, #1245, .T. ) ;
#2420 = CARTESIAN_POINT ( 'NONE',  ( 7.500000000000000000, -27.50000000000001066, 122.5000000000000284 ) ) ;
#2421 = FILL_AREA_STYLE ('',( #277 ) ) ;
#2422 = EDGE_LOOP ( 'NONE', ( #761, #88 ) ) ;
#2423 = CARTESIAN_POINT ( 'NONE',  ( 9.635254915624210881, 2.676165673298175562, 15.00000000000000000 ) ) ;
#2424 = PRODUCT_DEFINITION_SHAPE ( 'NONE', 'NONE',  #4527 ) ;
#2425 = LINE ( 'NONE', #61, #71 ) ;
#2426 = ORIENTED_EDGE ( 'NONE', *, *, #3887, .F. ) ;
#2427 = FACE_OUTER_BOUND ( 'NONE', #4376, .T. ) ;
#2428 = PRODUCT_DEFINITION ( 'UNKNOWN', '', #3173, #1034 ) ;
#2429 = ORIENTED_EDGE ( 'NONE', *, *, #2265, .F. ) ;
#2430 = CARTESIAN_POINT ( 'NONE',  ( 175.0000000000000000, -61.28684177437178704, 159.7500000000000568 ) ) ;
#2431 = FACE_OUTER_BOUND ( 'NONE', #4428, .T. ) ;
#2432 = ORIENTED_EDGE ( 'NONE', *, *, #434, .F. ) ;
#2433 = DIRECTION ( 'NONE',  ( 1.000000000000000000, -0.000000000000000000, 0.000000000000000000 ) ) ;
#2434 = DIRECTION ( 'NONE',  ( 1.000000000000000000, 0.000000000000000000, 0.000000000000000000 ) ) ;
#2435 = DIRECTION ( 'NONE',  ( 0.000000000000000000, 0.000000000000000000, 1.000000000000000000 ) ) ;
#2436 = LINE ( 'NONE', #2529, #2698 ) ;
#2437 = ADVANCED_FACE ( 'NONE', ( #3943 ), #2780, .F. ) ;
#2438 = ORIENTED_EDGE ( 'NONE', *, *, #2549, .F. ) ;
#2439 = VECTOR ( 'NONE', #2733, 1000.000000000000000 ) ;
#2440 = ORIENTED_EDGE ( 'NONE', *, *, #3526, .T. ) ;
#2441 = CARTESIAN_POINT ( 'NONE',  ( 2.168404344971011392E-14, 1.500000000000000000, -50.00000000000005684 ) ) ;
#2442 =( NAMED_UNIT ( * ) PLANE_ANGLE_UNIT ( ) SI_UNIT ( $, .RADIAN. ) );
#2443 = DIRECTION ( 'NONE',  ( -0.000000000000000000, -1.000000000000000000, -0.000000000000000000 ) ) ;
#2444 = DIRECTION ( 'NONE',  ( -1.000000000000000000, 0.000000000000000000, -0.000000000000000000 ) ) ;
#2445 = AXIS2_PLACEMENT_3D ( 'NONE', #3726, #1985, #2394 ) ;
#2446 = ORIENTED_EDGE ( 'NONE', *, *, #1702, .T. ) ;
#2447 = CARTESIAN_POINT ( 'NONE',  ( -12.50000000000000355, 12.50000000000000355, -15.00000000000000000 ) ) ;
#2448 = MECHANICAL_DESIGN_GEOMETRIC_PRESENTATION_REPRESENTATION (  '', ( #1190 ), #3253 ) ;
#2449 = ADVANCED_FACE ( 'NONE', ( #4247 ), #3209, .T. ) ;
#2450 = ORIENTED_EDGE ( 'NONE', *, *, #3255, .F. ) ;
#2451 = DIRECTION ( 'NONE',  ( 0.000000000000000000, 0.000000000000000000, -1.000000000000000000 ) ) ;
#2452 = AXIS2_PLACEMENT_3D ( 'NONE', #2369, #2730, #3441 ) ;
#2453 = LINE ( 'NONE', #112, #1483 ) ;
#2454 = CARTESIAN_POINT ( 'NONE',  ( -158.0000000000000000, 1.500000000000000000, 0.000000000000000000 ) ) ;
#2455 = LINE ( 'NONE', #3532, #2009 ) ;
#2456 = CIRCLE ( 'NONE', #1650, 30.00000000000000000 ) ;
#2457 = ORIENTED_EDGE ( 'NONE', *, *, #2041, .T. ) ;
#2458 = ORIENTED_EDGE ( 'NONE', *, *, #3085, .T. ) ;
#2459 = PRODUCT_DEFINITION_SHAPE ( 'NONE', 'NONE',  #4531 ) ;
#2460 = PLANE ( 'NONE',  #4154 ) ;
#2461 =( NAMED_UNIT ( * ) PLANE_ANGLE_UNIT ( ) SI_UNIT ( $, .RADIAN. ) );
#2462 = AXIS2_PLACEMENT_3D ( 'NONE', #2572, #4001, #120 ) ;
#2463 = LINE ( 'NONE', #737, #3114 ) ;
#2464 = LINE ( 'NONE', #3865, #3347 ) ;
#2465 = FACE_OUTER_BOUND ( 'NONE', #2960, .T. ) ;
#2466 = COLOUR_RGB ( '',0.7921568627450980005, 0.8196078431372548767, 0.9333333333333333481 ) ;
#2467 = EDGE_CURVE ( 'NONE', #288, #464, #4266, .T. ) ;
#2468 = ORIENTED_EDGE ( 'NONE', *, *, #1560, .T. ) ;
#2469 = CIRCLE ( 'NONE', #4389, 30.00000000000000000 ) ;
#2470 = ORIENTED_EDGE ( 'NONE', *, *, #2233, .T. ) ;
#2471 = DIRECTION ( 'NONE',  ( 0.000000000000000000, -1.000000000000000000, 0.000000000000000000 ) ) ;
#2472 = VECTOR ( 'NONE', #3112, 1000.000000000000000 ) ;
#2473 = DIRECTION ( 'NONE',  ( -0.000000000000000000, -1.000000000000000000, -0.000000000000000000 ) ) ;
#2474 = VECTOR ( 'NONE', #2867, 1000.000000000000000 ) ;
#2475 = CARTESIAN_POINT ( 'NONE',  ( 4.000000000000000000, 0.000000000000000000, -7.000000000000000000 ) ) ;
#2476 = ORIENTED_EDGE ( 'NONE', *, *, #2381, .F. ) ;
#2477 = LINE ( 'NONE', #3876, #2307 ) ;
#2478 = CIRCLE ( 'NONE', #3069, 50.00000000000000000 ) ;
#2479 = AXIS2_PLACEMENT_3D ( 'NONE', #718, #77, #30 ) ;
#2480 = ORIENTED_EDGE ( 'NONE', *, *, #2497, .F. ) ;
#2481 = DIRECTION ( 'NONE',  ( 0.000000000000000000, 0.000000000000000000, -1.000000000000000000 ) ) ;
#2482 = FACE_OUTER_BOUND ( 'NONE', #1615, .T. ) ;
#2483 = ORIENTED_EDGE ( 'NONE', *, *, #3469, .F. ) ;
#2484 = ORIENTED_EDGE ( 'NONE', *, *, #2789, .F. ) ;
#2485 = CARTESIAN_POINT ( 'NONE',  ( 0.000000000000000000, 0.000000000000000000, 0.000000000000000000 ) ) ;
#2486 = PRODUCT_RELATED_PRODUCT_CATEGORY ( 'part', '', ( #845 ) ) ;
#2487 = DIRECTION ( 'NONE',  ( 0.000000000000000000, -1.000000000000000000, 2.523234146875355998E-16 ) ) ;
#2488 = ORIENTED_EDGE ( 'NONE', *, *, #4347, .T. ) ;
#2489 = ORIENTED_EDGE ( 'NONE', *, *, #3090, .F. ) ;
#2490 = LINE ( 'NONE', #3541, #3626 ) ;
#2491 = SHAPE_REPRESENTATION_RELATIONSHIP ( 'NONE' , 'NONE' ,  #4206, #3185 ) ;
#2492 = DIRECTION ( 'NONE',  ( 1.000000000000000000, 0.000000000000000000, 0.000000000000000000 ) ) ;
#2493 = LINE ( 'NONE', #37, #2541 ) ;
#2494 = EDGE_CURVE ( 'NONE', #2636, #4208, #1050, .T. ) ;
#2495 = EDGE_LOOP ( 'NONE', ( #197, #815 ) ) ;
#2496 = CARTESIAN_POINT ( 'NONE',  ( 15.00000000000000000, -4.163336342344337027E-14, -27.50000000000000000 ) ) ;
#2497 = EDGE_CURVE ( 'NONE', #3663, #2725, #1471, .T. ) ;
#2498 = PRODUCT ( 'Attacker_v5', 'Attacker_v5', '', ( #2993 ) ) ;
#2499 = ORIENTED_EDGE ( 'NONE', *, *, #2063, .F. ) ;
#2500 = FACE_OUTER_BOUND ( 'NONE', #56, .T. ) ;
#2501 = DIRECTION ( 'NONE',  ( 0.000000000000000000, 0.000000000000000000, -1.000000000000000000 ) ) ;
#2502 = SURFACE_SIDE_STYLE ('',( #1087 ) ) ;
#2503 = ORIENTED_EDGE ( 'NONE', *, *, #1283, .T. ) ;
#2504 = CARTESIAN_POINT ( 'NONE',  ( 136.9999999999999716, 58.00000000000003553, -12.50000000000008527 ) ) ;
#2505 = CARTESIAN_POINT ( 'NONE',  ( 158.0000000000000000, 3.000000000000000000, 0.000000000000000000 ) ) ;
#2506 = FACE_OUTER_BOUND ( 'NONE', #2820, .T. ) ;
#2507 = DIRECTION ( 'NONE',  ( -0.000000000000000000, -1.000000000000000000, -0.000000000000000000 ) ) ;
#2508 = VERTEX_POINT ( 'NONE', #1756 ) ;
#2509 = ORIENTED_EDGE ( 'NONE', *, *, #1077, .F. ) ;
#2510 = EDGE_CURVE ( 'NONE', #2254, #4096, #34, .T. ) ;
#2511 = DIRECTION ( 'NONE',  ( 1.000000000000000000, 0.000000000000000000, 0.000000000000000000 ) ) ;
#2512 =( NAMED_UNIT ( * ) SI_UNIT ( $, .STERADIAN. ) SOLID_ANGLE_UNIT ( ) );
#2513 = CARTESIAN_POINT ( 'NONE',  ( 158.0000000000000000, 0.000000000000000000, -49.99999999999998579 ) ) ;
#2514 = ADVANCED_FACE ( 'NONE', ( #3892, #741 ), #1452, .T. ) ;
#2515 = PLANE ( 'NONE',  #214 ) ;
#2516 = ORIENTED_EDGE ( 'NONE', *, *, #4425, .T. ) ;
#2517 = PLANE ( 'NONE',  #766 ) ;
#2518 = EDGE_CURVE ( 'NONE', #1118, #3679, #2816, .T. ) ;
#2519 = ORIENTED_EDGE ( 'NONE', *, *, #4496, .F. ) ;
#2520 = EDGE_CURVE ( 'NONE', #1291, #505, #2904, .T. ) ;
#2521 = VECTOR ( 'NONE', #4328, 1000.000000000000000 ) ;
#2522 = FILL_AREA_STYLE_COLOUR ( '', #975 ) ;
#2523 = VECTOR ( 'NONE', #326, 1000.000000000000000 ) ;
#2524 = ORIENTED_EDGE ( 'NONE', *, *, #451, .T. ) ;
#2525 = DIRECTION ( 'NONE',  ( -9.860761315262647568E-32, -1.000000000000000000, 1.224646799147353207E-16 ) ) ;
#2526 = FACE_OUTER_BOUND ( 'NONE', #2495, .T. ) ;
#2527 = AXIS2_PLACEMENT_3D ( 'NONE', #943, #2050, #3082 ) ;
#2528 = CARTESIAN_POINT ( 'NONE',  ( 6.938893903907228378E-15, 43.56571371417139460, 15.00000000000000000 ) ) ;
#2529 = CARTESIAN_POINT ( 'NONE',  ( 158.0000000000000000, 0.000000000000000000, 0.000000000000000000 ) ) ;
#2530 = ORIENTED_EDGE ( 'NONE', *, *, #3583, .F. ) ;
#2531 = ORIENTED_EDGE ( 'NONE', *, *, #1700, .F. ) ;
#2532 = CARTESIAN_POINT ( 'NONE',  ( 175.0000000000000000, 0.5721156388023954653, 81.17857142857147323 ) ) ;
#2533 = PRODUCT_DEFINITION_SHAPE ( 'NONE', 'NONE',  #4532 ) ;
#2534 = AXIS2_PLACEMENT_3D ( 'NONE', #1794, #3462, #4165 ) ;
#2535 = LINE ( 'NONE', #3944, #1743 ) ;
#2536 = DIRECTION ( 'NONE',  ( -0.000000000000000000, -1.000000000000000000, -0.000000000000000000 ) ) ;
#2537 = AXIS2_PLACEMENT_3D ( 'NONE', #1022, #1746, #3825 ) ;
#2538 = EDGE_LOOP ( 'NONE', ( #2404, #250, #3093, #4107 ) ) ;
#2539 = STYLED_ITEM ( 'NONE', ( #3988 ), #1339 ) ;
#2540 = DIRECTION ( 'NONE',  ( 1.486905836551548586E-16, 0.000000000000000000, 1.000000000000000000 ) ) ;
#2541 = VECTOR ( 'NONE', #3474, 1000.000000000000000 ) ;
#2542 = CARTESIAN_POINT ( 'NONE',  ( 0.000000000000000000, 0.000000000000000000, 90.00000000000000000 ) ) ;
#2543 = ADVANCED_FACE ( 'NONE', ( #879 ), #2283, .T. ) ;
#2544 = EDGE_LOOP ( 'NONE', ( #4371, #2976, #1516, #908 ) ) ;
#2545 = CARTESIAN_POINT ( 'NONE',  ( 32.50000000000000000, 1.347111479062088010E-15, -36.00000000000000711 ) ) ;
#2546 = VECTOR ( 'NONE', #1123, 1000.000000000000000 ) ;
#2547 = EDGE_CURVE ( 'NONE', #1285, #3663, #2215, .T. ) ;
#2548 = DIRECTION ( 'NONE',  ( 1.000000000000000000, -0.000000000000000000, 0.000000000000000000 ) ) ;
#2549 = EDGE_CURVE ( 'NONE', #365, #1442, #4413, .T. ) ;
#2550 = ORIENTED_EDGE ( 'NONE', *, *, #2211, .F. ) ;
#2551 = CARTESIAN_POINT ( 'NONE',  ( -32.49999999999999289, -30.00000000000000000, 2.000000000000000000 ) ) ;
#2552 = APPLICATION_PROTOCOL_DEFINITION ( 'draft international standard', 'automotive_design', 1998, #4201 ) ;
#2553 = LINE ( 'NONE', #468, #3406 ) ;
#2554 = LINE ( 'NONE', #3702, #2403 ) ;
#2555 = EDGE_LOOP ( 'NONE', ( #2516, #2869 ) ) ;
#2556 = APPLICATION_CONTEXT ( 'automotive_design' ) ;
#2557 = ORIENTED_EDGE ( 'NONE', *, *, #38, .F. ) ;
#2558 = DIRECTION ( 'NONE',  ( -1.000000000000000000, 0.000000000000000000, 0.000000000000000000 ) ) ;
#2559 = LINE ( 'NONE', #3963, #1361 ) ;
#2560 = VERTEX_POINT ( 'NONE', #3681 ) ;
#2561 = CARTESIAN_POINT ( 'NONE',  ( 175.0000000000000568, 3.000000000000000000, -74.99999999999998579 ) ) ;
#2562 = SURFACE_STYLE_FILL_AREA ( #1506 ) ;
#2563 = ORIENTED_EDGE ( 'NONE', *, *, #2518, .F. ) ;
#2564 = ADVANCED_FACE ( 'NONE', ( #540 ), #2576, .T. ) ;
#2565 = ORIENTED_EDGE ( 'NONE', *, *, #160, .T. ) ;
#2566 = PRODUCT_RELATED_PRODUCT_CATEGORY ( 'part', '', ( #2177 ) ) ;
#2567 = EDGE_LOOP ( 'NONE', ( #729, #4051, #3310, #2895 ) ) ;
#2568 = PRODUCT_DEFINITION_SHAPE ( 'NONE', 'NONE',  #4528 ) ;
#2569 = CARTESIAN_POINT ( 'NONE',  ( -4.000000000000000000, 4.898587196589412829E-16, 0.000000000000000000 ) ) ;
#2570 = PRODUCT_CONTEXT ( 'NONE', #3732, 'mechanical' ) ;
#2571 = DIRECTION ( 'NONE',  ( -0.000000000000000000, -0.000000000000000000, -1.000000000000000000 ) ) ;
#2572 = CARTESIAN_POINT ( 'NONE',  ( 0.000000000000000000, 1.500000000000000000, 0.000000000000000000 ) ) ;
#2573 = CARTESIAN_POINT ( 'NONE',  ( -3.295974604355933479E-14, 25.00000000000000000, -15.00000000000000000 ) ) ;
#2574 = VERTEX_POINT ( 'NONE', #3606 ) ;
#2575 = ORIENTED_EDGE ( 'NONE', *, *, #3644, .F. ) ;
#2576 = CYLINDRICAL_SURFACE ( 'NONE', #1505, 4.000000000000000000 ) ;
#2577 = ADVANCED_FACE ( 'NONE', ( #826 ), #211, .F. ) ;
#2578 = DIRECTION ( 'NONE',  ( 1.486905836551548586E-16, 0.000000000000000000, 1.000000000000000000 ) ) ;
#2579 = ORIENTED_EDGE ( 'NONE', *, *, #1593, .T. ) ;
#2580 = ADVANCED_FACE ( 'NONE', ( #189 ), #1893, .T. ) ;
#2581 = DIRECTION ( 'NONE',  ( 1.000000000000000000, -0.000000000000000000, 0.000000000000000000 ) ) ;
#2582 = PLANE ( 'NONE',  #3937 ) ;
#2583 = CARTESIAN_POINT ( 'NONE',  ( -32.49999999999999289, -30.00000000000000000, 2.000000000000000000 ) ) ;
#2584 = VERTEX_POINT ( 'NONE', #3246 ) ;
#2585 =( REPRESENTATION_RELATIONSHIP ('NONE','NONE', #2972, #3096 ) REPRESENTATION_RELATIONSHIP_WITH_TRANSFORMATION ( #314 )SHAPE_REPRESENTATION_RELATIONSHIP( ) );
#2586 = VERTEX_POINT ( 'NONE', #1547 ) ;
#2587 = CARTESIAN_POINT ( 'NONE',  ( 7.500000000000000000, 0.000000000000000000, 0.000000000000000000 ) ) ;
#2588 = ADVANCED_FACE ( 'NONE', ( #1494 ), #4314, .F. ) ;
#2589 = MECHANICAL_DESIGN_GEOMETRIC_PRESENTATION_REPRESENTATION (  '', ( #3761 ), #1332 ) ;
#2590 = ORIENTED_EDGE ( 'NONE', *, *, #1561, .F. ) ;
#2591 =( NAMED_UNIT ( * ) PLANE_ANGLE_UNIT ( ) SI_UNIT ( $, .RADIAN. ) );
#2592 = APPLICATION_PROTOCOL_DEFINITION ( 'draft international standard', 'automotive_design', 1998, #3169 ) ;
#2593 = DIRECTION ( 'NONE',  ( 0.000000000000000000, 0.000000000000000000, 1.000000000000000000 ) ) ;
#2594 = PLANE ( 'NONE',  #2609 ) ;
#2595 = DIRECTION ( 'NONE',  ( 0.000000000000000000, 0.000000000000000000, 1.000000000000000000 ) ) ;
#2596 = AXIS2_PLACEMENT_3D ( 'NONE', #4450, #1273, #3786 ) ;
#2597 = ADVANCED_FACE ( 'NONE', ( #502 ), #146, .F. ) ;
#2598 = VERTEX_POINT ( 'NONE', #1211 ) ;
#2599 = PLANE ( 'NONE',  #2185 ) ;
#2600 = DIRECTION ( 'NONE',  ( -0.000000000000000000, 0.000000000000000000, 1.000000000000000000 ) ) ;
#2601 = AXIS2_PLACEMENT_3D ( 'NONE', #1016, #612, #616 ) ;
#2602 = EDGE_CURVE ( 'NONE', #4467, #1863, #1525, .T. ) ;
#2603 = CARTESIAN_POINT ( 'NONE',  ( 34.50000000000000000, 30.00000000000000000, -25.00000000000000000 ) ) ;
#2604 = AXIS2_PLACEMENT_3D ( 'NONE', #670, #3048, #3773 ) ;
#2605 = CARTESIAN_POINT ( 'NONE',  ( 34.50000000000000000, -30.00000000000000000, -25.00000000000000000 ) ) ;
#2606 = ORIENTED_EDGE ( 'NONE', *, *, #584, .T. ) ;
#2607 = UNCERTAINTY_MEASURE_WITH_UNIT (LENGTH_MEASURE( 1.000000000000000082E-05 ), #2797, 'distance_accuracy_value', 'NONE');
#2608 = LINE ( 'NONE', #862, #626 ) ;
#2609 = AXIS2_PLACEMENT_3D ( 'NONE', #3602, #3262, #1860 ) ;
#2610 = CARTESIAN_POINT ( 'NONE',  ( -23.00000000000000000, 0.000000000000000000, -149.9999999999999716 ) ) ;
#2611 = EDGE_LOOP ( 'NONE', ( #3455, #394, #2819, #225, #2457, #2919 ) ) ;
#2612 = ORIENTED_EDGE ( 'NONE', *, *, #3874, .T. ) ;
#2613 = CIRCLE ( 'NONE', #1135, 4.000000000000000000 ) ;
#2614 = DIRECTION ( 'NONE',  ( 0.000000000000000000, 1.000000000000000000, 0.000000000000000000 ) ) ;
#2615 = AXIS2_PLACEMENT_3D ( 'NONE', #2742, #1239, #2406 ) ;
#2616 = ORIENTED_EDGE ( 'NONE', *, *, #1448, .T. ) ;
#2617 = LINE ( 'NONE', #1156, #3695 ) ;
#2618 = CIRCLE ( 'NONE', #2037, 1.500000000000000222 ) ;
#2619 = PRODUCT_CONTEXT ( 'NONE', #4359, 'mechanical' ) ;
#2620 = CARTESIAN_POINT ( 'NONE',  ( 7.500000000000000000, 0.000000000000000000, 10.00000000000000000 ) ) ;
#2621 = LINE ( 'NONE', #3762, #419 ) ;
#2622 = DIRECTION ( 'NONE',  ( 0.000000000000000000, -0.000000000000000000, 1.000000000000000000 ) ) ;
#2623 = VERTEX_POINT ( 'NONE', #4338 ) ;
#2624 = LINE ( 'NONE', #3680, #78 ) ;
#2625 = DIRECTION ( 'NONE',  ( 1.000000000000000000, -0.000000000000000000, 0.000000000000000000 ) ) ;
#2626 = PRODUCT_DEFINITION ( 'UNKNOWN', '', #4205, #1781 ) ;
#2627 = CARTESIAN_POINT ( 'NONE',  ( -42.00000000000000000, 0.000000000000000000, 0.000000000000000000 ) ) ;
#2628 = CARTESIAN_POINT ( 'NONE',  ( 50.00000000000000000, 6.123233995736764507E-15, 26.00000000000000000 ) ) ;
#2629 = ORIENTED_EDGE ( 'NONE', *, *, #3138, .T. ) ;
#2630 = PLANE ( 'NONE',  #134 ) ;
#2631 = LINE ( 'NONE', #4046, #2831 ) ;
#2632 = EDGE_LOOP ( 'NONE', ( #2150, #2275, #1800, #673, #2198, #2802 ) ) ;
#2633 = VERTEX_POINT ( 'NONE', #3292 ) ;
#2634 = LINE ( 'NONE', #2293, #1193 ) ;
#2635 = EDGE_CURVE ( 'NONE', #1010, #4334, #842, .T. ) ;
#2636 = VERTEX_POINT ( 'NONE', #4361 ) ;
#2637 = CARTESIAN_POINT ( 'NONE',  ( -49.99999999999997868, 15.00000000000000000, 19.99999999999999645 ) ) ;
#2638 = PRODUCT_CONTEXT ( 'NONE', #4201, 'mechanical' ) ;
#2639 = CYLINDRICAL_SURFACE ( 'NONE', #2237, 30.00000000000000000 ) ;
#2640 = DIRECTION ( 'NONE',  ( -1.000000000000000000, 0.000000000000000000, 0.000000000000000000 ) ) ;
#2641 = CARTESIAN_POINT ( 'NONE',  ( 50.00000000000002132, 0.000000000000000000, 19.99999999999999645 ) ) ;
#2642 = EDGE_LOOP ( 'NONE', ( #1760, #4313, #1033, #3319, #2774, #3167, #1029, #2357, #4290 ) ) ;
#2643 = DIRECTION ( 'NONE',  ( -0.000000000000000000, 0.000000000000000000, 1.000000000000000000 ) ) ;
#2644 = DIRECTION ( 'NONE',  ( -0.000000000000000000, -1.000000000000000000, -0.000000000000000000 ) ) ;
#2645 = UNCERTAINTY_MEASURE_WITH_UNIT (LENGTH_MEASURE( 1.000000000000000082E-05 ), #1531, 'distance_accuracy_value', 'NONE');
#2646 = PLANE ( 'NONE',  #4021 ) ;
#2647 = EDGE_CURVE ( 'NONE', #3657, #1651, #1185, .T. ) ;
#2648 = VERTEX_POINT ( 'NONE', #1915 ) ;
#2649 = PRODUCT_DEFINITION_CONTEXT ( 'detailed design', #1589, 'design' ) ;
#2650 = CARTESIAN_POINT ( 'NONE',  ( -49.99999999999997868, 15.00000000000000000, -20.00000000000000355 ) ) ;
#2651 = DIRECTION ( 'NONE',  ( 0.000000000000000000, 0.000000000000000000, 1.000000000000000000 ) ) ;
#2652 = DIRECTION ( 'NONE',  ( -0.000000000000000000, -1.000000000000000000, -0.000000000000000000 ) ) ;
#2653 = ORIENTED_EDGE ( 'NONE', *, *, #3219, .F. ) ;
#2654 = ORIENTED_EDGE ( 'NONE', *, *, #1763, .F. ) ;
#2655 = CARTESIAN_POINT ( 'NONE',  ( -7.500000000000000000, 0.000000000000000000, -27.49999999999999645 ) ) ;
#2656 = EDGE_CURVE ( 'NONE', #1609, #1261, #2266, .T. ) ;
#2657 =( GEOMETRIC_REPRESENTATION_CONTEXT ( 3 ) GLOBAL_UNCERTAINTY_ASSIGNED_CONTEXT ( ( #2607 ) ) GLOBAL_UNIT_ASSIGNED_CONTEXT ( ( #2797, #2461, #381 ) ) REPRESENTATION_CONTEXT ( 'NONE', 'WORKASPACE' ) );
#2658 = EDGE_CURVE ( 'NONE', #1620, #1665, #1681, .T. ) ;
#2659 = ORIENTED_EDGE ( 'NONE', *, *, #2879, .T. ) ;
#2660 = CARTESIAN_POINT ( 'NONE',  ( -20.99999999999999645, 11.50000000000000178, 150.0000000000000000 ) ) ;
#2661 = CARTESIAN_POINT ( 'NONE',  ( -49.99999999999997868, 15.00000000000000000, 19.99999999999999645 ) ) ;
#2662 = AXIS2_PLACEMENT_3D ( 'NONE', #3382, #2007, #254 ) ;
#2663 = LINE ( 'NONE', #582, #1510 ) ;
#2664 = DIRECTION ( 'NONE',  ( 1.000000000000000000, 0.000000000000000000, 0.000000000000000000 ) ) ;
#2665 = VERTEX_POINT ( 'NONE', #4499 ) ;
#2666 = DIRECTION ( 'NONE',  ( -0.000000000000000000, -1.000000000000000000, -0.000000000000000000 ) ) ;
#2667 = DIRECTION ( 'NONE',  ( 1.000000000000000000, -0.000000000000000000, 0.000000000000000000 ) ) ;
#2668 = SURFACE_STYLE_FILL_AREA ( #2421 ) ;
#2669 = AXIS2_PLACEMENT_3D ( 'NONE', #3907, #360, #3145 ) ;
#2670 = DIRECTION ( 'NONE',  ( 0.000000000000000000, 0.000000000000000000, -1.000000000000000000 ) ) ;
#2671 = PRODUCT_DEFINITION_FORMATION_WITH_SPECIFIED_SOURCE ( 'ANY', '', #2498, .NOT_KNOWN. ) ;
#2672 = VERTEX_POINT ( 'NONE', #3445 ) ;
#2673 = AXIS2_PLACEMENT_3D ( 'NONE', #3240, #1859, #117 ) ;
#2674 = FACE_OUTER_BOUND ( 'NONE', #2801, .T. ) ;
#2675 = CIRCLE ( 'NONE', #984, 10.00000000000000000 ) ;
#2676 = LINE ( 'NONE', #995, #494 ) ;
#2677 = ORIENTED_EDGE ( 'NONE', *, *, #1935, .F. ) ;
#2678 = AXIS2_PLACEMENT_3D ( 'NONE', #2970, #3962, #1865 ) ;
#2679 = ORIENTED_EDGE ( 'NONE', *, *, #1624, .F. ) ;
#2680 = DIRECTION ( 'NONE',  ( 0.000000000000000000, -2.523234146875356491E-16, -1.000000000000000000 ) ) ;
#2681 = EDGE_CURVE ( 'NONE', #3964, #2020, #985, .T. ) ;
#2682 = VECTOR ( 'NONE', #646, 1000.000000000000000 ) ;
#2683 = VERTEX_POINT ( 'NONE', #1699 ) ;
#2684 = LINE ( 'NONE', #1580, #764 ) ;
#2685 = VECTOR ( 'NONE', #865, 1000.000000000000000 ) ;
#2686 = CARTESIAN_POINT ( 'NONE',  ( -10.00000000000000000, 0.000000000000000000, -15.00000000000000000 ) ) ;
#2687 = FACE_OUTER_BOUND ( 'NONE', #3939, .T. ) ;
#2688 = FACE_OUTER_BOUND ( 'NONE', #4033, .T. ) ;
#2689 = EDGE_CURVE ( 'NONE', #3705, #1609, #3020, .T. ) ;
#2690 = AXIS2_PLACEMENT_3D ( 'NONE', #3840, #4221, #388 ) ;
#2691 = ADVANCED_BREP_SHAPE_REPRESENTATION ( '', ( #2870, #2662 ), #477 ) ;
#2692 = ORIENTED_EDGE ( 'NONE', *, *, #3863, .T. ) ;
#2693 = DIRECTION ( 'NONE',  ( -0.000000000000000000, -0.000000000000000000, -1.000000000000000000 ) ) ;
#2694 = CARTESIAN_POINT ( 'NONE',  ( 7.500000000000000000, 1.224646799147353256E-15, -10.00000000000000000 ) ) ;
#2695 = AXIS2_PLACEMENT_3D ( 'NONE', #1761, #2112, #2182 ) ;
#2696 = DIRECTION ( 'NONE',  ( -1.000000000000000000, 0.000000000000000000, -0.000000000000000000 ) ) ;
#2697 = EDGE_CURVE ( 'NONE', #664, #4004, #3363, .T. ) ;
#2698 = VECTOR ( 'NONE', #688, 1000.000000000000000 ) ;
#2699 = ORIENTED_EDGE ( 'NONE', *, *, #466, .T. ) ;
#2700 = DIRECTION ( 'NONE',  ( 1.000000000000000000, 0.000000000000000000, -4.336808689942017736E-16 ) ) ;
#2701 = FACE_OUTER_BOUND ( 'NONE', #4198, .T. ) ;
#2702 = ORIENTED_EDGE ( 'NONE', *, *, #1622, .T. ) ;
#2703 = EDGE_LOOP ( 'NONE', ( #1161, #3486 ) ) ;
#2704 = PLANE ( 'NONE',  #3475 ) ;
#2705 = EDGE_CURVE ( 'NONE', #1573, #706, #3399, .T. ) ;
#2706 = FACE_OUTER_BOUND ( 'NONE', #3867, .T. ) ;
#2707 = PRODUCT_RELATED_PRODUCT_CATEGORY ( 'part', '', ( #1166 ) ) ;
#2708 = VERTEX_POINT ( 'NONE', #1611 ) ;
#2709 = FACE_OUTER_BOUND ( 'NONE', #1919, .T. ) ;
#2710 = ITEM_DEFINED_TRANSFORMATION ( 'NONE', 'NONE', #3699,  #2662 ) ;
#2711 = DIRECTION ( 'NONE',  ( 0.000000000000000000, 0.000000000000000000, -1.000000000000000000 ) ) ;
#2712 = EDGE_CURVE ( 'NONE', #2174, #3162, #3707, .T. ) ;
#2713 = DIRECTION ( 'NONE',  ( 0.000000000000000000, 0.000000000000000000, 1.000000000000000000 ) ) ;
#2714 = DIRECTION ( 'NONE',  ( 0.000000000000000000, -0.000000000000000000, -1.000000000000000000 ) ) ;
#2715 = ORIENTED_EDGE ( 'NONE', *, *, #186, .T. ) ;
#2716 = DIRECTION ( 'NONE',  ( -0.000000000000000000, 1.000000000000000000, 0.000000000000000000 ) ) ;
#2717 = ADVANCED_FACE ( 'NONE', ( #4435 ), #3757, .T. ) ;
#2718 = CARTESIAN_POINT ( 'NONE',  ( 0.000000000000000000, 0.000000000000000000, 15.00000000000000000 ) ) ;
#2719 = ORIENTED_EDGE ( 'NONE', *, *, #2214, .F. ) ;
#2720 = EDGE_CURVE ( 'NONE', #436, #3067, #1255, .T. ) ;
#2721 = PLANE ( 'NONE',  #4149 ) ;
#2722 = SURFACE_STYLE_USAGE ( .BOTH. , #1974 ) ;
#2723 = CARTESIAN_POINT ( 'NONE',  ( -158.0000000000000000, 0.000000000000000000, -0.000000000000000000 ) ) ;
#2724 = EDGE_CURVE ( 'NONE', #1638, #2069, #3415, .T. ) ;
#2725 = VERTEX_POINT ( 'NONE', #4081 ) ;
#2726 = FACE_OUTER_BOUND ( 'NONE', #2850, .T. ) ;
#2727 = VERTEX_POINT ( 'NONE', #3729 ) ;
#2728 = CARTESIAN_POINT ( 'NONE',  ( 0.000000000000000000, 0.000000000000000000, -135.0000000000000000 ) ) ;
#2729 = CONTEXT_DEPENDENT_SHAPE_REPRESENTATION ( #1106, #4345 ) ;
#2730 = DIRECTION ( 'NONE',  ( -0.000000000000000000, 0.000000000000000000, 1.000000000000000000 ) ) ;
#2731 = EDGE_CURVE ( 'NONE', #2119, #4415, #927, .T. ) ;
#2732 = LINE ( 'NONE', #2066, #3714 ) ;
#2733 = DIRECTION ( 'NONE',  ( -0.000000000000000000, -1.000000000000000000, -0.000000000000000000 ) ) ;
#2734 = EDGE_LOOP ( 'NONE', ( #1358, #657, #1296, #2616 ) ) ;
#2735 = CARTESIAN_POINT ( 'NONE',  ( 0.000000000000000000, 3.000000000000000000, -135.0000000000000000 ) ) ;
#2736 = LINE ( 'NONE', #2400, #3464 ) ;
#2737 = ADVANCED_FACE ( 'NONE', ( #3793 ), #303, .F. ) ;
#2738 = DIRECTION ( 'NONE',  ( -0.000000000000000000, 0.000000000000000000, 1.000000000000000000 ) ) ;
#2739 = ORIENTED_EDGE ( 'NONE', *, *, #3448, .T. ) ;
#2740 = CARTESIAN_POINT ( 'NONE',  ( -24.99999999999999645, 0.000000000000000000, -25.00000000000000355 ) ) ;
#2741 = EDGE_CURVE ( 'NONE', #2708, #273, #1057, .T. ) ;
#2742 = CARTESIAN_POINT ( 'NONE',  ( 8.315658898134706951E-15, -2.627917024383321185E-31, 15.00000000000000000 ) ) ;
#2743 = DIRECTION ( 'NONE',  ( 0.000000000000000000, 0.000000000000000000, 1.000000000000000000 ) ) ;
#2744 = ADVANCED_FACE ( 'NONE', ( #4104 ), #252, .F. ) ;
#2745 = VECTOR ( 'NONE', #1227, 1000.000000000000000 ) ;
#2746 = ORIENTED_EDGE ( 'NONE', *, *, #2656, .F. ) ;
#2747 = PLANE ( 'NONE',  #3047 ) ;
#2748 = AXIS2_PLACEMENT_3D ( 'NONE', #1750, #4211, #339 ) ;
#2749 = ORIENTED_EDGE ( 'NONE', *, *, #3529, .T. ) ;
#2750 = DIRECTION ( 'NONE',  ( -0.000000000000000000, -0.000000000000000000, -1.000000000000000000 ) ) ;
#2751 = AXIS2_PLACEMENT_3D ( 'NONE', #2735, #2305, #1347 ) ;
#2752 = CARTESIAN_POINT ( 'NONE',  ( 7.500000000000000000, -27.49999999999999645, -27.49999999999999645 ) ) ;
#2753 = CARTESIAN_POINT ( 'NONE',  ( 28.00000000000000000, -15.00000000000000000, 15.00000000000000000 ) ) ;
#2754 = AXIS2_PLACEMENT_3D ( 'NONE', #184, #1141, #3565 ) ;
#2755 = PRESENTATION_LAYER_ASSIGNMENT (  '', '', ( #930 ) ) ;
#2756 = ORIENTED_EDGE ( 'NONE', *, *, #1441, .T. ) ;
#2757 = FILL_AREA_STYLE_COLOUR ( '', #3992 ) ;
#2758 = CIRCLE ( 'NONE', #571, 1.500000000000000222 ) ;
#2759 =( NAMED_UNIT ( * ) PLANE_ANGLE_UNIT ( ) SI_UNIT ( $, .RADIAN. ) );
#2760 = CARTESIAN_POINT ( 'NONE',  ( 17.50000000000000000, 2.143131898507867854E-15, 90.00000000000000000 ) ) ;
#2761 = CLOSED_SHELL ( 'NONE', ( #1155, #3379, #2770, #3392, #312, #2137, #2514, #4219 ) ) ;
#2762 = APPLICATION_CONTEXT ( 'automotive_design' ) ;
#2763 = EDGE_LOOP ( 'NONE', ( #4252, #1851, #2984, #136 ) ) ;
#2764 = CARTESIAN_POINT ( 'NONE',  ( -28.00000000000000000, 15.00000000000000000, -15.00000000000000000 ) ) ;
#2765 =( NAMED_UNIT ( * ) SI_UNIT ( $, .STERADIAN. ) SOLID_ANGLE_UNIT ( ) );
#2766 = CARTESIAN_POINT ( 'NONE',  ( 175.0000000000000000, 1.500000000000000000, 0.000000000000000000 ) ) ;
#2767 = VERTEX_POINT ( 'NONE', #649 ) ;
#2768 = LINE ( 'NONE', #1741, #2523 ) ;
#2769 = ORIENTED_EDGE ( 'NONE', *, *, #2741, .T. ) ;
#2770 = ADVANCED_FACE ( 'NONE', ( #2352 ), #3068, .F. ) ;
#2771 = DIRECTION ( 'NONE',  ( 1.000000000000000000, -0.000000000000000000, 0.000000000000000000 ) ) ;
#2772 = CARTESIAN_POINT ( 'NONE',  ( -126.0000000000000000, 0.000000000000000000, 50.00000000000001421 ) ) ;
#2773 = PRESENTATION_STYLE_ASSIGNMENT (( #1747 ) ) ;
#2774 = ORIENTED_EDGE ( 'NONE', *, *, #3418, .F. ) ;
#2775 = SURFACE_SIDE_STYLE ('',( #2146 ) ) ;
#2776 = DIRECTION ( 'NONE',  ( 1.224646799147353454E-16, 1.000000000000000000, 1.224646799147352961E-16 ) ) ;
#2777 = DIRECTION ( 'NONE',  ( 0.000000000000000000, 0.000000000000000000, 1.000000000000000000 ) ) ;
#2778 = VERTEX_POINT ( 'NONE', #4123 ) ;
#2779 = ORIENTED_EDGE ( 'NONE', *, *, #1691, .F. ) ;
#2780 = PLANE ( 'NONE',  #415 ) ;
#2781 = PRODUCT_DEFINITION_SHAPE ( 'NONE', 'NONE',  #2626 ) ;
#2782 = CARTESIAN_POINT ( 'NONE',  ( -88.46153846153887912, 0.000000000000000000, -132.6923076923076792 ) ) ;
#2783 = CARTESIAN_POINT ( 'NONE',  ( -7.135254915624210881, -7.006292692220368323, 15.00000000000000000 ) ) ;
#2784 = EDGE_CURVE ( 'NONE', #3487, #3315, #2373, .T. ) ;
#2785 = VERTEX_POINT ( 'NONE', #3428 ) ;
#2786 = PRODUCT_DEFINITION_CONTEXT ( 'detailed design', #3996, 'design' ) ;
#2787 = DIRECTION ( 'NONE',  ( 0.000000000000000000, 0.000000000000000000, 1.000000000000000000 ) ) ;
#2788 = ORIENTED_EDGE ( 'NONE', *, *, #3337, .T. ) ;
#2789 = EDGE_CURVE ( 'NONE', #2383, #3067, #417, .T. ) ;
#2790 = DIRECTION ( 'NONE',  ( -0.5000000000000014433, 0.8660254037844379305, 0.000000000000000000 ) ) ;
#2791 = DIRECTION ( 'NONE',  ( 1.000000000000000000, 0.000000000000000000, -4.336808689942017736E-16 ) ) ;
#2792 = ORIENTED_EDGE ( 'NONE', *, *, #4325, .T. ) ;
#2793 = ORIENTED_EDGE ( 'NONE', *, *, #1382, .T. ) ;
#2794 = ADVANCED_BREP_SHAPE_REPRESENTATION ( '', ( #1365, #2662 ), #4289 ) ;
#2795 = CARTESIAN_POINT ( 'NONE',  ( 126.0000000000000000, 0.000000000000000000, -50.00000000000000000 ) ) ;
#2796 = FILL_AREA_STYLE_COLOUR ( '', #2178 ) ;
#2797 =( LENGTH_UNIT ( ) NAMED_UNIT ( * ) SI_UNIT ( .MILLI., .METRE. ) );
#2798 = CARTESIAN_POINT ( 'NONE',  ( -9.635254915624210881, -2.676165673298174674, 15.00000000000000000 ) ) ;
#2799 = DIRECTION ( 'NONE',  ( -0.000000000000000000, -1.000000000000000000, -0.000000000000000000 ) ) ;
#2800 = DIRECTION ( 'NONE',  ( -4.336808689942017736E-16, 0.000000000000000000, -1.000000000000000000 ) ) ;
#2801 = EDGE_LOOP ( 'NONE', ( #3834, #3716, #4486, #3053 ) ) ;
#2802 = ORIENTED_EDGE ( 'NONE', *, *, #41, .F. ) ;
#2803 = DIRECTION ( 'NONE',  ( -1.000000000000000000, 0.000000000000000000, 0.000000000000000000 ) ) ;
#2804 = DIRECTION ( 'NONE',  ( 0.000000000000000000, -1.000000000000000000, 0.000000000000000000 ) ) ;
#2805 = DIRECTION ( 'NONE',  ( 1.000000000000000000, 0.000000000000000000, 0.000000000000000000 ) ) ;
#2806 = AXIS2_PLACEMENT_3D ( 'NONE', #1042, #3218, #3881 ) ;
#2807 = VERTEX_POINT ( 'NONE', #2420 ) ;
#2808 = LINE ( 'NONE', #4272, #1069 ) ;
#2809 =( GEOMETRIC_REPRESENTATION_CONTEXT ( 3 ) GLOBAL_UNCERTAINTY_ASSIGNED_CONTEXT ( ( #3021 ) ) GLOBAL_UNIT_ASSIGNED_CONTEXT ( ( #1120, #2442, #407 ) ) REPRESENTATION_CONTEXT ( 'NONE', 'WORKASPACE' ) );
#2810 = VECTOR ( 'NONE', #3658, 1000.000000000000000 ) ;
#2811 = ORIENTED_EDGE ( 'NONE', *, *, #1434, .F. ) ;
#2812 = VECTOR ( 'NONE', #3969, 1000.000000000000000 ) ;
#2813 = ADVANCED_FACE ( 'NONE', ( #3127 ), #735, .T. ) ;
#2814 = DIRECTION ( 'NONE',  ( -0.000000000000000000, -0.000000000000000000, -1.000000000000000000 ) ) ;
#2815 =( REPRESENTATION_RELATIONSHIP ('NONE','NONE', #2972, #3882 ) REPRESENTATION_RELATIONSHIP_WITH_TRANSFORMATION ( #2064 )SHAPE_REPRESENTATION_RELATIONSHIP( ) );
#2816 = CIRCLE ( 'NONE', #2018, 10.00000000000000000 ) ;
#2817 = CARTESIAN_POINT ( 'NONE',  ( 0.000000000000000000, 0.000000000000000000, 26.00000000000000000 ) ) ;
#2818 = LINE ( 'NONE', #397, #3107 ) ;
#2819 = ORIENTED_EDGE ( 'NONE', *, *, #41, .T. ) ;
#2820 = EDGE_LOOP ( 'NONE', ( #4102, #127, #1189, #3158, #3014, #2931, #4238, #454, #3727, #1538 ) ) ;
#2821 = PRODUCT_DEFINITION_SHAPE ( 'NONE', 'NONE',  #4536 ) ;
#2822 = CARTESIAN_POINT ( 'NONE',  ( -12.50000000000000355, 12.50000000000000355, 15.00000000000000000 ) ) ;
#2823 = CARTESIAN_POINT ( 'NONE',  ( 108.7091640578106251, 3.000000000000000444, 69.72973283634489405 ) ) ;
#2824 = ADVANCED_FACE ( 'NONE', ( #4189 ), #665, .F. ) ;
#2825 = AXIS2_PLACEMENT_3D ( 'NONE', #1656, #4382, #1250 ) ;
#2826 = DIRECTION ( 'NONE',  ( 1.000000000000000000, -0.000000000000000000, 0.000000000000000000 ) ) ;
#2827 = CARTESIAN_POINT ( 'NONE',  ( 50.00000000000000000, 0.000000000000000000, 0.000000000000000000 ) ) ;
#2828 = FACE_OUTER_BOUND ( 'NONE', #3745, .T. ) ;
#2829 = VECTOR ( 'NONE', #4200, 1000.000000000000000 ) ;
#2830 = EDGE_LOOP ( 'NONE', ( #2221, #777, #2440, #1928 ) ) ;
#2831 = VECTOR ( 'NONE', #886, 1000.000000000000000 ) ;
#2832 = ORIENTED_EDGE ( 'NONE', *, *, #4326, .T. ) ;
#2833 = DIRECTION ( 'NONE',  ( 1.982541115402066342E-16, 0.000000000000000000, 1.000000000000000000 ) ) ;
#2834 =( LENGTH_UNIT ( ) NAMED_UNIT ( * ) SI_UNIT ( .MILLI., .METRE. ) );
#2835 = EDGE_CURVE ( 'NONE', #2083, #1873, #987, .T. ) ;
#2836 = LINE ( 'NONE', #1757, #3573 ) ;
#2837 = CIRCLE ( 'NONE', #1884, 40.00000000000002132 ) ;
#2838 = CARTESIAN_POINT ( 'NONE',  ( -49.99999999999997868, 15.00000000000000000, -20.00000000000000355 ) ) ;
#2839 = EDGE_LOOP ( 'NONE', ( #4023, #1509, #3843, #1710 ) ) ;
#2840 = VECTOR ( 'NONE', #2799, 1000.000000000000000 ) ;
#2841 = UNCERTAINTY_MEASURE_WITH_UNIT (LENGTH_MEASURE( 1.000000000000000082E-05 ), #522, 'distance_accuracy_value', 'NONE');
#2842 = DIRECTION ( 'NONE',  ( -1.000000000000000000, 0.000000000000000000, -4.336808689942017736E-16 ) ) ;
#2843 = AXIS2_PLACEMENT_3D ( 'NONE', #2284, #3071, #3250 ) ;
#2844 = CIRCLE ( 'NONE', #863, 10.00000000000000000 ) ;
#2845 = ORIENTED_EDGE ( 'NONE', *, *, #4326, .F. ) ;
#2846 = CARTESIAN_POINT ( 'NONE',  ( 158.0000000000000000, 1.500000000000000000, 0.000000000000000000 ) ) ;
#2847 = DIRECTION ( 'NONE',  ( 0.000000000000000000, 0.000000000000000000, -1.000000000000000000 ) ) ;
#2848 = PRODUCT_DEFINITION ( 'UNKNOWN', '', #2671, #193 ) ;
#2849 = VERTEX_POINT ( 'NONE', #3828 ) ;
#2850 = EDGE_LOOP ( 'NONE', ( #478, #3436, #3616, #3947 ) ) ;
#2851 = CARTESIAN_POINT ( 'NONE',  ( -7.500000000000000000, 0.000000000000000000, 0.000000000000000000 ) ) ;
#2852 = DIRECTION ( 'NONE',  ( -1.000000000000000000, -1.581476214228374118E-18, -3.625572064791529293E-16 ) ) ;
#2853 = EDGE_CURVE ( 'NONE', #436, #1904, #3561, .T. ) ;
#2854 = PLANE ( 'NONE',  #2894 ) ;
#2855 = CARTESIAN_POINT ( 'NONE',  ( 23.00000000000001066, 3.000000000000000000, -65.00000000000001421 ) ) ;
#2856 = ORIENTED_EDGE ( 'NONE', *, *, #1451, .F. ) ;
#2857 = VERTEX_POINT ( 'NONE', #2121 ) ;
#2858 = ADVANCED_FACE ( 'NONE', ( #1769 ), #713, .T. ) ;
#2859 = CARTESIAN_POINT ( 'NONE',  ( 25.00000000000000355, 0.000000000000000000, 24.99999999999999645 ) ) ;
#2860 = ADVANCED_FACE ( 'NONE', ( #428 ), #2460, .T. ) ;
#2861 = CARTESIAN_POINT ( 'NONE',  ( 32.50000000000000000, 0.000000000000000000, -25.00000000000000000 ) ) ;
#2862 = CARTESIAN_POINT ( 'NONE',  ( 8.315658898134695906E-15, 2.627917024383300604E-31, 15.00000000000000000 ) ) ;
#2863 = ORIENTED_EDGE ( 'NONE', *, *, #3938, .T. ) ;
#2864 = CARTESIAN_POINT ( 'NONE',  ( -175.0000000000000000, 56.50000000000000711, 123.3012701892219525 ) ) ;
#2865 = PRODUCT_DEFINITION_SHAPE ( 'NONE', 'NONE',  #3103 ) ;
#2866 = ORIENTED_EDGE ( 'NONE', *, *, #973, .F. ) ;
#2867 = DIRECTION ( 'NONE',  ( 0.000000000000000000, 0.000000000000000000, -1.000000000000000000 ) ) ;
#2868 = FILL_AREA_STYLE ('',( #2522 ) ) ;
#2869 = ORIENTED_EDGE ( 'NONE', *, *, #1922, .T. ) ;
#2870 = MANIFOLD_SOLID_BREP ( 'Boss-Extrude2', #2989 ) ;
#2871 = DIRECTION ( 'NONE',  ( -1.289303645682041300E-16, 0.5316224065448977854, 0.8469814737403715821 ) ) ;
#2872 = FACE_OUTER_BOUND ( 'NONE', #585, .T. ) ;
#2873 = CARTESIAN_POINT ( 'NONE',  ( 158.0000000000000000, 0.000000000000000000, -49.99999999999998579 ) ) ;
#2874 = ORIENTED_EDGE ( 'NONE', *, *, #1560, .F. ) ;
#2875 = CARTESIAN_POINT ( 'NONE',  ( 34.50000000000000000, 0.000000000000000000, -53.00000000000000711 ) ) ;
#2876 = LINE ( 'NONE', #81, #289 ) ;
#2877 = DIRECTION ( 'NONE',  ( 0.000000000000000000, 0.000000000000000000, 1.000000000000000000 ) ) ;
#2878 =( NAMED_UNIT ( * ) PLANE_ANGLE_UNIT ( ) SI_UNIT ( $, .RADIAN. ) );
#2879 = EDGE_CURVE ( 'NONE', #2508, #4193, #3885, .T. ) ;
#2880 = LINE ( 'NONE', #4287, #358 ) ;
#2881 = FACE_OUTER_BOUND ( 'NONE', #3632, .T. ) ;
#2882 = VECTOR ( 'NONE', #4513, 1000.000000000000000 ) ;
#2883 = VERTEX_POINT ( 'NONE', #74 ) ;
#2884 = EDGE_CURVE ( 'NONE', #471, #3162, #833, .T. ) ;
#2885 = UNCERTAINTY_MEASURE_WITH_UNIT (LENGTH_MEASURE( 1.000000000000000082E-05 ), #3002, 'distance_accuracy_value', 'NONE');
#2886 = DIRECTION ( 'NONE',  ( -0.000000000000000000, 0.000000000000000000, 1.000000000000000000 ) ) ;
#2887 = AXIS2_PLACEMENT_3D ( 'NONE', #1790, #1721, #3123 ) ;
#2888 = FACE_OUTER_BOUND ( 'NONE', #3355, .T. ) ;
#2889 = EDGE_CURVE ( 'NONE', #1272, #3119, #1391, .T. ) ;
#2890 = VERTEX_POINT ( 'NONE', #3221 ) ;
#2891 = CARTESIAN_POINT ( 'NONE',  ( 126.0000000000000000, 3.000000000000000000, 0.000000000000000000 ) ) ;
#2892 = PRODUCT_DEFINITION_FORMATION_WITH_SPECIFIED_SOURCE ( 'ANY', '', #104, .NOT_KNOWN. ) ;
#2893 = DIRECTION ( 'NONE',  ( -0.000000000000000000, 0.6185895741317418706, -0.7857142857142858094 ) ) ;
#2894 = AXIS2_PLACEMENT_3D ( 'NONE', #3130, #2435, #2148 ) ;
#2895 = ORIENTED_EDGE ( 'NONE', *, *, #424, .T. ) ;
#2896 = MANIFOLD_SOLID_BREP ( 'Boss-Extrude1', #4159 ) ;
#2897 = APPLICATION_PROTOCOL_DEFINITION ( 'draft international standard', 'automotive_design', 1998, #3609 ) ;
#2898 = FACE_BOUND ( 'NONE', #2145, .T. ) ;
#2899 = CIRCLE ( 'NONE', #2173, 10.00000000000000000 ) ;
#2900 = FACE_BOUND ( 'NONE', #2366, .T. ) ;
#2901 = CARTESIAN_POINT ( 'NONE',  ( -4.000000000000000000, 4.898587196589412829E-16, -7.000000000000000000 ) ) ;
#2902 = ORIENTED_EDGE ( 'NONE', *, *, #1245, .F. ) ;
#2903 = PLANE ( 'NONE',  #149 ) ;
#2904 = LINE ( 'NONE', #169, #65 ) ;
#2905 = PRODUCT_DEFINITION_SHAPE ( 'NONE', 'NONE',  #4530 ) ;
#2906 = MECHANICAL_DESIGN_GEOMETRIC_PRESENTATION_REPRESENTATION (  '', ( #930 ), #701 ) ;
#2907 = CARTESIAN_POINT ( 'NONE',  ( -158.0000000000000000, 1.500000000000000000, -49.99999999999998579 ) ) ;
#2908 = EDGE_CURVE ( 'NONE', #3705, #3663, #94, .T. ) ;
#2909 = LINE ( 'NONE', #3638, #2399 ) ;
#2910 = VECTOR ( 'NONE', #1367, 1000.000000000000000 ) ;
#2911 = ORIENTED_EDGE ( 'NONE', *, *, #4283, .T. ) ;
#2912 = AXIS2_PLACEMENT_3D ( 'NONE', #2542, #3950, #462 ) ;
#2913 = LINE ( 'NONE', #2310, #839 ) ;
#2914 = AXIS2_PLACEMENT_3D ( 'NONE', #349, #3134, #389 ) ;
#2915 = CARTESIAN_POINT ( 'NONE',  ( 1.500000000000000222, 1.836970198721030181E-16, 105.0000000000000000 ) ) ;
#2916 = ADVANCED_BREP_SHAPE_REPRESENTATION ( '', ( #4509, #2662 ), #1188 ) ;
#2917 = VERTEX_POINT ( 'NONE', #2569 ) ;
#2918 = EDGE_CURVE ( 'NONE', #915, #2633, #514, .T. ) ;
#2919 = ORIENTED_EDGE ( 'NONE', *, *, #728, .F. ) ;
#2920 = APPLICATION_PROTOCOL_DEFINITION ( 'draft international standard', 'automotive_design', 1998, #3877 ) ;
#2921 = LINE ( 'NONE', #2228, #3704 ) ;
#2922 = FACE_OUTER_BOUND ( 'NONE', #597, .T. ) ;
#2923 = LINE ( 'NONE', #2641, #2990 ) ;
#2924 = EDGE_CURVE ( 'NONE', #4250, #513, #816, .T. ) ;
#2925 = ORIENTED_EDGE ( 'NONE', *, *, #631, .F. ) ;
#2926 = VERTEX_POINT ( 'NONE', #3933 ) ;
#2927 = CARTESIAN_POINT ( 'NONE',  ( 21.00000000000000355, 11.50000000000000178, 150.0000000000000000 ) ) ;
#2928 = UNCERTAINTY_MEASURE_WITH_UNIT (LENGTH_MEASURE( 1.000000000000000082E-05 ), #1678, 'distance_accuracy_value', 'NONE');
#2929 = CARTESIAN_POINT ( 'NONE',  ( 42.00000000000000000, 0.000000000000000000, 10.00000000000000000 ) ) ;
#2930 = CARTESIAN_POINT ( 'NONE',  ( 0.000000000000000000, 0.000000000000000000, 105.0000000000000000 ) ) ;
#2931 = ORIENTED_EDGE ( 'NONE', *, *, #3959, .F. ) ;
#2932 = CARTESIAN_POINT ( 'NONE',  ( -32.49999999999999289, 30.00000000000000000, 2.000000000000000000 ) ) ;
#2933 = EDGE_CURVE ( 'NONE', #377, #1768, #2617, .T. ) ;
#2934 = CARTESIAN_POINT ( 'NONE',  ( 0.000000000000000000, 0.000000000000000000, 26.00000000000000000 ) ) ;
#2935 = MANIFOLD_SOLID_BREP ( 'Boss-Extrude1', #4019 ) ;
#2936 = EDGE_LOOP ( 'NONE', ( #4132, #866, #231, #3391 ) ) ;
#2937 = ORIENTED_EDGE ( 'NONE', *, *, #3734, .F. ) ;
#2938 = DIRECTION ( 'NONE',  ( 1.000000000000000000, 0.000000000000000000, 0.000000000000000000 ) ) ;
#2939 = EDGE_CURVE ( 'NONE', #79, #664, #4029, .T. ) ;
#2940 = ORIENTED_EDGE ( 'NONE', *, *, #2697, .F. ) ;
#2941 = PRODUCT_DEFINITION_SHAPE ( 'NONE', 'NONE',  #991 ) ;
#2942 = ADVANCED_FACE ( 'NONE', ( #3324 ), #1110, .T. ) ;
#2943 = PRESENTATION_STYLE_ASSIGNMENT (( #1539 ) ) ;
#2944 = SHAPE_DEFINITION_REPRESENTATION ( #4267, #4179 ) ;
#2945 = DIRECTION ( 'NONE',  ( -0.000000000000000000, 0.000000000000000000, 1.000000000000000000 ) ) ;
#2946 = CYLINDRICAL_SURFACE ( 'NONE', #328, 10.00000000000000000 ) ;
#2947 = ORIENTED_EDGE ( 'NONE', *, *, #3593, .T. ) ;
#2948 = CARTESIAN_POINT ( 'NONE',  ( 0.000000000000000000, 0.000000000000000000, -15.00000000000000000 ) ) ;
#2949 = CARTESIAN_POINT ( 'NONE',  ( 0.000000000000000000, 0.000000000000000000, 15.00000000000000000 ) ) ;
#2950 = FACE_OUTER_BOUND ( 'NONE', #3245, .T. ) ;
#2951 = MANIFOLD_SOLID_BREP ( 'Boss-Extrude1', #2329 ) ;
#2952 = CARTESIAN_POINT ( 'NONE',  ( 0.000000000000000000, 0.000000000000000000, 0.000000000000000000 ) ) ;
#2953 = ORIENTED_EDGE ( 'NONE', *, *, #3007, .F. ) ;
#2954 = CARTESIAN_POINT ( 'NONE',  ( -175.0000000000000000, 0.000000000000000000, 81.90525588832582571 ) ) ;
#2955 = CYLINDRICAL_SURFACE ( 'NONE', #3351, 2.500000000000000000 ) ;
#2956 = ORIENTED_EDGE ( 'NONE', *, *, #1014, .F. ) ;
#2957 = ORIENTED_EDGE ( 'NONE', *, *, #427, .F. ) ;
#2958 = CARTESIAN_POINT ( 'NONE',  ( -20.99999999999999645, -11.49999999999999822, 150.0000000000000000 ) ) ;
#2959 = PRODUCT_RELATED_PRODUCT_CATEGORY ( 'part', '', ( #1463 ) ) ;
#2960 = EDGE_LOOP ( 'NONE', ( #4041, #2438, #720, #3878 ) ) ;
#2961 = PRODUCT_CONTEXT ( 'NONE', #1341, 'mechanical' ) ;
#2962 = AXIS2_PLACEMENT_3D ( 'NONE', #4277, #3222, #1111 ) ;
#2963 = DIRECTION ( 'NONE',  ( 0.000000000000000000, -1.000000000000000000, 0.000000000000000000 ) ) ;
#2964 = CARTESIAN_POINT ( 'NONE',  ( -10.82531754730547213, -6.250000000000018652, 15.00000000000000000 ) ) ;
#2965 = FACE_OUTER_BOUND ( 'NONE', #2763, .T. ) ;
#2966 = VECTOR ( 'NONE', #959, 1000.000000000000000 ) ;
#2967 = ORIENTED_EDGE ( 'NONE', *, *, #4447, .T. ) ;
#2968 = FACE_OUTER_BOUND ( 'NONE', #319, .T. ) ;
#2969 = DIRECTION ( 'NONE',  ( -0.000000000000000000, 0.000000000000000000, 1.000000000000000000 ) ) ;
#2970 = CARTESIAN_POINT ( 'NONE',  ( 0.000000000000000000, 0.000000000000000000, -7.000000000000000000 ) ) ;
#2971 = AXIS2_PLACEMENT_3D ( 'NONE', #3669, #4403, #1225 ) ;
#2972 = SHAPE_REPRESENTATION ( 'Main_Bot', ( #1040, #551, #2962, #976, #3617, #1640, #264, #4141, #3111, #1116, #3699, #1714, #4365, #4064, #1404, #1783, #3390, #3460, #469 ), #2657 ) ;
#2973 = LINE ( 'NONE', #1472, #3720 ) ;
#2974 = AXIS2_PLACEMENT_3D ( 'NONE', #4062, #3344, #4320 ) ;
#2975 = DIRECTION ( 'NONE',  ( -0.000000000000000000, -0.000000000000000000, -1.000000000000000000 ) ) ;
#2976 = ORIENTED_EDGE ( 'NONE', *, *, #1955, .F. ) ;
#2977 = EDGE_CURVE ( 'NONE', #3213, #1152, #3955, .T. ) ;
#2978 = CARTESIAN_POINT ( 'NONE',  ( 0.000000000000000000, 0.000000000000000000, -2.500000000000000000 ) ) ;
#2979 = AXIS2_PLACEMENT_3D ( 'NONE', #2851, #3813, #3512 ) ;
#2980 = DIRECTION ( 'NONE',  ( 1.000000000000000000, 0.000000000000000000, 0.000000000000000000 ) ) ;
#2981 = VECTOR ( 'NONE', #2713, 1000.000000000000000 ) ;
#2982 = CARTESIAN_POINT ( 'NONE',  ( -175.0000000000000000, 3.000000000000000000, 0.000000000000000000 ) ) ;
#2983 = VECTOR ( 'NONE', #3736, 1000.000000000000000 ) ;
#2984 = ORIENTED_EDGE ( 'NONE', *, *, #3052, .F. ) ;
#2985 = ORIENTED_EDGE ( 'NONE', *, *, #2924, .F. ) ;
#2986 = AXIS2_PLACEMENT_3D ( 'NONE', #4441, #1329, #2743 ) ;
#2987 = DIRECTION ( 'NONE',  ( -0.000000000000000000, -1.000000000000000000, -0.000000000000000000 ) ) ;
#2988 = CIRCLE ( 'NONE', #996, 30.00000000000000000 ) ;
#2989 = CLOSED_SHELL ( 'NONE', ( #814, #4357, #4101, #3136, #2276, #399, #3738, #2588, #2737, #4351, #2858, #1098, #2577, #2580, #2384, #1412, #589, #641, #1738, #4393 ) ) ;
#2990 = VECTOR ( 'NONE', #2231, 1000.000000000000000 ) ;
#2991 = ORIENTED_EDGE ( 'NONE', *, *, #2658, .F. ) ;
#2992 = CARTESIAN_POINT ( 'NONE',  ( 42.00000000000000000, 0.000000000000000000, 10.00000000000000000 ) ) ;
#2993 = PRODUCT_CONTEXT ( 'NONE', #3403, 'mechanical' ) ;
#2994 = CARTESIAN_POINT ( 'NONE',  ( -22.99999999999999289, 0.000000000000000000, -80.00000000000000000 ) ) ;
#2995 = EDGE_CURVE ( 'NONE', #4090, #3444, #4097, .T. ) ;
#2996 = CARTESIAN_POINT ( 'NONE',  ( 126.0000000000000000, 1.500000000000000000, -50.00000000000000000 ) ) ;
#2997 = LINE ( 'NONE', #4409, #1363 ) ;
#2998 = ORIENTED_EDGE ( 'NONE', *, *, #4144, .T. ) ;
#2999 = ADVANCED_FACE ( 'NONE', ( #2709 ), #4116, .T. ) ;
#3000 = CARTESIAN_POINT ( 'NONE',  ( 0.000000000000000000, 0.000000000000000000, -15.00000000000000000 ) ) ;
#3001 = DIRECTION ( 'NONE',  ( -1.000000000000000000, 0.000000000000000000, -4.336808689942017736E-16 ) ) ;
#3002 =( LENGTH_UNIT ( ) NAMED_UNIT ( * ) SI_UNIT ( .MILLI., .METRE. ) );
#3003 = CARTESIAN_POINT ( 'NONE',  ( 0.000000000000000000, 2.143131898507868248E-15, -17.50000000000000000 ) ) ;
#3004 = DIRECTION ( 'NONE',  ( 1.000000000000000000, 0.000000000000000000, 0.000000000000000000 ) ) ;
#3005 = ORIENTED_EDGE ( 'NONE', *, *, #1055, .F. ) ;
#3006 = CARTESIAN_POINT ( 'NONE',  ( -126.0000000000000000, 1.500000000000000000, 50.00000000000001421 ) ) ;
#3007 = EDGE_CURVE ( 'NONE', #1601, #1018, #202, .T. ) ;
#3008 =( REPRESENTATION_RELATIONSHIP ('NONE','NONE', #2972, #1053 ) REPRESENTATION_RELATIONSHIP_WITH_TRANSFORMATION ( #4430 )SHAPE_REPRESENTATION_RELATIONSHIP( ) );
#3009 = LINE ( 'NONE', #2982, #2685 ) ;
#3010 = ORIENTED_EDGE ( 'NONE', *, *, #1679, .F. ) ;
#3011 = ORIENTED_EDGE ( 'NONE', *, *, #150, .F. ) ;
#3012 = DIRECTION ( 'NONE',  ( 0.000000000000000000, 0.000000000000000000, 1.000000000000000000 ) ) ;
#3013 = CIRCLE ( 'NONE', #4185, 17.50000000000000000 ) ;
#3014 = ORIENTED_EDGE ( 'NONE', *, *, #3279, .T. ) ;
#3015 = DIRECTION ( 'NONE',  ( 0.000000000000000000, 0.000000000000000000, -1.000000000000000000 ) ) ;
#3016 = DIRECTION ( 'NONE',  ( 1.000000000000000000, -0.000000000000000000, 0.000000000000000000 ) ) ;
#3017 = DIRECTION ( 'NONE',  ( -1.000000000000000000, -0.000000000000000000, -0.000000000000000000 ) ) ;
#3018 = VERTEX_POINT ( 'NONE', #893 ) ;
#3019 = PLANE ( 'NONE',  #2033 ) ;
#3020 = LINE ( 'NONE', #1323, #2315 ) ;
#3021 = UNCERTAINTY_MEASURE_WITH_UNIT (LENGTH_MEASURE( 1.000000000000000082E-05 ), #1120, 'distance_accuracy_value', 'NONE');
#3022 = PLANE ( 'NONE',  #3425 ) ;
#3023 = ORIENTED_EDGE ( 'NONE', *, *, #4485, .F. ) ;
#3024 = EDGE_CURVE ( 'NONE', #198, #2598, #1792, .T. ) ;
#3025 = DIRECTION ( 'NONE',  ( 0.000000000000000000, 0.000000000000000000, -1.000000000000000000 ) ) ;
#3026 = SURFACE_SIDE_STYLE ('',( #239 ) ) ;
#3027 = CARTESIAN_POINT ( 'NONE',  ( 175.0000000000000000, 1.500000000000003775, 80.00000000000001421 ) ) ;
#3028 = EDGE_CURVE ( 'NONE', #3971, #2078, #4052, .T. ) ;
#3029 = ORIENTED_EDGE ( 'NONE', *, *, #747, .F. ) ;
#3030 = ADVANCED_BREP_SHAPE_REPRESENTATION ( '', ( #1456, #2662 ), #2227 ) ;
#3031 = ORIENTED_EDGE ( 'NONE', *, *, #3078, .T. ) ;
#3032 = CARTESIAN_POINT ( 'NONE',  ( 7.500000000000000000, 0.000000000000000000, -27.49999999999999645 ) ) ;
#3033 = EDGE_CURVE ( 'NONE', #2103, #1660, #917, .T. ) ;
#3034 = EDGE_LOOP ( 'NONE', ( #2027, #804, #3180, #3187 ) ) ;
#3035 = CIRCLE ( 'NONE', #1927, 1.500000000000000222 ) ;
#3036 = EDGE_LOOP ( 'NONE', ( #3540, #1993 ) ) ;
#3037 = DIRECTION ( 'NONE',  ( -1.000000000000000000, -0.000000000000000000, -0.000000000000000000 ) ) ;
#3038 = DIRECTION ( 'NONE',  ( 0.8660254037844365982, 0.5000000000000035527, 0.000000000000000000 ) ) ;
#3039 = DIRECTION ( 'NONE',  ( 1.000000000000000000, -0.000000000000000000, 0.000000000000000000 ) ) ;
#3040 = CARTESIAN_POINT ( 'NONE',  ( 0.000000000000000000, 0.000000000000000000, 90.00000000000000000 ) ) ;
#3041 = ORIENTED_EDGE ( 'NONE', *, *, #3522, .F. ) ;
#3042 = DIRECTION ( 'NONE',  ( -0.000000000000000000, -0.000000000000000000, 1.000000000000000000 ) ) ;
#3043 = CARTESIAN_POINT ( 'NONE',  ( 34.50000000000000000, 1.347111479062088405E-15, -36.00000000000000711 ) ) ;
#3044 = VECTOR ( 'NONE', #3356, 1000.000000000000000 ) ;
#3045 = CARTESIAN_POINT ( 'NONE',  ( 0.000000000000000000, 0.000000000000000000, 0.000000000000000000 ) ) ;
#3046 = VERTEX_POINT ( 'NONE', #601 ) ;
#3047 = AXIS2_PLACEMENT_3D ( 'NONE', #999, #2410, #1647 ) ;
#3048 = DIRECTION ( 'NONE',  ( -1.000000000000000000, -0.000000000000000000, -0.000000000000000000 ) ) ;
#3049 = VECTOR ( 'NONE', #4195, 1000.000000000000000 ) ;
#3050 = LINE ( 'NONE', #2013, #3782 ) ;
#3051 = DIRECTION ( 'NONE',  ( 0.000000000000000000, 0.000000000000000000, -1.000000000000000000 ) ) ;
#3052 = EDGE_CURVE ( 'NONE', #1153, #2727, #3081, .T. ) ;
#3053 = ORIENTED_EDGE ( 'NONE', *, *, #3166, .F. ) ;
#3054 = AXIS2_PLACEMENT_3D ( 'NONE', #2331, #1987, #3381 ) ;
#3055 = ORIENTED_EDGE ( 'NONE', *, *, #4325, .F. ) ;
#3056 = DIRECTION ( 'NONE',  ( 0.000000000000000000, 0.000000000000000000, -1.000000000000000000 ) ) ;
#3057 = ADVANCED_FACE ( 'NONE', ( #296 ), #2367, .F. ) ;
#3058 = VECTOR ( 'NONE', #1180, 1000.000000000000000 ) ;
#3059 = VECTOR ( 'NONE', #1264, 1000.000000000000000 ) ;
#3060 = ORIENTED_EDGE ( 'NONE', *, *, #47, .F. ) ;
#3061 = DIRECTION ( 'NONE',  ( -1.000000000000000000, 0.000000000000000000, 0.000000000000000000 ) ) ;
#3062 = VECTOR ( 'NONE', #2536, 1000.000000000000000 ) ;
#3063 = LINE ( 'NONE', #2322, #914 ) ;
#3064 = VECTOR ( 'NONE', #142, 1000.000000000000000 ) ;
#3065 = LINE ( 'NONE', #3423, #990 ) ;
#3066 = FILL_AREA_STYLE ('',( #1657 ) ) ;
#3067 = VERTEX_POINT ( 'NONE', #2320 ) ;
#3068 = PLANE ( 'NONE',  #1805 ) ;
#3069 = AXIS2_PLACEMENT_3D ( 'NONE', #392, #3547, #1458 ) ;
#3070 = PLANE ( 'NONE',  #3987 ) ;
#3071 = DIRECTION ( 'NONE',  ( 1.000000000000000000, 0.000000000000000000, 0.000000000000000000 ) ) ;
#3072 = EDGE_LOOP ( 'NONE', ( #2749, #1619, #1395, #615 ) ) ;
#3073 = LINE ( 'NONE', #258, #2171 ) ;
#3074 = FILL_AREA_STYLE_COLOUR ( '', #1809 ) ;
#3075 = LINE ( 'NONE', #4171, #423 ) ;
#3076 = EDGE_LOOP ( 'NONE', ( #1390, #3476 ) ) ;
#3077 = DIRECTION ( 'NONE',  ( 0.000000000000000000, 0.000000000000000000, -1.000000000000000000 ) ) ;
#3078 = EDGE_CURVE ( 'NONE', #2078, #2508, #1996, .T. ) ;
#3079 = VERTEX_POINT ( 'NONE', #4493 ) ;
#3080 = EDGE_CURVE ( 'NONE', #2083, #2069, #3393, .T. ) ;
#3081 = LINE ( 'NONE', #4135, #3620 ) ;
#3082 = DIRECTION ( 'NONE',  ( -0.8660254037844378194, -0.5000000000000013323, 0.000000000000000000 ) ) ;
#3083 = CARTESIAN_POINT ( 'NONE',  ( -28.00000000000000000, 15.00000000000000000, 15.00000000000000000 ) ) ;
#3084 = LINE ( 'NONE', #3424, #2439 ) ;
#3085 = EDGE_CURVE ( 'NONE', #4474, #3046, #3759, .T. ) ;
#3086 = ADVANCED_FACE ( 'NONE', ( #619, #580, #3374 ), #246, .F. ) ;
#3087 = ORIENTED_EDGE ( 'NONE', *, *, #3033, .F. ) ;
#3088 = DIRECTION ( 'NONE',  ( 0.000000000000000000, -0.000000000000000000, 1.000000000000000000 ) ) ;
#3089 =( NAMED_UNIT ( * ) SI_UNIT ( $, .STERADIAN. ) SOLID_ANGLE_UNIT ( ) );
#3090 = EDGE_CURVE ( 'NONE', #1201, #2087, #2684, .T. ) ;
#3091 = DIRECTION ( 'NONE',  ( -0.000000000000000000, -1.000000000000000000, -0.000000000000000000 ) ) ;
#3092 = DIRECTION ( 'NONE',  ( -4.336808689942017736E-16, 0.000000000000000000, -1.000000000000000000 ) ) ;
#3093 = ORIENTED_EDGE ( 'NONE', *, *, #3544, .F. ) ;
#3094 = DIRECTION ( 'NONE',  ( 1.000000000000000000, -0.000000000000000000, 0.000000000000000000 ) ) ;
#3095 = LINE ( 'NONE', #613, #1882 ) ;
#3096 = SHAPE_REPRESENTATION ( 'Motor_wheel_clamp', ( #4214, #3548, #1334, #2304 ), #3326 ) ;
#3097 = ORIENTED_EDGE ( 'NONE', *, *, #2390, .F. ) ;
#3098 = ORIENTED_EDGE ( 'NONE', *, *, #2184, .F. ) ;
#3099 = CARTESIAN_POINT ( 'NONE',  ( 0.000000000000000000, 0.000000000000000000, 15.00000000000000000 ) ) ;
#3100 = ITEM_DEFINED_TRANSFORMATION ( 'NONE', 'NONE', #4064,  #2662 ) ;
#3101 = CARTESIAN_POINT ( 'NONE',  ( -20.99999999999999645, -11.49999999999999822, 150.0000000000000000 ) ) ;
#3102 = DIRECTION ( 'NONE',  ( -1.000000000000000000, 0.000000000000000000, 0.000000000000000000 ) ) ;
#3103 = PRODUCT_DEFINITION ( 'UNKNOWN', '', #4220, #903 ) ;
#3104 = ORIENTED_EDGE ( 'NONE', *, *, #3526, .F. ) ;
#3105 = DIRECTION ( 'NONE',  ( 0.000000000000000000, 0.000000000000000000, -1.000000000000000000 ) ) ;
#3106 = CIRCLE ( 'NONE', #3691, 15.00000000000000000 ) ;
#3107 = VECTOR ( 'NONE', #2162, 1000.000000000000000 ) ;
#3108 = ORIENTED_EDGE ( 'NONE', *, *, #2044, .F. ) ;
#3109 = DIRECTION ( 'NONE',  ( -0.8660254037844379305, -0.5000000000000011102, 0.000000000000000000 ) ) ;
#3110 = VECTOR ( 'NONE', #2225, 1000.000000000000000 ) ;
#3111 = AXIS2_PLACEMENT_3D ( 'NONE', #2504, #3862, #755 ) ;
#3112 = DIRECTION ( 'NONE',  ( -0.000000000000000000, -1.000000000000000000, -0.000000000000000000 ) ) ;
#3113 = DIRECTION ( 'NONE',  ( -1.000000000000000000, -0.000000000000000000, -0.000000000000000000 ) ) ;
#3114 = VECTOR ( 'NONE', #3537, 1000.000000000000000 ) ;
#3115 = ADVANCED_FACE ( 'NONE', ( #4405 ), #4158, .T. ) ;
#3116 = ORIENTED_EDGE ( 'NONE', *, *, #108, .F. ) ;
#3117 = CARTESIAN_POINT ( 'NONE',  ( 1.249999999999997335, -2.165063509461085722, 15.00000000000000000 ) ) ;
#3118 = VECTOR ( 'NONE', #4217, 1000.000000000000000 ) ;
#3119 = VERTEX_POINT ( 'NONE', #313 ) ;
#3120 = AXIS2_PLACEMENT_3D ( 'NONE', #2949, #2600, #1165 ) ;
#3121 = LINE ( 'NONE', #1409, #3194 ) ;
#3122 = CARTESIAN_POINT ( 'NONE',  ( 32.50000000000000000, 10.77032961426899860, -53.00000000000000711 ) ) ;
#3123 = DIRECTION ( 'NONE',  ( 1.000000000000000000, 0.000000000000000000, 0.000000000000000000 ) ) ;
#3124 = VECTOR ( 'NONE', #29, 1000.000000000000000 ) ;
#3125 = AXIS2_PLACEMENT_3D ( 'NONE', #2200, #3317, #3665 ) ;
#3126 = ORIENTED_EDGE ( 'NONE', *, *, #2789, .T. ) ;
#3127 = FACE_OUTER_BOUND ( 'NONE', #4085, .T. ) ;
#3128 = DIRECTION ( 'NONE',  ( 0.000000000000000000, 0.000000000000000000, 1.000000000000000222 ) ) ;
#3129 = EDGE_CURVE ( 'NONE', #1024, #1423, #2414, .T. ) ;
#3130 = CARTESIAN_POINT ( 'NONE',  ( 7.500000000000000000, 0.000000000000000000, -27.49999999999999645 ) ) ;
#3131 = ORIENTED_EDGE ( 'NONE', *, *, #1476, .T. ) ;
#3132 = ORIENTED_EDGE ( 'NONE', *, *, #1881, .F. ) ;
#3133 = PLANE ( 'NONE',  #274 ) ;
#3134 = DIRECTION ( 'NONE',  ( 1.000000000000000000, 0.000000000000000000, 0.000000000000000000 ) ) ;
#3135 = ORIENTED_EDGE ( 'NONE', *, *, #923, .F. ) ;
#3136 = ADVANCED_FACE ( 'NONE', ( #3440 ), #1693, .F. ) ;
#3137 = PLANE ( 'NONE',  #3993 ) ;
#3138 = EDGE_CURVE ( 'NONE', #4334, #937, #4335, .T. ) ;
#3139 = EDGE_LOOP ( 'NONE', ( #1579, #73, #808, #3684 ) ) ;
#3140 = FACE_OUTER_BOUND ( 'NONE', #2222, .T. ) ;
#3141 = APPLICATION_CONTEXT ( 'automotive_design' ) ;
#3142 = CARTESIAN_POINT ( 'NONE',  ( -2.168404344971011392E-14, 1.500000000000000000, -50.00000000000005684 ) ) ;
#3143 = EDGE_LOOP ( 'NONE', ( #2419, #1775, #609, #4508, #3578, #3977 ) ) ;
#3144 = ORIENTED_EDGE ( 'NONE', *, *, #1306, .F. ) ;
#3145 = DIRECTION ( 'NONE',  ( 0.000000000000000000, 0.000000000000000000, -1.000000000000000000 ) ) ;
#3146 = CARTESIAN_POINT ( 'NONE',  ( 213.5000000000000000, 30.50000000000000000, -12.50000000000009770 ) ) ;
#3147 = DIRECTION ( 'NONE',  ( 0.000000000000000000, 0.000000000000000000, -1.000000000000000000 ) ) ;
#3148 = LINE ( 'NONE', #1049, #1073 ) ;
#3149 = VERTEX_POINT ( 'NONE', #3311 ) ;
#3150 = ORIENTED_EDGE ( 'NONE', *, *, #3404, .T. ) ;
#3151 = DIRECTION ( 'NONE',  ( 0.000000000000000000, 0.6185895741317427587, -0.7857142857142851433 ) ) ;
#3152 = DIRECTION ( 'NONE',  ( 0.000000000000000000, 0.000000000000000000, 1.000000000000000000 ) ) ;
#3153 = UNCERTAINTY_MEASURE_WITH_UNIT (LENGTH_MEASURE( 1.000000000000000082E-05 ), #481, 'distance_accuracy_value', 'NONE');
#3154 = PRODUCT_DEFINITION_SHAPE ( 'NONE', 'NONE',  #4525 ) ;
#3155 = CARTESIAN_POINT ( 'NONE',  ( -126.0000000000000000, 0.000000000000000000, -50.00000000000000000 ) ) ;
#3156 = DIRECTION ( 'NONE',  ( -0.000000000000000000, 0.000000000000000000, 1.000000000000000000 ) ) ;
#3157 = ADVANCED_FACE ( 'NONE', ( #2968 ), #1209, .F. ) ;
#3158 = ORIENTED_EDGE ( 'NONE', *, *, #23, .F. ) ;
#3159 = CARTESIAN_POINT ( 'NONE',  ( 175.0000000000000568, 3.000000000000000000, -74.99999999999998579 ) ) ;
#3160 = ADVANCED_FACE ( 'NONE', ( #100 ), #1469, .T. ) ;
#3161 = ADVANCED_FACE ( 'NONE', ( #658 ), #4182, .T. ) ;
#3162 = VERTEX_POINT ( 'NONE', #2545 ) ;
#3163 = PLANE ( 'NONE',  #3848 ) ;
#3164 = DIRECTION ( 'NONE',  ( -0.000000000000000000, 0.000000000000000000, 1.000000000000000000 ) ) ;
#3165 = ORIENTED_EDGE ( 'NONE', *, *, #1983, .F. ) ;
#3166 = EDGE_CURVE ( 'NONE', #3162, #471, #408, .T. ) ;
#3167 = ORIENTED_EDGE ( 'NONE', *, *, #1136, .F. ) ;
#3168 = FILL_AREA_STYLE ('',( #2796 ) ) ;
#3169 = APPLICATION_CONTEXT ( 'automotive_design' ) ;
#3170 = DIRECTION ( 'NONE',  ( 1.000000000000000000, 0.000000000000000000, 0.000000000000000000 ) ) ;
#3171 = DIRECTION ( 'NONE',  ( 1.000000000000000000, 0.000000000000000000, 0.000000000000000000 ) ) ;
#3172 = EDGE_LOOP ( 'NONE', ( #3426, #1883, #3367, #391 ) ) ;
#3173 = PRODUCT_DEFINITION_FORMATION_WITH_SPECIFIED_SOURCE ( 'ANY', '', #1463, .NOT_KNOWN. ) ;
#3174 = VERTEX_POINT ( 'NONE', #4349 ) ;
#3175 = CARTESIAN_POINT ( 'NONE',  ( -7.500000000000000000, 0.000000000000000000, 10.00000000000000000 ) ) ;
#3176 = CARTESIAN_POINT ( 'NONE',  ( 745.8610843314503427, 886.7765293216248210, 1317.871995967144585 ) ) ;
#3177 = CARTESIAN_POINT ( 'NONE',  ( 23.00000000000000711, 1.500000000000000000, 0.000000000000000000 ) ) ;
#3178 = CARTESIAN_POINT ( 'NONE',  ( 158.0000000000000000, 3.000000000000000000, 50.00000000000001421 ) ) ;
#3179 =( GEOMETRIC_REPRESENTATION_CONTEXT ( 3 ) GLOBAL_UNCERTAINTY_ASSIGNED_CONTEXT ( ( #2333 ) ) GLOBAL_UNIT_ASSIGNED_CONTEXT ( ( #3364, #967, #3730 ) ) REPRESENTATION_CONTEXT ( 'NONE', 'WORKASPACE' ) );
#3180 = ORIENTED_EDGE ( 'NONE', *, *, #4420, .T. ) ;
#3181 = CARTESIAN_POINT ( 'NONE',  ( 50.00000000000002132, 15.00000000000000000, 19.99999999999999645 ) ) ;
#3182 =( GEOMETRIC_REPRESENTATION_CONTEXT ( 3 ) GLOBAL_UNCERTAINTY_ASSIGNED_CONTEXT ( ( #2885 ) ) GLOBAL_UNIT_ASSIGNED_CONTEXT ( ( #3002, #1592, #1526 ) ) REPRESENTATION_CONTEXT ( 'NONE', 'WORKASPACE' ) );
#3183 = PRODUCT_DEFINITION ( 'UNKNOWN', '', #336, #2649 ) ;
#3184 = AXIS2_PLACEMENT_3D ( 'NONE', #2875, #2451, #586 ) ;
#3185 = ADVANCED_BREP_SHAPE_REPRESENTATION ( '', ( #4418, #2662 ), #4445 ) ;
#3186 = ADVANCED_FACE ( 'NONE', ( #243 ), #224, .T. ) ;
#3187 = ORIENTED_EDGE ( 'NONE', *, *, #3826, .F. ) ;
#3188 = DIRECTION ( 'NONE',  ( 1.000000000000000000, -0.000000000000000000, 0.000000000000000000 ) ) ;
#3189 = CIRCLE ( 'NONE', #2088, 17.50000000000000000 ) ;
#3190 = DIRECTION ( 'NONE',  ( -0.000000000000000000, -1.000000000000000000, -0.000000000000000000 ) ) ;
#3191 = VECTOR ( 'NONE', #2219, 1000.000000000000000 ) ;
#3192 = CARTESIAN_POINT ( 'NONE',  ( 32.50000000000000000, 0.000000000000000000, -25.00000000000000000 ) ) ;
#3193 = FILL_AREA_STYLE ('',( #1023 ) ) ;
#3194 = VECTOR ( 'NONE', #1, 1000.000000000000000 ) ;
#3195 = EDGE_CURVE ( 'NONE', #2807, #3978, #3648, .T. ) ;
#3196 = ORIENTED_EDGE ( 'NONE', *, *, #3785, .T. ) ;
#3197 = VERTEX_POINT ( 'NONE', #1198 ) ;
#3198 = VECTOR ( 'NONE', #2644, 1000.000000000000000 ) ;
#3199 = EDGE_CURVE ( 'NONE', #2586, #4004, #3619, .T. ) ;
#3200 = DIRECTION ( 'NONE',  ( 0.000000000000000000, 0.000000000000000000, 1.000000000000000000 ) ) ;
#3201 = CARTESIAN_POINT ( 'NONE',  ( 206.0000000000000284, 58.00000000000004263, -12.50000000000009415 ) ) ;
#3202 = VECTOR ( 'NONE', #2791, 1000.000000000000000 ) ;
#3203 = CARTESIAN_POINT ( 'NONE',  ( -9.635254915624210881, -2.676165673298174674, -15.00000000000000000 ) ) ;
#3204 = CARTESIAN_POINT ( 'NONE',  ( -32.49999999999999289, 30.00000000000000000, 2.000000000000000000 ) ) ;
#3205 = DIRECTION ( 'NONE',  ( -1.000000000000000000, 0.000000000000000000, -0.000000000000000000 ) ) ;
#3206 = ORIENTED_EDGE ( 'NONE', *, *, #3748, .T. ) ;
#3207 = AXIS2_PLACEMENT_3D ( 'NONE', #2952, #1850, #3683 ) ;
#3208 = DIRECTION ( 'NONE',  ( -0.000000000000000000, -0.000000000000000000, -1.000000000000000000 ) ) ;
#3209 = CYLINDRICAL_SURFACE ( 'NONE', #485, 10.00000000000000000 ) ;
#3210 = CARTESIAN_POINT ( 'NONE',  ( 34.50000000000000000, 0.000000000000000000, -53.00000000000000711 ) ) ;
#3211 = CLOSED_SHELL ( 'NONE', ( #1848, #568, #2942, #3703, #675, #3650, #3597, #3454, #2564, #2597 ) ) ;
#3212 = CARTESIAN_POINT ( 'NONE',  ( -17.50000000000000000, 0.000000000000000000, 90.00000000000000000 ) ) ;
#3213 = VERTEX_POINT ( 'NONE', #1978 ) ;
#3214 = DIRECTION ( 'NONE',  ( 0.000000000000000000, 0.000000000000000000, -1.000000000000000000 ) ) ;
#3215 = ORIENTED_EDGE ( 'NONE', *, *, #1476, .F. ) ;
#3216 = DIRECTION ( 'NONE',  ( 0.000000000000000000, 0.000000000000000000, -1.000000000000000000 ) ) ;
#3217 = LINE ( 'NONE', #90, #2474 ) ;
#3218 = DIRECTION ( 'NONE',  ( 1.000000000000000000, 0.000000000000000000, 0.000000000000000000 ) ) ;
#3219 = EDGE_CURVE ( 'NONE', #2397, #1285, #4444, .T. ) ;
#3220 = ORIENTED_EDGE ( 'NONE', *, *, #1595, .T. ) ;
#3221 = CARTESIAN_POINT ( 'NONE',  ( 175.0000000000000000, 56.50000000000000711, 123.3012701892219525 ) ) ;
#3222 = DIRECTION ( 'NONE',  ( 1.224646799147352961E-16, -1.000000000000000000, 1.224646799147353454E-16 ) ) ;
#3223 = DIRECTION ( 'NONE',  ( 1.000000000000000000, 0.000000000000000000, 0.000000000000000000 ) ) ;
#3224 = DIRECTION ( 'NONE',  ( 0.000000000000000000, 1.000000000000000000, 0.000000000000000000 ) ) ;
#3225 = LINE ( 'NONE', #4212, #299 ) ;
#3226 = EDGE_CURVE ( 'NONE', #3978, #664, #813, .T. ) ;
#3227 = ORIENTED_EDGE ( 'NONE', *, *, #689, .F. ) ;
#3228 = ORIENTED_EDGE ( 'NONE', *, *, #2354, .F. ) ;
#3229 = EDGE_CURVE ( 'NONE', #2087, #242, #3372, .T. ) ;
#3230 = DIRECTION ( 'NONE',  ( -1.000000000000000000, 0.000000000000000000, 0.000000000000000000 ) ) ;
#3231 = DIRECTION ( 'NONE',  ( 0.000000000000000000, 0.000000000000000000, -1.000000000000000000 ) ) ;
#3232 = DIRECTION ( 'NONE',  ( 0.000000000000000000, 0.000000000000000000, -1.000000000000000000 ) ) ;
#3233 = ORIENTED_EDGE ( 'NONE', *, *, #4485, .T. ) ;
#3234 = CARTESIAN_POINT ( 'NONE',  ( 0.000000000000000000, 0.000000000000000000, -7.000000000000000000 ) ) ;
#3235 = PRODUCT_DEFINITION_SHAPE ( 'NONE', 'NONE',  #4529 ) ;
#3236 = ORIENTED_EDGE ( 'NONE', *, *, #3874, .F. ) ;
#3237 = DIRECTION ( 'NONE',  ( 1.000000000000000000, 0.000000000000000000, 0.000000000000000000 ) ) ;
#3238 = ORIENTED_EDGE ( 'NONE', *, *, #1536, .T. ) ;
#3239 = DIRECTION ( 'NONE',  ( 0.000000000000000000, 0.000000000000000000, 1.000000000000000000 ) ) ;
#3240 = CARTESIAN_POINT ( 'NONE',  ( 0.000000000000000000, 0.000000000000000000, 0.000000000000000000 ) ) ;
#3241 = PRODUCT_DEFINITION ( 'UNKNOWN', '', #1179, #1170 ) ;
#3242 = CARTESIAN_POINT ( 'NONE',  ( 9.575317547305468580, 8.415063509461104374, 15.00000000000000000 ) ) ;
#3243 = DIRECTION ( 'NONE',  ( -1.000000000000000000, 0.000000000000000000, 0.000000000000000000 ) ) ;
#3244 = ORIENTED_EDGE ( 'NONE', *, *, #4172, .T. ) ;
#3245 = EDGE_LOOP ( 'NONE', ( #4061, #1575 ) ) ;
#3246 = CARTESIAN_POINT ( 'NONE',  ( 11.33107569688461425, 22.28467463418461136, 15.00000000000000000 ) ) ;
#3247 = DIRECTION ( 'NONE',  ( -0.000000000000000000, -1.000000000000000000, -0.000000000000000000 ) ) ;
#3248 = FACE_OUTER_BOUND ( 'NONE', #3821, .T. ) ;
#3249 = VERTEX_POINT ( 'NONE', #1535 ) ;
#3250 = DIRECTION ( 'NONE',  ( 0.000000000000000000, 0.000000000000000000, -1.000000000000000000 ) ) ;
#3251 = EDGE_CURVE ( 'NONE', #3079, #1645, #1576, .T. ) ;
#3252 = VERTEX_POINT ( 'NONE', #2958 ) ;
#3253 =( GEOMETRIC_REPRESENTATION_CONTEXT ( 3 ) GLOBAL_UNCERTAINTY_ASSIGNED_CONTEXT ( ( #4316 ) ) GLOBAL_UNIT_ASSIGNED_CONTEXT ( ( #1840, #2591, #2205 ) ) REPRESENTATION_CONTEXT ( 'NONE', 'WORKASPACE' ) );
#3254 = EDGE_CURVE ( 'NONE', #1261, #2341, #889, .T. ) ;
#3255 = EDGE_CURVE ( 'NONE', #453, #1730, #235, .T. ) ;
#3256 = AXIS2_PLACEMENT_3D ( 'NONE', #939, #2342, #1672 ) ;
#3257 = ORIENTED_EDGE ( 'NONE', *, *, #4077, .F. ) ;
#3258 = FILL_AREA_STYLE ('',( #1517 ) ) ;
#3259 = SHAPE_DEFINITION_REPRESENTATION ( #3849, #3882 ) ;
#3260 = VECTOR ( 'NONE', #2700, 1000.000000000000000 ) ;
#3261 = DIRECTION ( 'NONE',  ( 1.000000000000000000, 0.000000000000000000, 0.000000000000000000 ) ) ;
#3262 = DIRECTION ( 'NONE',  ( -0.000000000000000000, 1.000000000000000000, 0.000000000000000000 ) ) ;
#3263 = DIRECTION ( 'NONE',  ( -1.000000000000000000, 0.000000000000000000, 0.000000000000000000 ) ) ;
#3264 = ORIENTED_EDGE ( 'NONE', *, *, #3254, .F. ) ;
#3265 = ORIENTED_EDGE ( 'NONE', *, *, #3929, .T. ) ;
#3266 = ADVANCED_FACE ( 'NONE', ( #4026 ), #868, .F. ) ;
#3267 = DIRECTION ( 'NONE',  ( 0.000000000000000000, 0.000000000000000000, -1.000000000000000000 ) ) ;
#3268 = PRODUCT_DEFINITION_SHAPE ( 'NONE', 'NONE',  #286 ) ;
#3269 = CARTESIAN_POINT ( 'NONE',  ( -22.99999999999999289, 1.500000000000000000, -80.00000000000000000 ) ) ;
#3270 = FACE_OUTER_BOUND ( 'NONE', #344, .T. ) ;
#3271 = AXIS2_PLACEMENT_3D ( 'NONE', #2417, #3531, #751 ) ;
#3272 = ORIENTED_EDGE ( 'NONE', *, *, #4420, .F. ) ;
#3273 = VECTOR ( 'NONE', #1012, 1000.000000000000000 ) ;
#3274 = CARTESIAN_POINT ( 'NONE',  ( -35.00000000000000000, 0.000000000000000000, 0.000000000000000000 ) ) ;
#3275 = AXIS2_PLACEMENT_3D ( 'NONE', #638, #3435, #309 ) ;
#3276 = CIRCLE ( 'NONE', #1664, 10.00000000000000000 ) ;
#3277 = SURFACE_STYLE_USAGE ( .BOTH. , #1901 ) ;
#3278 = VECTOR ( 'NONE', #2473, 1000.000000000000000 ) ;
#3279 = EDGE_CURVE ( 'NONE', #4422, #3414, #2634, .T. ) ;
#3280 = CLOSED_SHELL ( 'NONE', ( #3830, #297, #1587, #1544, #2860, #528, #2999, #2011, #2110, #2327, #656, #4042, #4126, #43, #1046, #1705, #2362, #321, #3558, #1403, #4322, #2356, #3924 ) ) ;
#3281 = EDGE_LOOP ( 'NONE', ( #3361, #1369, #3228, #2212 ) ) ;
#3282 = CIRCLE ( 'NONE', #3868, 39.52847075210474515 ) ;
#3283 = VECTOR ( 'NONE', #2487, 1000.000000000000000 ) ;
#3284 = ORIENTED_EDGE ( 'NONE', *, *, #2731, .T. ) ;
#3285 = CARTESIAN_POINT ( 'NONE',  ( 0.000000000000000000, 0.000000000000000000, 90.00000000000000000 ) ) ;
#3286 = APPLICATION_PROTOCOL_DEFINITION ( 'draft international standard', 'automotive_design', 1998, #3732 ) ;
#3287 = FACE_OUTER_BOUND ( 'NONE', #3517, .T. ) ;
#3288 = DIRECTION ( 'NONE',  ( -1.000000000000000000, 0.000000000000000000, 0.000000000000000000 ) ) ;
#3289 = FACE_OUTER_BOUND ( 'NONE', #158, .T. ) ;
#3290 = ORIENTED_EDGE ( 'NONE', *, *, #3893, .F. ) ;
#3291 = ORIENTED_EDGE ( 'NONE', *, *, #2724, .T. ) ;
#3292 = CARTESIAN_POINT ( 'NONE',  ( 23.00000000000000711, 0.000000000000000000, -80.00000000000000000 ) ) ;
#3293 = PLANE ( 'NONE',  #1286 ) ;
#3294 = APPLICATION_CONTEXT ( 'automotive_design' ) ;
#3295 = DIRECTION ( 'NONE',  ( -0.000000000000000000, -1.000000000000000000, -0.000000000000000000 ) ) ;
#3296 = EDGE_LOOP ( 'NONE', ( #4482, #4404, #484, #3740 ) ) ;
#3297 = DIRECTION ( 'NONE',  ( 0.000000000000000000, 0.000000000000000000, -1.000000000000000000 ) ) ;
#3298 = CYLINDRICAL_SURFACE ( 'NONE', #994, 15.00000000000000000 ) ;
#3299 = PRODUCT_DEFINITION ( 'UNKNOWN', '', #3472, #4271 ) ;
#3300 = ORIENTED_EDGE ( 'NONE', *, *, #3612, .F. ) ;
#3301 = VERTEX_POINT ( 'NONE', #3690 ) ;
#3302 = CARTESIAN_POINT ( 'NONE',  ( 7.500000000000000000, -27.49999999999999645, 0.000000000000000000 ) ) ;
#3303 = EDGE_CURVE ( 'NONE', #3018, #1118, #4069, .T. ) ;
#3304 = EDGE_LOOP ( 'NONE', ( #3126, #1242 ) ) ;
#3305 = PRODUCT_CONTEXT ( 'NONE', #1499, 'mechanical' ) ;
#3306 = DIRECTION ( 'NONE',  ( -1.000000000000000000, -0.000000000000000000, -0.000000000000000000 ) ) ;
#3307 = CARTESIAN_POINT ( 'NONE',  ( 0.000000000000000000, 0.000000000000000000, -149.9999999999999716 ) ) ;
#3308 = CARTESIAN_POINT ( 'NONE',  ( -158.0000000000000000, 3.000000000000000000, -49.99999999999998579 ) ) ;
#3309 = EDGE_CURVE ( 'NONE', #2111, #2286, #1244, .T. ) ;
#3310 = ORIENTED_EDGE ( 'NONE', *, *, #3007, .T. ) ;
#3311 = CARTESIAN_POINT ( 'NONE',  ( -1.500000000000000222, 0.000000000000000000, 90.00000000000000000 ) ) ;
#3312 = CARTESIAN_POINT ( 'NONE',  ( 0.000000000000000000, 0.000000000000000000, 26.00000000000000000 ) ) ;
#3313 = DIRECTION ( 'NONE',  ( 0.000000000000000000, 0.000000000000000000, 1.000000000000000000 ) ) ;
#3314 = CARTESIAN_POINT ( 'NONE',  ( -85.00000000000032685, 0.000000000000000000, -149.9999999999999716 ) ) ;
#3315 = VERTEX_POINT ( 'NONE', #4175 ) ;
#3316 = FACE_OUTER_BOUND ( 'NONE', #491, .T. ) ;
#3317 = DIRECTION ( 'NONE',  ( 0.000000000000000000, 0.000000000000000000, 1.000000000000000000 ) ) ;
#3318 = CYLINDRICAL_SURFACE ( 'NONE', #1662, 39.52847075210475936 ) ;
#3319 = ORIENTED_EDGE ( 'NONE', *, *, #2202, .F. ) ;
#3320 = ORIENTED_EDGE ( 'NONE', *, *, #2933, .T. ) ;
#3321 = ADVANCED_FACE ( 'NONE', ( #2726 ), #2747, .F. ) ;
#3322 = EDGE_LOOP ( 'NONE', ( #463, #2319, #3587, #3041 ) ) ;
#3323 = VECTOR ( 'NONE', #1818, 1000.000000000000000 ) ;
#3324 = FACE_OUTER_BOUND ( 'NONE', #4311, .T. ) ;
#3325 = APPLICATION_PROTOCOL_DEFINITION ( 'draft international standard', 'automotive_design', 1998, #2323 ) ;
#3326 =( GEOMETRIC_REPRESENTATION_CONTEXT ( 3 ) GLOBAL_UNCERTAINTY_ASSIGNED_CONTEXT ( ( #1258 ) ) GLOBAL_UNIT_ASSIGNED_CONTEXT ( ( #2130, #2878, #1847 ) ) REPRESENTATION_CONTEXT ( 'NONE', 'WORKASPACE' ) );
#3327 = PLANE ( 'NONE',  #4455 ) ;
#3328 = DIRECTION ( 'NONE',  ( 0.000000000000000000, 0.000000000000000000, 1.000000000000000000 ) ) ;
#3329 = CARTESIAN_POINT ( 'NONE',  ( 158.0000000000000000, 1.500000000000000000, 0.000000000000000000 ) ) ;
#3330 = EDGE_CURVE ( 'NONE', #192, #2883, #2060, .T. ) ;
#3331 = VECTOR ( 'NONE', #3239, 1000.000000000000000 ) ;
#3332 = EDGE_CURVE ( 'NONE', #683, #2103, #2365, .T. ) ;
#3333 = VERTEX_POINT ( 'NONE', #2385 ) ;
#3334 = CARTESIAN_POINT ( 'NONE',  ( 0.000000000000000000, 0.000000000000000000, 0.000000000000000000 ) ) ;
#3335 = DIRECTION ( 'NONE',  ( 1.000000000000000000, 0.000000000000000000, 0.000000000000000000 ) ) ;
#3336 = VECTOR ( 'NONE', #3170, 1000.000000000000000 ) ;
#3337 = EDGE_CURVE ( 'NONE', #1671, #1660, #2768, .T. ) ;
#3338 = PLANE ( 'NONE',  #1520 ) ;
#3339 = AXIS2_PLACEMENT_3D ( 'NONE', #992, #3368, #653 ) ;
#3340 = DIRECTION ( 'NONE',  ( -1.000000000000000000, -0.000000000000000000, -0.000000000000000000 ) ) ;
#3341 = AXIS2_PLACEMENT_3D ( 'NONE', #3824, #331, #2416 ) ;
#3342 = EDGE_LOOP ( 'NONE', ( #2224, #1856, #811, #2911 ) ) ;
#3343 = PRODUCT_DEFINITION_CONTEXT ( 'detailed design', #4427, 'design' ) ;
#3344 = DIRECTION ( 'NONE',  ( -1.000000000000000000, 0.000000000000000000, 0.000000000000000000 ) ) ;
#3345 = AXIS2_PLACEMENT_3D ( 'NONE', #1565, #521, #2236 ) ;
#3346 = DIRECTION ( 'NONE',  ( -0.000000000000000000, -0.000000000000000000, -1.000000000000000000 ) ) ;
#3347 = VECTOR ( 'NONE', #3514, 1000.000000000000000 ) ;
#3348 = FACE_OUTER_BOUND ( 'NONE', #2249, .T. ) ;
#3349 = VERTEX_POINT ( 'NONE', #1293 ) ;
#3350 = ORIENTED_EDGE ( 'NONE', *, *, #1406, .F. ) ;
#3351 = AXIS2_PLACEMENT_3D ( 'NONE', #1460, #3556, #4344 ) ;
#3352 = CARTESIAN_POINT ( 'NONE',  ( -24.99999999999999645, 40.00000000000000000, 24.99999999999999645 ) ) ;
#3353 = CLOSED_SHELL ( 'NONE', ( #3115, #3979, #125, #1359, #3672, #3607, #390, #746, #2016 ) ) ;
#3354 = VECTOR ( 'NONE', #4317, 1000.000000000000000 ) ;
#3355 = EDGE_LOOP ( 'NONE', ( #925, #4091, #3023, #2998 ) ) ;
#3356 = DIRECTION ( 'NONE',  ( 1.000000000000000000, -0.000000000000000000, 0.000000000000000000 ) ) ;
#3357 = LINE ( 'NONE', #227, #773 ) ;
#3358 = LINE ( 'NONE', #1984, #3634 ) ;
#3359 = CARTESIAN_POINT ( 'NONE',  ( 175.0000000000000000, 0.000000000000000000, 135.0000000000000000 ) ) ;
#3360 = ADVANCED_FACE ( 'NONE', ( #1711 ), #2704, .F. ) ;
#3361 = ORIENTED_EDGE ( 'NONE', *, *, #4237, .F. ) ;
#3362 = FACE_BOUND ( 'NONE', #4122, .T. ) ;
#3363 = LINE ( 'NONE', #275, #1729 ) ;
#3364 =( LENGTH_UNIT ( ) NAMED_UNIT ( * ) SI_UNIT ( .MILLI., .METRE. ) );
#3365 = EDGE_CURVE ( 'NONE', #3197, #1010, #3477, .T. ) ;
#3366 = EDGE_CURVE ( 'NONE', #2672, #1730, #2309, .T. ) ;
#3367 = ORIENTED_EDGE ( 'NONE', *, *, #591, .T. ) ;
#3368 = DIRECTION ( 'NONE',  ( -0.000000000000000000, 0.000000000000000000, 1.000000000000000000 ) ) ;
#3369 = CARTESIAN_POINT ( 'NONE',  ( -7.500000000000000000, 27.49999999999998934, 122.5000000000000142 ) ) ;
#3370 = ORIENTED_EDGE ( 'NONE', *, *, #3550, .T. ) ;
#3371 = ORIENTED_EDGE ( 'NONE', *, *, #3589, .F. ) ;
#3372 = LINE ( 'NONE', #1879, #1716 ) ;
#3373 = ORIENTED_EDGE ( 'NONE', *, *, #263, .F. ) ;
#3374 = FACE_OUTER_BOUND ( 'NONE', #711, .T. ) ;
#3375 = CARTESIAN_POINT ( 'NONE',  ( -2.255140518769849223E-14, -25.00000000000000000, 15.00000000000000000 ) ) ;
#3376 = DIRECTION ( 'NONE',  ( 0.000000000000000000, 0.000000000000000000, -1.000000000000000000 ) ) ;
#3377 = DIRECTION ( 'NONE',  ( 0.000000000000000000, 0.6185895741317418706, -0.7857142857142858094 ) ) ;
#3378 = ORIENTED_EDGE ( 'NONE', *, *, #1222, .F. ) ;
#3379 = ADVANCED_FACE ( 'NONE', ( #2427 ), #3137, .F. ) ;
#3380 = LINE ( 'NONE', #606, #782 ) ;
#3381 = DIRECTION ( 'NONE',  ( -0.8660254037844365982, -0.5000000000000035527, 0.000000000000000000 ) ) ;
#3382 = CARTESIAN_POINT ( 'NONE',  ( 0.000000000000000000, 0.000000000000000000, 0.000000000000000000 ) ) ;
#3383 = ORIENTED_EDGE ( 'NONE', *, *, #2741, .F. ) ;
#3384 = DIRECTION ( 'NONE',  ( -0.5000000000000012212, 0.8660254037844380415, 0.000000000000000000 ) ) ;
#3385 = SURFACE_STYLE_FILL_AREA ( #3409 ) ;
#3386 = FACE_OUTER_BOUND ( 'NONE', #2611, .T. ) ;
#3387 = ORIENTED_EDGE ( 'NONE', *, *, #3303, .F. ) ;
#3388 = ORIENTED_EDGE ( 'NONE', *, *, #1755, .T. ) ;
#3389 = ADVANCED_FACE ( 'NONE', ( #3416 ), #4093, .T. ) ;
#3390 = AXIS2_PLACEMENT_3D ( 'NONE', #51, #95, #4259 ) ;
#3391 = ORIENTED_EDGE ( 'NONE', *, *, #4050, .T. ) ;
#3392 = ADVANCED_FACE ( 'NONE', ( #2872 ), #2854, .F. ) ;
#3393 = LINE ( 'NONE', #558, #681 ) ;
#3394 = LINE ( 'NONE', #247, #556 ) ;
#3395 = VECTOR ( 'NONE', #2893, 1000.000000000000000 ) ;
#3396 = CARTESIAN_POINT ( 'NONE',  ( 50.00000000000000000, 2.143131898507868248E-15, -17.50000000000000000 ) ) ;
#3397 = LINE ( 'NONE', #4454, #2158 ) ;
#3398 = ORIENTED_EDGE ( 'NONE', *, *, #3226, .F. ) ;
#3399 = LINE ( 'NONE', #320, #697 ) ;
#3400 = SHAPE_REPRESENTATION_RELATIONSHIP ( 'NONE' , 'NONE' ,  #2086, #244 ) ;
#3401 = AXIS2_PLACEMENT_3D ( 'NONE', #3099, #4511, #2263 ) ;
#3402 = LINE ( 'NONE', #4502, #3649 ) ;
#3403 = APPLICATION_CONTEXT ( 'automotive_design' ) ;
#3404 = EDGE_CURVE ( 'NONE', #1462, #1601, #4147, .T. ) ;
#3405 = ORIENTED_EDGE ( 'NONE', *, *, #2068, .T. ) ;
#3406 = VECTOR ( 'NONE', #784, 1000.000000000000000 ) ;
#3407 = CARTESIAN_POINT ( 'NONE',  ( 126.0000000000000000, 0.000000000000000000, 50.00000000000001421 ) ) ;
#3408 = AXIS2_PLACEMENT_3D ( 'NONE', #1097, #4285, #82 ) ;
#3409 = FILL_AREA_STYLE ('',( #3074 ) ) ;
#3410 = AXIS2_PLACEMENT_3D ( 'NONE', #1606, #4452, #2297 ) ;
#3411 = DIRECTION ( 'NONE',  ( -0.000000000000000000, -0.000000000000000000, -1.000000000000000000 ) ) ;
#3412 = SHAPE_REPRESENTATION ( 'ESC', ( #2662 ), #905 ) ;
#3413 = EDGE_CURVE ( 'NONE', #2186, #1425, #62, .T. ) ;
#3414 = VERTEX_POINT ( 'NONE', #4278 ) ;
#3415 = CIRCLE ( 'NONE', #489, 2.500000000000000000 ) ;
#3416 = FACE_OUTER_BOUND ( 'NONE', #2372, .T. ) ;
#3417 = CIRCLE ( 'NONE', #327, 15.00000000000000000 ) ;
#3418 = EDGE_CURVE ( 'NONE', #4246, #99, #836, .T. ) ;
#3419 = VECTOR ( 'NONE', #2246, 1000.000000000000000 ) ;
#3420 = EDGE_LOOP ( 'NONE', ( #2659, #2337, #2483, #3506 ) ) ;
#3421 = ITEM_DEFINED_TRANSFORMATION ( 'NONE', 'NONE', #1404,  #2662 ) ;
#3422 = LINE ( 'NONE', #4495, #1948 ) ;
#3423 = CARTESIAN_POINT ( 'NONE',  ( 0.000000000000000000, 0.000000000000000000, -65.00000000000001421 ) ) ;
#3424 = CARTESIAN_POINT ( 'NONE',  ( -175.0000000000000000, 1.500000000000000000, -59.99999999999998579 ) ) ;
#3425 = AXIS2_PLACEMENT_3D ( 'NONE', #3430, #1635, #2696 ) ;
#3426 = ORIENTED_EDGE ( 'NONE', *, *, #2349, .F. ) ;
#3427 = CIRCLE ( 'NONE', #2256, 25.00000000000000000 ) ;
#3428 = CARTESIAN_POINT ( 'NONE',  ( -175.0000000000000000, 0.5721156388023954653, 81.17857142857147323 ) ) ;
#3429 = DIRECTION ( 'NONE',  ( 0.000000000000000000, 0.000000000000000000, 1.000000000000000000 ) ) ;
#3430 = CARTESIAN_POINT ( 'NONE',  ( 0.000000000000000000, 3.000000000000000000, 50.00000000000001421 ) ) ;
#3431 = AXIS2_PLACEMENT_3D ( 'NONE', #738, #2149, #3205 ) ;
#3432 = EDGE_LOOP ( 'NONE', ( #951, #3930, #632, #832 ) ) ;
#3433 = CARTESIAN_POINT ( 'NONE',  ( 0.000000000000000000, 1.500000000000000000, 50.00000000000001421 ) ) ;
#3434 = LINE ( 'NONE', #1688, #704 ) ;
#3435 = DIRECTION ( 'NONE',  ( 1.000000000000000000, 0.000000000000000000, 0.000000000000000000 ) ) ;
#3436 = ORIENTED_EDGE ( 'NONE', *, *, #663, .F. ) ;
#3437 = PRODUCT_RELATED_PRODUCT_CATEGORY ( 'part', '', ( #1017 ) ) ;
#3438 = B_SPLINE_CURVE_WITH_KNOTS ( 'NONE', 2,
 ( #1490, #3451, #1357 ),
 .UNSPECIFIED., .F., .F.,
 ( 3, 3 ),
 ( 0.000000000000000000, 1.000000000000000000 ),
 .UNSPECIFIED. ) ;
#3439 = VERTEX_POINT ( 'NONE', #2798 ) ;
#3440 = FACE_OUTER_BOUND ( 'NONE', #3139, .T. ) ;
#3441 = DIRECTION ( 'NONE',  ( 1.000000000000000000, 0.000000000000000000, 0.000000000000000000 ) ) ;
#3442 = LINE ( 'NONE', #1342, #4306 ) ;
#3443 = SURFACE_STYLE_FILL_AREA ( #3066 ) ;
#3444 = VERTEX_POINT ( 'NONE', #96 ) ;
#3445 = CARTESIAN_POINT ( 'NONE',  ( 0.000000000000000000, 0.000000000000000000, 17.50000000000000000 ) ) ;
#3446 = DIRECTION ( 'NONE',  ( -1.000000000000000000, -0.000000000000000000, -0.000000000000000000 ) ) ;
#3447 = LINE ( 'NONE', #1009, #2840 ) ;
#3448 = EDGE_CURVE ( 'NONE', #2574, #4474, #7, .T. ) ;
#3449 = VERTEX_POINT ( 'NONE', #2167 ) ;
#3450 = DIRECTION ( 'NONE',  ( -0.000000000000000000, 0.000000000000000000, 1.000000000000000000 ) ) ;
#3451 = CARTESIAN_POINT ( 'NONE',  ( 15.00000000000000000, 105.0000000000000000, 1.040834085586084257E-14 ) ) ;
#3452 = ORIENTED_EDGE ( 'NONE', *, *, #3254, .T. ) ;
#3453 = CARTESIAN_POINT ( 'NONE',  ( -175.0000000000000000, 1.500000000000000000, 0.000000000000000000 ) ) ;
#3454 = ADVANCED_FACE ( 'NONE', ( #2526 ), #2098, .T. ) ;
#3455 = ORIENTED_EDGE ( 'NONE', *, *, #797, .F. ) ;
#3456 = LINE ( 'NONE', #89, #2019 ) ;
#3457 =( REPRESENTATION_RELATIONSHIP ('NONE','NONE', #2972, #4179 ) REPRESENTATION_RELATIONSHIP_WITH_TRANSFORMATION ( #2048 )SHAPE_REPRESENTATION_RELATIONSHIP( ) );
#3458 = FACE_OUTER_BOUND ( 'NONE', #870, .T. ) ;
#3459 = CARTESIAN_POINT ( 'NONE',  ( 9.635254915624210881, 2.676165673298175562, 15.00000000000000000 ) ) ;
#3460 = AXIS2_PLACEMENT_3D ( 'NONE', #685, #2871, #1749 ) ;
#3461 = EDGE_LOOP ( 'NONE', ( #4372, #3802, #1976, #3244 ) ) ;
#3462 = DIRECTION ( 'NONE',  ( 0.000000000000000000, 1.000000000000000000, 0.000000000000000000 ) ) ;
#3463 = CARTESIAN_POINT ( 'NONE',  ( 152.0000000000000000, 2.999999999999954259, -12.50000000000007816 ) ) ;
#3464 = VECTOR ( 'NONE', #3091, 1000.000000000000000 ) ;
#3465 = FACE_OUTER_BOUND ( 'NONE', #1838, .T. ) ;
#3466 = EDGE_CURVE ( 'NONE', #3174, #302, #3189, .T. ) ;
#3467 = ORIENTED_EDGE ( 'NONE', *, *, #3404, .F. ) ;
#3468 = ORIENTED_EDGE ( 'NONE', *, *, #2497, .T. ) ;
#3469 = EDGE_CURVE ( 'NONE', #3252, #1415, #3909, .T. ) ;
#3470 = PLANE ( 'NONE',  #1951 ) ;
#3471 = VECTOR ( 'NONE', #942, 1000.000000000000000 ) ;
#3472 = PRODUCT_DEFINITION_FORMATION_WITH_SPECIFIED_SOURCE ( 'ANY', '', #696, .NOT_KNOWN. ) ;
#3473 = LINE ( 'NONE', #1355, #1880 ) ;
#3474 = DIRECTION ( 'NONE',  ( 0.000000000000000000, 0.000000000000000000, 1.000000000000000000 ) ) ;
#3475 = AXIS2_PLACEMENT_3D ( 'NONE', #3780, #4113, #3077 ) ;
#3476 = ORIENTED_EDGE ( 'NONE', *, *, #1875, .T. ) ;
#3477 = LINE ( 'NONE', #3117, #1496 ) ;
#3478 = CIRCLE ( 'NONE', #3339, 39.52847075210476646 ) ;
#3479 = AXIS2_PLACEMENT_3D ( 'NONE', #3530, #2481, #19 ) ;
#3480 = PRODUCT_DEFINITION_SHAPE ( 'NONE', 'NONE',  #4517 ) ;
#3481 = ORIENTED_EDGE ( 'NONE', *, *, #4447, .F. ) ;
#3482 = LINE ( 'NONE', #1067, #2388 ) ;
#3483 = CARTESIAN_POINT ( 'NONE',  ( 7.500000000000000000, 27.50000000000000355, -27.49999999999999645 ) ) ;
#3484 = FACE_OUTER_BOUND ( 'NONE', #4134, .T. ) ;
#3485 =( GEOMETRIC_REPRESENTATION_CONTEXT ( 3 ) GLOBAL_UNCERTAINTY_ASSIGNED_CONTEXT ( ( #1122 ) ) GLOBAL_UNIT_ASSIGNED_CONTEXT ( ( #1641, #1617, #935 ) ) REPRESENTATION_CONTEXT ( 'NONE', 'WORKASPACE' ) );
#3486 = ORIENTED_EDGE ( 'NONE', *, *, #3413, .F. ) ;
#3487 = VERTEX_POINT ( 'NONE', #401 ) ;
#3488 =( NAMED_UNIT ( * ) SI_UNIT ( $, .STERADIAN. ) SOLID_ANGLE_UNIT ( ) );
#3489 = VECTOR ( 'NONE', #1572, 1000.000000000000000 ) ;
#3490 = CARTESIAN_POINT ( 'NONE',  ( 50.00000000000000000, 0.000000000000000000, 0.000000000000000000 ) ) ;
#3491 = EDGE_CURVE ( 'NONE', #223, #3315, #1796, .T. ) ;
#3492 = DIRECTION ( 'NONE',  ( 0.5000000000000039968, -0.8660254037844363761, 0.000000000000000000 ) ) ;
#3493 = CLOSED_SHELL ( 'NONE', ( #1379, #2411, #1303, #2824, #3853, #3805 ) ) ;
#3494 = VERTEX_POINT ( 'NONE', #3203 ) ;
#3495 = AXIS2_PLACEMENT_3D ( 'NONE', #3177, #2492, #3895 ) ;
#3496 = ORIENTED_EDGE ( 'NONE', *, *, #446, .F. ) ;
#3497 = DIRECTION ( 'NONE',  ( -0.000000000000000000, -0.000000000000000000, -1.000000000000000000 ) ) ;
#3498 = DIRECTION ( 'NONE',  ( 1.000000000000000000, 0.000000000000000000, -9.654305461538042841E-33 ) ) ;
#3499 = ADVANCED_FACE ( 'NONE', ( #4260 ), #686, .T. ) ;
#3500 = FACE_OUTER_BOUND ( 'NONE', #322, .T. ) ;
#3501 = CARTESIAN_POINT ( 'NONE',  ( 0.000000000000000000, 0.000000000000000000, 90.00000000000000000 ) ) ;
#3502 = ADVANCED_FACE ( 'NONE', ( #1465 ), #4191, .T. ) ;
#3503 = VERTEX_POINT ( 'NONE', #363 ) ;
#3504 = LINE ( 'NONE', #1402, #1888 ) ;
#3505 = ADVANCED_FACE ( 'NONE', ( #3465 ), #1074, .F. ) ;
#3506 = ORIENTED_EDGE ( 'NONE', *, *, #4446, .T. ) ;
#3507 = CARTESIAN_POINT ( 'NONE',  ( 12.07531754730549167, 4.084936490538923159, 15.00000000000000000 ) ) ;
#3508 = DIRECTION ( 'NONE',  ( 1.000000000000000000, 0.000000000000000000, 0.000000000000000000 ) ) ;
#3509 = DIRECTION ( 'NONE',  ( -0.000000000000000000, -0.000000000000000000, -1.000000000000000000 ) ) ;
#3510 = EDGE_LOOP ( 'NONE', ( #1898, #2343, #1754, #4443 ) ) ;
#3511 = ORIENTED_EDGE ( 'NONE', *, *, #3309, .T. ) ;
#3512 = DIRECTION ( 'NONE',  ( 0.000000000000000000, 0.000000000000000000, -1.000000000000000000 ) ) ;
#3513 = CARTESIAN_POINT ( 'NONE',  ( 12.50000000000000000, -12.50000000000000355, -15.00000000000000000 ) ) ;
#3514 = DIRECTION ( 'NONE',  ( 0.7071067811865463515, 0.000000000000000000, -0.7071067811865487940 ) ) ;
#3515 = EDGE_CURVE ( 'NONE', #2174, #838, #3622, .T. ) ;
#3516 = EDGE_LOOP ( 'NONE', ( #1052, #3897, #1137, #734 ) ) ;
#3517 = EDGE_LOOP ( 'NONE', ( #1478, #3371, #1553, #1891 ) ) ;
#3518 = PRODUCT_RELATED_PRODUCT_CATEGORY ( 'part', '', ( #4227 ) ) ;
#3519 = DIRECTION ( 'NONE',  ( -0.000000000000000000, -0.000000000000000000, 1.000000000000000000 ) ) ;
#3520 = PRODUCT_DEFINITION_SHAPE ( 'NONE', 'NONE',  #4535 ) ;
#3521 = CARTESIAN_POINT ( 'NONE',  ( -27.02847075210475580, -12.50000000000000355, 15.00000000000000000 ) ) ;
#3522 = EDGE_CURVE ( 'NONE', #2015, #201, #133, .T. ) ;
#3523 = CARTESIAN_POINT ( 'NONE',  ( 34.50000000000000000, -30.00000000000000000, 2.000000000000000000 ) ) ;
#3524 = ORIENTED_EDGE ( 'NONE', *, *, #2918, .F. ) ;
#3525 = DIRECTION ( 'NONE',  ( 1.000000000000000000, 0.000000000000000000, 0.000000000000000000 ) ) ;
#3526 = EDGE_CURVE ( 'NONE', #2890, #3576, #2463, .T. ) ;
#3527 = EDGE_LOOP ( 'NONE', ( #840, #1224, #955, #2203 ) ) ;
#3528 = CARTESIAN_POINT ( 'NONE',  ( 32.50000000000000000, 0.000000000000000000, -25.00000000000000000 ) ) ;
#3529 = EDGE_CURVE ( 'NONE', #1651, #1007, #2553, .T. ) ;
#3530 = CARTESIAN_POINT ( 'NONE',  ( 0.000000000000000000, 0.000000000000000000, 150.0000000000000000 ) ) ;
#3531 = DIRECTION ( 'NONE',  ( -0.000000000000000000, 0.000000000000000000, 1.000000000000000000 ) ) ;
#3532 = CARTESIAN_POINT ( 'NONE',  ( -20.99999999999999645, -11.49999999999999822, 150.0000000000000000 ) ) ;
#3533 = EDGE_LOOP ( 'NONE', ( #4140, #3568, #762, #167, #3539, #2947, #739, #2075, #4229 ) ) ;
#3534 = ADVANCED_FACE ( 'NONE', ( #4030 ), #1558, .T. ) ;
#3535 = ORIENTED_EDGE ( 'NONE', *, *, #2602, .T. ) ;
#3536 = DIRECTION ( 'NONE',  ( 2.245591365127891433E-16, -0.9898156424908577389, 0.1423551680846565082 ) ) ;
#3537 = DIRECTION ( 'NONE',  ( 0.000000000000000000, -0.7857142857142858094, -0.6185895741317418706 ) ) ;
#3538 = CARTESIAN_POINT ( 'NONE',  ( -175.0000000000000000, 0.000000000000000000, -59.99999999999998579 ) ) ;
#3539 = ORIENTED_EDGE ( 'NONE', *, *, #173, .T. ) ;
#3540 = ORIENTED_EDGE ( 'NONE', *, *, #1763, .T. ) ;
#3541 = CARTESIAN_POINT ( 'NONE',  ( -22.99999999999997513, 0.000000000000000000, 4.559844565424747485E-15 ) ) ;
#3542 = FILL_AREA_STYLE_COLOUR ( '', #287 ) ;
#3543 = FACE_OUTER_BOUND ( 'NONE', #910, .T. ) ;
#3544 = EDGE_CURVE ( 'NONE', #365, #2093, #2191, .T. ) ;
#3545 = MECHANICAL_DESIGN_GEOMETRIC_PRESENTATION_REPRESENTATION (  '', ( #2377 ), #2082 ) ;
#3546 = ORIENTED_EDGE ( 'NONE', *, *, #263, .T. ) ;
#3547 = DIRECTION ( 'NONE',  ( -0.000000000000000000, 0.000000000000000000, 1.000000000000000000 ) ) ;
#3548 = AXIS2_PLACEMENT_3D ( 'NONE', #2176, #4286, #3498 ) ;
#3549 = STYLED_ITEM ( 'NONE', ( #2943 ), #2951 ) ;
#3550 = EDGE_CURVE ( 'NONE', #1904, #2383, #1887, .T. ) ;
#3551 = EDGE_LOOP ( 'NONE', ( #236, #2042 ) ) ;
#3552 = AXIS2_PLACEMENT_3D ( 'NONE', #3957, #2279, #3261 ) ;
#3553 = ADVANCED_FACE ( 'NONE', ( #4330 ), #3327, .F. ) ;
#3554 = DIRECTION ( 'NONE',  ( 0.000000000000000000, 0.000000000000000000, -1.000000000000000000 ) ) ;
#3555 = AXIS2_PLACEMENT_3D ( 'NONE', #2587, #2405, #1011 ) ;
#3556 = DIRECTION ( 'NONE',  ( 1.000000000000000000, 0.000000000000000000, 0.000000000000000000 ) ) ;
#3557 = SURFACE_SIDE_STYLE ('',( #679 ) ) ;
#3558 = ADVANCED_FACE ( 'NONE', ( #1583, #2898, #3627 ), #3676, .F. ) ;
#3559 = ORIENTED_EDGE ( 'NONE', *, *, #228, .T. ) ;
#3560 = PRODUCT_DEFINITION_SHAPE ( 'NONE', 'NONE',  #4121 ) ;
#3561 = CIRCLE ( 'NONE', #1577, 10.00000000000000000 ) ;
#3562 = DIRECTION ( 'NONE',  ( 0.000000000000000000, 0.000000000000000000, -1.000000000000000000 ) ) ;
#3563 = DIRECTION ( 'NONE',  ( 1.000000000000000000, 0.000000000000000000, 0.000000000000000000 ) ) ;
#3564 = CARTESIAN_POINT ( 'NONE',  ( 126.0000000000000000, 0.000000000000000000, -0.000000000000000000 ) ) ;
#3565 = DIRECTION ( 'NONE',  ( 0.7071067811865462405, 0.000000000000000000, 0.7071067811865487940 ) ) ;
#3566 = PLANE ( 'NONE',  #1445 ) ;
#3567 = CIRCLE ( 'NONE', #1507, 39.52847075210474515 ) ;
#3568 = ORIENTED_EDGE ( 'NONE', *, *, #1297, .T. ) ;
#3569 = AXIS2_PLACEMENT_3D ( 'NONE', #3896, #3156, #2805 ) ;
#3570 = ORIENTED_EDGE ( 'NONE', *, *, #1868, .F. ) ;
#3571 = CARTESIAN_POINT ( 'NONE',  ( -20.99999999999999645, 11.50000000000000178, 150.0000000000000000 ) ) ;
#3572 = SHAPE_REPRESENTATION_RELATIONSHIP ( 'NONE' , 'NONE' ,  #769, #1477 ) ;
#3573 = VECTOR ( 'NONE', #368, 1000.000000000000000 ) ;
#3574 = DIRECTION ( 'NONE',  ( 1.000000000000000000, 0.000000000000000000, 0.000000000000000000 ) ) ;
#3575 = DIRECTION ( 'NONE',  ( -0.000000000000000000, -1.000000000000000000, -0.000000000000000000 ) ) ;
#3576 = VERTEX_POINT ( 'NONE', #3584 ) ;
#3577 = CARTESIAN_POINT ( 'NONE',  ( -117.5000000000002984, 1.500000000000000000, -117.4999999999999005 ) ) ;
#3578 = ORIENTED_EDGE ( 'NONE', *, *, #968, .F. ) ;
#3579 = DIRECTION ( 'NONE',  ( -0.000000000000000000, 0.000000000000000000, 1.000000000000000000 ) ) ;
#3580 = ORIENTED_EDGE ( 'NONE', *, *, #2412, .F. ) ;
#3581 = CARTESIAN_POINT ( 'NONE',  ( 7.500000000000000000, 27.50000000000000355, 0.000000000000000000 ) ) ;
#3582 = APPLICATION_PROTOCOL_DEFINITION ( 'draft international standard', 'automotive_design', 1998, #1648 ) ;
#3583 = EDGE_CURVE ( 'NONE', #3301, #3149, #1158, .T. ) ;
#3584 = CARTESIAN_POINT ( 'NONE',  ( 175.0000000000000000, 1.500000000000003775, 80.00000000000001421 ) ) ;
#3585 = CARTESIAN_POINT ( 'NONE',  ( 7.500000000000000000, 27.49999999999998934, 122.5000000000000142 ) ) ;
#3586 = VERTEX_POINT ( 'NONE', #1204 ) ;
#3587 = ORIENTED_EDGE ( 'NONE', *, *, #3734, .T. ) ;
#3588 = CARTESIAN_POINT ( 'NONE',  ( -28.00000000000000000, 15.00000000000000000, 15.00000000000000000 ) ) ;
#3589 = EDGE_CURVE ( 'NONE', #1665, #2767, #1842, .T. ) ;
#3590 = FACE_OUTER_BOUND ( 'NONE', #330, .T. ) ;
#3591 = DIRECTION ( 'NONE',  ( 1.000000000000000000, 0.000000000000000000, 0.000000000000000000 ) ) ;
#3592 = VERTEX_POINT ( 'NONE', #2994 ) ;
#3593 = EDGE_CURVE ( 'NONE', #1304, #1491, #412, .T. ) ;
#3594 = DIRECTION ( 'NONE',  ( 1.000000000000000000, 0.000000000000000000, 0.000000000000000000 ) ) ;
#3595 = DIRECTION ( 'NONE',  ( -0.000000000000000000, -0.000000000000000000, -1.000000000000000000 ) ) ;
#3596 = PRODUCT_DEFINITION_SHAPE ( 'NONE', 'NONE',  #4524 ) ;
#3597 = ADVANCED_FACE ( 'NONE', ( #533 ), #2208, .T. ) ;
#3598 = ORIENTED_EDGE ( 'NONE', *, *, #584, .F. ) ;
#3599 = FILL_AREA_STYLE_COLOUR ( '', #59 ) ;
#3600 = APPLICATION_PROTOCOL_DEFINITION ( 'draft international standard', 'automotive_design', 1998, #2085 ) ;
#3601 = DIRECTION ( 'NONE',  ( -0.000000000000000000, -0.000000000000000000, -1.000000000000000000 ) ) ;
#3602 = CARTESIAN_POINT ( 'NONE',  ( 7.500000000000000000, 27.50000000000000355, 0.000000000000000000 ) ) ;
#3603 = CARTESIAN_POINT ( 'NONE',  ( 0.000000000000000000, 1.500000000000000000, 50.00000000000001421 ) ) ;
#3604 = ORIENTED_EDGE ( 'NONE', *, *, #3696, .F. ) ;
#3605 = DIRECTION ( 'NONE',  ( 1.000000000000000000, 0.000000000000000000, 0.000000000000000000 ) ) ;
#3606 = CARTESIAN_POINT ( 'NONE',  ( 126.0000000000000000, 0.000000000000000000, -50.00000000000000000 ) ) ;
#3607 = ADVANCED_FACE ( 'NONE', ( #3974, #818 ), #140, .F. ) ;
#3608 = CARTESIAN_POINT ( 'NONE',  ( 0.000000000000000000, 0.000000000000000000, 27.50000000000000000 ) ) ;
#3609 = APPLICATION_CONTEXT ( 'automotive_design' ) ;
#3610 = LINE ( 'NONE', #2628, #354 ) ;
#3611 = VECTOR ( 'NONE', #3811, 1000.000000000000000 ) ;
#3612 = EDGE_CURVE ( 'NONE', #1095, #648, #2921, .T. ) ;
#3613 = ORIENTED_EDGE ( 'NONE', *, *, #4503, .T. ) ;
#3614 = LINE ( 'NONE', #2650, #2091 ) ;
#3615 = PRESENTATION_LAYER_ASSIGNMENT (  '', '', ( #1785 ) ) ;
#3616 = ORIENTED_EDGE ( 'NONE', *, *, #3309, .F. ) ;
#3617 = AXIS2_PLACEMENT_3D ( 'NONE', #1726, #3128, #3908 ) ;
#3618 = ORIENTED_EDGE ( 'NONE', *, *, #4047, .T. ) ;
#3619 = LINE ( 'NONE', #2655, #200 ) ;
#3620 = VECTOR ( 'NONE', #226, 1000.000000000000000 ) ;
#3621 = AXIS2_PLACEMENT_3D ( 'NONE', #3936, #382, #3223 ) ;
#3622 = CIRCLE ( 'NONE', #2386, 11.00000000000000355 ) ;
#3623 = VERTEX_POINT ( 'NONE', #4407 ) ;
#3624 = PRESENTATION_STYLE_ASSIGNMENT (( #871 ) ) ;
#3625 = PRODUCT_CONTEXT ( 'NONE', #2556, 'mechanical' ) ;
#3626 = VECTOR ( 'NONE', #2833, 1000.000000000000000 ) ;
#3627 = FACE_OUTER_BOUND ( 'NONE', #1925, .T. ) ;
#3628 = CARTESIAN_POINT ( 'NONE',  ( -85.00000000000044054, 3.000000000000000000, -135.0000000000000000 ) ) ;
#3629 = CARTESIAN_POINT ( 'NONE',  ( -32.49999999999999289, -30.00000000000000000, 2.000000000000000000 ) ) ;
#3630 = AXIS2_PLACEMENT_3D ( 'NONE', #1632, #1305, #4459 ) ;
#3631 = VERTEX_POINT ( 'NONE', #1229 ) ;
#3632 = EDGE_LOOP ( 'NONE', ( #2241, #3884, #2484, #579 ) ) ;
#3633 = DIRECTION ( 'NONE',  ( -1.000000000000000000, 0.000000000000000000, 0.000000000000000000 ) ) ;
#3634 = VECTOR ( 'NONE', #3039, 1000.000000000000000 ) ;
#3635 = ADVANCED_FACE ( 'NONE', ( #3287 ), #2639, .T. ) ;
#3636 = PRODUCT ( 'Bearing_housing', 'Bearing_housing', '', ( #3956 ) ) ;
#3637 = CARTESIAN_POINT ( 'NONE',  ( -12.07531754730548457, -4.084936490538908949, -15.00000000000000000 ) ) ;
#3638 = CARTESIAN_POINT ( 'NONE',  ( 4.000000000000000000, 4.898587196589412829E-16, 35.00000000000000000 ) ) ;
#3639 = ORIENTED_EDGE ( 'NONE', *, *, #968, .T. ) ;
#3640 = DIRECTION ( 'NONE',  ( -1.000000000000000000, -0.000000000000000000, -0.000000000000000000 ) ) ;
#3641 = VECTOR ( 'NONE', #1492, 1000.000000000000000 ) ;
#3642 = APPLICATION_CONTEXT ( 'automotive_design' ) ;
#3643 = FACE_OUTER_BOUND ( 'NONE', #1808, .T. ) ;
#3644 = EDGE_CURVE ( 'NONE', #4208, #2917, #4354, .T. ) ;
#3645 = LINE ( 'NONE', #1194, #3419 ) ;
#3646 = ORIENTED_EDGE ( 'NONE', *, *, #3080, .T. ) ;
#3647 = EDGE_LOOP ( 'NONE', ( #2832, #1753 ) ) ;
#3648 = LINE ( 'NONE', #3302, #2812 ) ;
#3649 = VECTOR ( 'NONE', #278, 1000.000000000000000 ) ;
#3650 = ADVANCED_FACE ( 'NONE', ( #3998, #849 ), #3760, .F. ) ;
#3651 = ORIENTED_EDGE ( 'NONE', *, *, #2044, .T. ) ;
#3652 = SURFACE_STYLE_FILL_AREA ( #1008 ) ;
#3653 = APPLICATION_PROTOCOL_DEFINITION ( 'draft international standard', 'automotive_design', 1998, #1499 ) ;
#3654 = CARTESIAN_POINT ( 'NONE',  ( -126.0000000000000000, 1.500000000000000000, 0.000000000000000000 ) ) ;
#3655 = DIRECTION ( 'NONE',  ( -1.000000000000000000, -0.000000000000000000, -0.000000000000000000 ) ) ;
#3656 = LINE ( 'NONE', #1911, #749 ) ;
#3657 = VERTEX_POINT ( 'NONE', #4136 ) ;
#3658 = DIRECTION ( 'NONE',  ( 0.8660254037844364872, 0.5000000000000038858, 0.000000000000000000 ) ) ;
#3659 = DIRECTION ( 'NONE',  ( 0.000000000000000000, -1.000000000000000000, 0.000000000000000000 ) ) ;
#3660 = CARTESIAN_POINT ( 'NONE',  ( 0.000000000000000000, 3.000000000000000000, -135.0000000000000000 ) ) ;
#3661 = DIRECTION ( 'NONE',  ( 0.8660254037844364872, 0.5000000000000038858, 0.000000000000000000 ) ) ;
#3662 = PRODUCT_RELATED_PRODUCT_CATEGORY ( 'part', '', ( #4302 ) ) ;
#3663 = VERTEX_POINT ( 'NONE', #298 ) ;
#3664 = CARTESIAN_POINT ( 'NONE',  ( 10.82531754730545970, 6.250000000000052403, -15.00000000000000000 ) ) ;
#3665 = DIRECTION ( 'NONE',  ( 1.000000000000000000, 0.000000000000000000, -0.000000000000000000 ) ) ;
#3666 = DIRECTION ( 'NONE',  ( 0.000000000000000000, -0.000000000000000000, 1.000000000000000000 ) ) ;
#3667 = ORIENTED_EDGE ( 'NONE', *, *, #554, .T. ) ;
#3668 = ORIENTED_EDGE ( 'NONE', *, *, #1537, .T. ) ;
#3669 = CARTESIAN_POINT ( 'NONE',  ( -32.49999999999999289, 30.00000000000000000, 2.000000000000000000 ) ) ;
#3670 = EDGE_CURVE ( 'NONE', #3333, #2103, #1419, .T. ) ;
#3671 = EDGE_CURVE ( 'NONE', #4096, #3631, #4054, .T. ) ;
#3672 = ADVANCED_FACE ( 'NONE', ( #315, #2346 ), #1275, .T. ) ;
#3673 = EDGE_LOOP ( 'NONE', ( #691, #550, #2194, #4462 ) ) ;
#3674 = DIRECTION ( 'NONE',  ( 1.000000000000000000, -0.000000000000000000, 0.000000000000000000 ) ) ;
#3675 = DIRECTION ( 'NONE',  ( 0.000000000000000000, 0.000000000000000000, 1.000000000000000000 ) ) ;
#3676 = PLANE ( 'NONE',  #768 ) ;
#3677 = CARTESIAN_POINT ( 'NONE',  ( 32.50000000000000000, 0.000000000000000000, -14.00000000000000178 ) ) ;
#3678 = DIRECTION ( 'NONE',  ( -1.000000000000000000, 0.000000000000000000, 0.000000000000000000 ) ) ;
#3679 = VERTEX_POINT ( 'NONE', #2686 ) ;
#3680 = CARTESIAN_POINT ( 'NONE',  ( -10.82531754730547213, -6.250000000000018652, 15.00000000000000000 ) ) ;
#3681 = CARTESIAN_POINT ( 'NONE',  ( 9.635254915624210881, 2.676165673298175562, -15.00000000000000000 ) ) ;
#3682 = CARTESIAN_POINT ( 'NONE',  ( -35.00000000000000000, 3.061616997868383141E-16, 2.500000000000000000 ) ) ;
#3683 = DIRECTION ( 'NONE',  ( 1.000000000000000000, 0.000000000000000000, 0.000000000000000000 ) ) ;
#3684 = ORIENTED_EDGE ( 'NONE', *, *, #2184, .T. ) ;
#3685 = CARTESIAN_POINT ( 'NONE',  ( 42.00000000000000000, 0.000000000000000000, 0.000000000000000000 ) ) ;
#3686 =( NAMED_UNIT ( * ) SI_UNIT ( $, .STERADIAN. ) SOLID_ANGLE_UNIT ( ) );
#3687 = DIRECTION ( 'NONE',  ( -0.000000000000000000, -1.000000000000000000, -0.000000000000000000 ) ) ;
#3688 = EDGE_LOOP ( 'NONE', ( #1522, #945, #1588, #3481, #398, #3104, #770 ) ) ;
#3689 = EDGE_LOOP ( 'NONE', ( #525, #3272, #145, #1096 ) ) ;
#3690 = CARTESIAN_POINT ( 'NONE',  ( -1.500000000000000222, 0.000000000000000000, 105.0000000000000000 ) ) ;
#3691 = AXIS2_PLACEMENT_3D ( 'NONE', #1836, #3579, #3237 ) ;
#3692 = EDGE_CURVE ( 'NONE', #2001, #192, #895, .T. ) ;
#3693 = CARTESIAN_POINT ( 'NONE',  ( 50.00000000000000000, 0.000000000000000000, 0.000000000000000000 ) ) ;
#3694 = ORIENTED_EDGE ( 'NONE', *, *, #912, .T. ) ;
#3695 = VECTOR ( 'NONE', #3674, 1000.000000000000000 ) ;
#3696 = EDGE_CURVE ( 'NONE', #3067, #2383, #986, .T. ) ;
#3697 =( NAMED_UNIT ( * ) SI_UNIT ( $, .STERADIAN. ) SOLID_ANGLE_UNIT ( ) );
#3698 = ITEM_DEFINED_TRANSFORMATION ( 'NONE', 'NONE', #1783,  #2662 ) ;
#3699 = AXIS2_PLACEMENT_3D ( 'NONE', #783, #361, #2147 ) ;
#3700 = DIRECTION ( 'NONE',  ( 1.000000000000000000, -0.000000000000000000, 0.000000000000000000 ) ) ;
#3701 = CARTESIAN_POINT ( 'NONE',  ( -35.00000000000000000, 0.000000000000000000, 0.000000000000000000 ) ) ;
#3702 = CARTESIAN_POINT ( 'NONE',  ( 175.0000000000000000, 55.57211563880239424, 124.4798416177933831 ) ) ;
#3703 = ADVANCED_FACE ( 'NONE', ( #269 ), #620, .T. ) ;
#3704 = VECTOR ( 'NONE', #1932, 1000.000000000000000 ) ;
#3705 = VERTEX_POINT ( 'NONE', #920 ) ;
#3706 = DIRECTION ( 'NONE',  ( 1.000000000000000000, 0.000000000000000000, 0.000000000000000000 ) ) ;
#3707 = LINE ( 'NONE', #3043, #1199 ) ;
#3708 = VECTOR ( 'NONE', #2814, 1000.000000000000000 ) ;
#3709 = UNCERTAINTY_MEASURE_WITH_UNIT (LENGTH_MEASURE( 1.000000000000000082E-05 ), #1298, 'distance_accuracy_value', 'NONE');
#3710 = FACE_OUTER_BOUND ( 'NONE', #3461, .T. ) ;
#3711 = VECTOR ( 'NONE', #1616, 1000.000000000000000 ) ;
#3712 = ORIENTED_EDGE ( 'NONE', *, *, #4005, .F. ) ;
#3713 = DIRECTION ( 'NONE',  ( 0.000000000000000000, 1.000000000000000000, 0.000000000000000000 ) ) ;
#3714 = VECTOR ( 'NONE', #1677, 1000.000000000000000 ) ;
#3715 = LINE ( 'NONE', #2766, #3059 ) ;
#3716 = ORIENTED_EDGE ( 'NONE', *, *, #3515, .T. ) ;
#3717 = VERTEX_POINT ( 'NONE', #2661 ) ;
#3718 = AXIS2_PLACEMENT_3D ( 'NONE', #1567, #3340, #859 ) ;
#3719 = AXIS2_PLACEMENT_3D ( 'NONE', #4006, #2282, #1563 ) ;
#3720 = VECTOR ( 'NONE', #1146, 1000.000000000000000 ) ;
#3721 = ORIENTED_EDGE ( 'NONE', *, *, #4384, .F. ) ;
#3722 = CARTESIAN_POINT ( 'NONE',  ( 0.000000000000000000, 0.000000000000000000, 50.00000000000001421 ) ) ;
#3723 = CONTEXT_DEPENDENT_SHAPE_REPRESENTATION ( #2359, #3931 ) ;
#3724 = LINE ( 'NONE', #1998, #4150 ) ;
#3725 = LINE ( 'NONE', #4031, #2981 ) ;
#3726 = CARTESIAN_POINT ( 'NONE',  ( 0.000000000000000000, 0.000000000000000000, 15.00000000000000000 ) ) ;
#3727 = ORIENTED_EDGE ( 'NONE', *, *, #962, .F. ) ;
#3728 = LINE ( 'NONE', #1590, #857 ) ;
#3729 = CARTESIAN_POINT ( 'NONE',  ( -158.0000000000000000, 3.000000000000000000, 50.00000000000001421 ) ) ;
#3730 =( NAMED_UNIT ( * ) SI_UNIT ( $, .STERADIAN. ) SOLID_ANGLE_UNIT ( ) );
#3731 = DIRECTION ( 'NONE',  ( 1.000000000000000000, 0.000000000000000000, 0.000000000000000000 ) ) ;
#3732 = APPLICATION_CONTEXT ( 'automotive_design' ) ;
#3733 = ORIENTED_EDGE ( 'NONE', *, *, #916, .T. ) ;
#3734 = EDGE_CURVE ( 'NONE', #1425, #201, #3422, .T. ) ;
#3735 = DIRECTION ( 'NONE',  ( 1.000000000000000000, 0.000000000000000000, 0.000000000000000000 ) ) ;
#3736 = DIRECTION ( 'NONE',  ( -0.000000000000000000, -1.000000000000000000, -0.000000000000000000 ) ) ;
#3737 = LINE ( 'NONE', #2361, #2108 ) ;
#3738 = ADVANCED_FACE ( 'NONE', ( #1626 ), #1676, .F. ) ;
#3739 = ORIENTED_EDGE ( 'NONE', *, *, #3078, .F. ) ;
#3740 = ORIENTED_EDGE ( 'NONE', *, *, #1019, .F. ) ;
#3741 = ORIENTED_EDGE ( 'NONE', *, *, #2270, .F. ) ;
#3742 = DIRECTION ( 'NONE',  ( 1.000000000000000000, 0.000000000000000000, 0.000000000000000000 ) ) ;
#3743 = EDGE_CURVE ( 'NONE', #3018, #2683, #3063, .T. ) ;
#3744 = PLANE ( 'NONE',  #4137 ) ;
#3745 = EDGE_LOOP ( 'NONE', ( #3238, #529, #1195, #4207 ) ) ;
#3746 = CARTESIAN_POINT ( 'NONE',  ( 0.000000000000000000, 0.000000000000000000, 15.00000000000000000 ) ) ;
#3747 = CARTESIAN_POINT ( 'NONE',  ( -49.99999999999997868, 0.000000000000000000, -20.00000000000000355 ) ) ;
#3748 = EDGE_CURVE ( 'NONE', #902, #1125, #560, .T. ) ;
#3749 = CARTESIAN_POINT ( 'NONE',  ( 15.00000000000000000, -4.163336342344337027E-14, 27.50000000000000000 ) ) ;
#3750 = ORIENTED_EDGE ( 'NONE', *, *, #4425, .F. ) ;
#3751 = FACE_OUTER_BOUND ( 'NONE', #3551, .T. ) ;
#3752 = EDGE_CURVE ( 'NONE', #3197, #4028, #3357, .T. ) ;
#3753 = DIRECTION ( 'NONE',  ( -1.000000000000000000, 0.000000000000000000, 0.000000000000000000 ) ) ;
#3754 = DIRECTION ( 'NONE',  ( -1.000000000000000000, -0.000000000000000000, -0.000000000000000000 ) ) ;
#3755 = ORIENTED_EDGE ( 'NONE', *, *, #869, .F. ) ;
#3756 = CARTESIAN_POINT ( 'NONE',  ( 8.315658898134706951E-15, -2.627917024383321185E-31, 15.00000000000000000 ) ) ;
#3757 = PLANE ( 'NONE',  #2751 ) ;
#3758 = ORIENTED_EDGE ( 'NONE', *, *, #333, .T. ) ;
#3759 = LINE ( 'NONE', #3722, #1643 ) ;
#3760 = PLANE ( 'NONE',  #2452 ) ;
#3761 = STYLED_ITEM ( 'NONE', ( #2773 ), #4418 ) ;
#3762 = CARTESIAN_POINT ( 'NONE',  ( 32.50000000000001421, -30.00000000000000000, 0.000000000000000000 ) ) ;
#3763 = CARTESIAN_POINT ( 'NONE',  ( 175.0000000000000000, -38.30879363930133508, 48.65870310395699505 ) ) ;
#3764 = ORIENTED_EDGE ( 'NONE', *, *, #774, .T. ) ;
#3765 =( GEOMETRIC_REPRESENTATION_CONTEXT ( 3 ) GLOBAL_UNCERTAINTY_ASSIGNED_CONTEXT ( ( #726 ) ) GLOBAL_UNIT_ASSIGNED_CONTEXT ( ( #3814, #4166, #4143 ) ) REPRESENTATION_CONTEXT ( 'NONE', 'WORKASPACE' ) );
#3766 = CARTESIAN_POINT ( 'NONE',  ( -32.49999999999999289, 30.00000000000000000, 0.000000000000000000 ) ) ;
#3767 = SHAPE_REPRESENTATION_RELATIONSHIP ( 'NONE' , 'NONE' ,  #3882, #2691 ) ;
#3768 = AXIS2_PLACEMENT_3D ( 'NONE', #2344, #1958, #4429 ) ;
#3769 = CARTESIAN_POINT ( 'NONE',  ( 175.0000000000000568, 0.000000000000000000, -74.99999999999998579 ) ) ;
#3770 = ORIENTED_EDGE ( 'NONE', *, *, #2467, .T. ) ;
#3771 = VECTOR ( 'NONE', #4424, 1000.000000000000000 ) ;
#3772 = EDGE_CURVE ( 'NONE', #215, #2269, #3724, .T. ) ;
#3773 = DIRECTION ( 'NONE',  ( 0.000000000000000000, 0.000000000000000000, 1.000000000000000000 ) ) ;
#3774 = VECTOR ( 'NONE', #387, 1000.000000000000000 ) ;
#3775 = FACE_OUTER_BOUND ( 'NONE', #1364, .T. ) ;
#3776 = AXIS2_PLACEMENT_3D ( 'NONE', #2430, #731, #2160 ) ;
#3777 = PLANE ( 'NONE',  #3275 ) ;
#3778 = ORIENTED_EDGE ( 'NONE', *, *, #178, .F. ) ;
#3779 = VECTOR ( 'NONE', #900, 1000.000000000000000 ) ;
#3780 = CARTESIAN_POINT ( 'NONE',  ( -35.00000000000000000, 0.000000000000000000, 0.000000000000000000 ) ) ;
#3781 = AXIS2_PLACEMENT_3D ( 'NONE', #2583, #1816, #1551 ) ;
#3782 = VECTOR ( 'NONE', #993, 1000.000000000000000 ) ;
#3783 = AXIS2_PLACEMENT_3D ( 'NONE', #3946, #1214, #3004 ) ;
#3784 = ORIENTED_EDGE ( 'NONE', *, *, #4172, .F. ) ;
#3785 = EDGE_CURVE ( 'NONE', #3971, #3252, #581, .T. ) ;
#3786 = DIRECTION ( 'NONE',  ( 1.000000000000000000, 0.000000000000000000, 0.000000000000000000 ) ) ;
#3787 = CLOSED_SHELL ( 'NONE', ( #416, #3505, #3857, #4094, #3553, #102 ) ) ;
#3788 = DIRECTION ( 'NONE',  ( -1.000000000000000000, 0.000000000000000000, 0.000000000000000000 ) ) ;
#3789 = DIRECTION ( 'NONE',  ( -0.000000000000000000, -0.000000000000000000, -1.000000000000000000 ) ) ;
#3790 = FACE_OUTER_BOUND ( 'NONE', #2642, .T. ) ;
#3791 = VECTOR ( 'NONE', #3661, 1000.000000000000000 ) ;
#3792 = ORIENTED_EDGE ( 'NONE', *, *, #2995, .F. ) ;
#3793 = FACE_OUTER_BOUND ( 'NONE', #3516, .T. ) ;
#3794 = DIRECTION ( 'NONE',  ( 0.000000000000000000, 0.000000000000000000, 1.000000000000000000 ) ) ;
#3795 = SURFACE_SIDE_STYLE ('',( #2668 ) ) ;
#3796 = CYLINDRICAL_SURFACE ( 'NONE', #280, 17.50000000000000000 ) ;
#3797 = VERTEX_POINT ( 'NONE', #3375 ) ;
#3798 = CYLINDRICAL_SURFACE ( 'NONE', #2604, 11.00000000000000000 ) ;
#3799 = FILL_AREA_STYLE ('',( #4419 ) ) ;
#3800 = DIRECTION ( 'NONE',  ( 0.8660254037844379305, 0.5000000000000014433, 0.000000000000000000 ) ) ;
#3801 = EDGE_CURVE ( 'NONE', #3079, #2128, #3394, .T. ) ;
#3802 = ORIENTED_EDGE ( 'NONE', *, *, #3129, .F. ) ;
#3803 = CARTESIAN_POINT ( 'NONE',  ( -24.99999999999999645, 0.000000000000000000, 24.99999999999999645 ) ) ;
#3804 = ORIENTED_EDGE ( 'NONE', *, *, #724, .T. ) ;
#3805 = ADVANCED_FACE ( 'NONE', ( #1340 ), #1655, .T. ) ;
#3806 = CARTESIAN_POINT ( 'NONE',  ( -126.0000000000000000, 3.000000000000000000, -50.00000000000000000 ) ) ;
#3807 = ITEM_DEFINED_TRANSFORMATION ( 'NONE', 'NONE', #3460,  #2662 ) ;
#3808 = EDGE_CURVE ( 'NONE', #937, #3623, #1745, .T. ) ;
#3809 = FACE_OUTER_BOUND ( 'NONE', #3688, .T. ) ;
#3810 = DIRECTION ( 'NONE',  ( -1.000000000000000000, -0.000000000000000000, -0.000000000000000000 ) ) ;
#3811 = DIRECTION ( 'NONE',  ( 1.000000000000000000, 0.000000000000000000, -4.336808689942017736E-16 ) ) ;
#3812 = ORIENTED_EDGE ( 'NONE', *, *, #2131, .T. ) ;
#3813 = DIRECTION ( 'NONE',  ( 1.000000000000000000, -0.000000000000000000, 0.000000000000000000 ) ) ;
#3814 =( LENGTH_UNIT ( ) NAMED_UNIT ( * ) SI_UNIT ( .MILLI., .METRE. ) );
#3815 = LINE ( 'NONE', #2054, #1564 ) ;
#3816 = ORIENTED_EDGE ( 'NONE', *, *, #3129, .T. ) ;
#3817 = ORIENTED_EDGE ( 'NONE', *, *, #1055, .T. ) ;
#3818 = CARTESIAN_POINT ( 'NONE',  ( 85.00000000000035527, 3.000000000000000000, -135.0000000000000284 ) ) ;
#3819 = LINE ( 'NONE', #2782, #425 ) ;
#3820 = CARTESIAN_POINT ( 'NONE',  ( 85.00000000000032685, 1.500000000000000000, -149.9999999999999716 ) ) ;
#3821 = EDGE_LOOP ( 'NONE', ( #2450, #2654, #2488, #2292 ) ) ;
#3822 = EDGE_LOOP ( 'NONE', ( #1223, #1413 ) ) ;
#3823 = EDGE_CURVE ( 'NONE', #3978, #2586, #708, .T. ) ;
#3824 = CARTESIAN_POINT ( 'NONE',  ( 175.0000000000000000, 1.500000000000000000, 0.000000000000000000 ) ) ;
#3825 = DIRECTION ( 'NONE',  ( -1.000000000000000000, 0.000000000000000000, 0.000000000000000000 ) ) ;
#3826 = EDGE_CURVE ( 'NONE', #3679, #3494, #2899, .T. ) ;
#3827 = ORIENTED_EDGE ( 'NONE', *, *, #1508, .T. ) ;
#3828 = CARTESIAN_POINT ( 'NONE',  ( 11.33107569688461425, 22.28467463418461136, -15.00000000000000000 ) ) ;
#3829 = DIRECTION ( 'NONE',  ( 1.000000000000000000, 0.000000000000000000, 1.224646799147353207E-16 ) ) ;
#3830 = ADVANCED_FACE ( 'NONE', ( #3809 ), #2065, .F. ) ;
#3831 = CARTESIAN_POINT ( 'NONE',  ( 42.00000000000000000, 0.000000000000000000, 0.000000000000000000 ) ) ;
#3832 = DIRECTION ( 'NONE',  ( 0.000000000000000000, 0.000000000000000000, 1.000000000000000000 ) ) ;
#3833 = ORIENTED_EDGE ( 'NONE', *, *, #3469, .T. ) ;
#3834 = ORIENTED_EDGE ( 'NONE', *, *, #2712, .F. ) ;
#3835 = CARTESIAN_POINT ( 'NONE',  ( -24.99999999999999645, 40.00000000000000000, 24.99999999999999645 ) ) ;
#3836 = DIRECTION ( 'NONE',  ( -1.000000000000000000, 0.000000000000000000, -1.224646799147353207E-16 ) ) ;
#3837 = UNCERTAINTY_MEASURE_WITH_UNIT (LENGTH_MEASURE( 1.000000000000000082E-05 ), #36, 'distance_accuracy_value', 'NONE');
#3838 = ADVANCED_BREP_SHAPE_REPRESENTATION ( '', ( #1339, #2662 ), #55 ) ;
#3839 = EDGE_LOOP ( 'NONE', ( #4498, #2413, #2302, #444 ) ) ;
#3840 = CARTESIAN_POINT ( 'NONE',  ( 34.50000000000000000, 0.000000000000000000, -25.00000000000000000 ) ) ;
#3841 = LINE ( 'NONE', #2475, #1432 ) ;
#3842 = VECTOR ( 'NONE', #3056, 1000.000000000000000 ) ;
#3843 = ORIENTED_EDGE ( 'NONE', *, *, #3024, .T. ) ;
#3844 = PRODUCT_DEFINITION_CONTEXT ( 'detailed design', #3141, 'design' ) ;
#3845 = FACE_OUTER_BOUND ( 'NONE', #3296, .T. ) ;
#3846 = APPLICATION_CONTEXT ( 'automotive_design' ) ;
#3847 = VECTOR ( 'NONE', #526, 1000.000000000000000 ) ;
#3848 = AXIS2_PLACEMENT_3D ( 'NONE', #1718, #1815, #3216 ) ;
#3849 = PRODUCT_DEFINITION_SHAPE ( 'NONE', 'NONE',  #2848 ) ;
#3850 = SHAPE_REPRESENTATION ( 'Battery', ( #2662 ), #4289 ) ;
#3851 = ORIENTED_EDGE ( 'NONE', *, *, #452, .F. ) ;
#3852 =( GEOMETRIC_REPRESENTATION_CONTEXT ( 3 ) GLOBAL_UNCERTAINTY_ASSIGNED_CONTEXT ( ( #1497 ) ) GLOBAL_UNIT_ASSIGNED_CONTEXT ( ( #611, #2312, #4129 ) ) REPRESENTATION_CONTEXT ( 'NONE', 'WORKASPACE' ) );
#3853 = ADVANCED_FACE ( 'NONE', ( #3140 ), #2116, .F. ) ;
#3854 = CARTESIAN_POINT ( 'NONE',  ( -22.99999999999997513, 1.500000000000000000, 4.559844565424747485E-15 ) ) ;
#3855 =( NAMED_UNIT ( * ) SI_UNIT ( $, .STERADIAN. ) SOLID_ANGLE_UNIT ( ) );
#3856 = VECTOR ( 'NONE', #341, 1000.000000000000000 ) ;
#3857 = ADVANCED_FACE ( 'NONE', ( #677 ), #3163, .F. ) ;
#3858 = STYLED_ITEM ( 'NONE', ( #1311 ), #1401 ) ;
#3859 = ORIENTED_EDGE ( 'NONE', *, *, #1679, .T. ) ;
#3860 = ORIENTED_EDGE ( 'NONE', *, *, #2835, .T. ) ;
#3861 = AXIS2_PLACEMENT_3D ( 'NONE', #576, #936, #2040 ) ;
#3862 = DIRECTION ( 'NONE',  ( 0.000000000000000000, 0.000000000000000000, 1.000000000000000000 ) ) ;
#3863 = EDGE_CURVE ( 'NONE', #1174, #2586, #1764, .T. ) ;
#3864 = DIRECTION ( 'NONE',  ( -0.000000000000000000, 0.000000000000000000, 1.000000000000000000 ) ) ;
#3865 = CARTESIAN_POINT ( 'NONE',  ( -117.5000000000002984, 0.000000000000000000, -117.4999999999999005 ) ) ;
#3866 = FACE_OUTER_BOUND ( 'NONE', #24, .T. ) ;
#3867 = EDGE_LOOP ( 'NONE', ( #2509, #2140, #335, #812 ) ) ;
#3868 = AXIS2_PLACEMENT_3D ( 'NONE', #2447, #2157, #3594 ) ;
#3869 = EDGE_LOOP ( 'NONE', ( #4298, #57, #725, #1534 ) ) ;
#3870 = FACE_OUTER_BOUND ( 'NONE', #4215, .T. ) ;
#3871 = CARTESIAN_POINT ( 'NONE',  ( 21.00000000000000355, -11.49999999999999822, 150.0000000000000000 ) ) ;
#3872 = LINE ( 'NONE', #1473, #1514 ) ;
#3873 = AXIS2_PLACEMENT_3D ( 'NONE', #2125, #2800, #121 ) ;
#3874 = EDGE_CURVE ( 'NONE', #1272, #1555, #2456, .T. ) ;
#3875 = VERTEX_POINT ( 'NONE', #1020 ) ;
#3876 = CARTESIAN_POINT ( 'NONE',  ( -175.0000000000000000, 94.80879363930131376, 74.64256708526511375 ) ) ;
#3877 = APPLICATION_CONTEXT ( 'automotive_design' ) ;
#3878 = ORIENTED_EDGE ( 'NONE', *, *, #3887, .T. ) ;
#3879 = DIRECTION ( 'NONE',  ( 0.000000000000000000, 0.000000000000000000, 1.000000000000000000 ) ) ;
#3880 = PLANE ( 'NONE',  #703 ) ;
#3881 = DIRECTION ( 'NONE',  ( 0.000000000000000000, 0.000000000000000000, -1.000000000000000000 ) ) ;
#3882 = SHAPE_REPRESENTATION ( 'Attacker_v5', ( #2662 ), #477 ) ;
#3883 = ORIENTED_EDGE ( 'NONE', *, *, #1001, .F. ) ;
#3884 = ORIENTED_EDGE ( 'NONE', *, *, #2720, .T. ) ;
#3885 = LINE ( 'NONE', #1443, #3323 ) ;
#3886 = DIRECTION ( 'NONE',  ( 0.000000000000000000, 0.000000000000000000, 1.000000000000000000 ) ) ;
#3887 = EDGE_CURVE ( 'NONE', #1645, #1748, #1387, .T. ) ;
#3888 = DIRECTION ( 'NONE',  ( 1.000000000000000000, 0.000000000000000000, 0.000000000000000000 ) ) ;
#3889 = CARTESIAN_POINT ( 'NONE',  ( -85.00000000000032685, 1.500000000000000000, -149.9999999999999716 ) ) ;
#3890 = ORIENTED_EDGE ( 'NONE', *, *, #1001, .T. ) ;
#3891 = ORIENTED_EDGE ( 'NONE', *, *, #4005, .T. ) ;
#3892 = FACE_BOUND ( 'NONE', #4194, .T. ) ;
#3893 = EDGE_CURVE ( 'NONE', #1768, #3449, #4253, .T. ) ;
#3894 = PRODUCT ( 'L_clamp', 'L_clamp', '', ( #3305 ) ) ;
#3895 = DIRECTION ( 'NONE',  ( 0.000000000000000000, 0.000000000000000000, -1.000000000000000000 ) ) ;
#3896 = CARTESIAN_POINT ( 'NONE',  ( 0.000000000000000000, 0.000000000000000000, -15.00000000000000000 ) ) ;
#3897 = ORIENTED_EDGE ( 'NONE', *, *, #318, .F. ) ;
#3898 = EDGE_CURVE ( 'NONE', #4115, #1767, #3456, .T. ) ;
#3899 = UNCERTAINTY_MEASURE_WITH_UNIT (LENGTH_MEASURE( 1.000000000000000082E-05 ), #4390, 'distance_accuracy_value', 'NONE');
#3900 = LINE ( 'NONE', #1035, #710 ) ;
#3901 = EDGE_CURVE ( 'NONE', #2087, #2785, #3121, .T. ) ;
#3902 = ORIENTED_EDGE ( 'NONE', *, *, #1283, .F. ) ;
#3903 = DIRECTION ( 'NONE',  ( -0.000000000000000000, -1.000000000000000000, -0.000000000000000000 ) ) ;
#3904 = CARTESIAN_POINT ( 'NONE',  ( -12.07531754730548457, -4.084936490538908949, 15.00000000000000000 ) ) ;
#3905 = PRESENTATION_STYLE_ASSIGNMENT (( #21 ) ) ;
#3906 = EDGE_LOOP ( 'NONE', ( #109, #1977, #788, #171 ) ) ;
#3907 = CARTESIAN_POINT ( 'NONE',  ( 32.50000000000000000, 0.000000000000000000, -25.00000000000000000 ) ) ;
#3908 = DIRECTION ( 'NONE',  ( -1.000000000000000222, 0.000000000000000000, 0.000000000000000000 ) ) ;
#3909 = LINE ( 'NONE', #2073, #3336 ) ;
#3910 = AXIS2_PLACEMENT_3D ( 'NONE', #3763, #3377, #1277 ) ;
#3911 = LINE ( 'NONE', #3242, #2180 ) ;
#3912 = FACE_OUTER_BOUND ( 'NONE', #4216, .T. ) ;
#3913 = ORIENTED_EDGE ( 'NONE', *, *, #1385, .F. ) ;
#3914 = VERTEX_POINT ( 'NONE', #4231 ) ;
#3915 = LINE ( 'NONE', #1119, #4299 ) ;
#3916 = DIRECTION ( 'NONE',  ( 1.214474537404460279E-16, 0.1286218092195794693, -0.9916937179356749565 ) ) ;
#3917 = SURFACE_SIDE_STYLE ('',( #410 ) ) ;
#3918 = DIRECTION ( 'NONE',  ( 0.000000000000000000, 0.000000000000000000, -1.000000000000000000 ) ) ;
#3919 = PRODUCT_RELATED_PRODUCT_CATEGORY ( 'part', '', ( #696 ) ) ;
#3920 = EDGE_LOOP ( 'NONE', ( #3265, #1352, #161, #2277 ) ) ;
#3921 =( GEOMETRIC_REPRESENTATION_CONTEXT ( 3 ) GLOBAL_UNCERTAINTY_ASSIGNED_CONTEXT ( ( #409 ) ) GLOBAL_UNIT_ASSIGNED_CONTEXT ( ( #684, #1416, #3488 ) ) REPRESENTATION_CONTEXT ( 'NONE', 'WORKASPACE' ) );
#3922 = DIRECTION ( 'NONE',  ( 1.000000000000000000, 0.000000000000000000, 0.000000000000000000 ) ) ;
#3923 = VECTOR ( 'NONE', #2593, 1000.000000000000000 ) ;
#3924 = ADVANCED_FACE ( 'NONE', ( #2500 ), #1366, .F. ) ;
#3925 = ORIENTED_EDGE ( 'NONE', *, *, #2918, .T. ) ;
#3926 = VECTOR ( 'NONE', #1140, 1000.000000000000000 ) ;
#3927 = AXIS2_PLACEMENT_3D ( 'NONE', #3433, #1327, #1354 ) ;
#3928 = DIRECTION ( 'NONE',  ( -0.000000000000000000, 0.000000000000000000, 1.000000000000000000 ) ) ;
#3929 = EDGE_CURVE ( 'NONE', #4028, #1690, #4183, .T. ) ;
#3930 = ORIENTED_EDGE ( 'NONE', *, *, #1441, .F. ) ;
#3931 = PRODUCT_DEFINITION_SHAPE ( 'NONE', 'NONE',  #4526 ) ;
#3932 = STYLED_ITEM ( 'NONE', ( #1025 ), #2870 ) ;
#3933 = CARTESIAN_POINT ( 'NONE',  ( 17.50000000000000000, 2.143131898507867854E-15, 90.00000000000000000 ) ) ;
#3934 = CARTESIAN_POINT ( 'NONE',  ( 179.0000000000000284, 30.50000000000000355, -12.50000000000009592 ) ) ;
#3935 = AXIS2_PLACEMENT_3D ( 'NONE', #3854, #709, #2117 ) ;
#3936 = CARTESIAN_POINT ( 'NONE',  ( 0.000000000000000000, 0.000000000000000000, 105.0000000000000000 ) ) ;
#3937 = AXIS2_PLACEMENT_3D ( 'NONE', #1128, #4045, #4398 ) ;
#3938 = EDGE_CURVE ( 'NONE', #1024, #1153, #3482, .T. ) ;
#3939 = EDGE_LOOP ( 'NONE', ( #3468, #4270, #42, #1015 ) ) ;
#3940 = VECTOR ( 'NONE', #4089, 1000.000000000000000 ) ;
#3941 = ITEM_DEFINED_TRANSFORMATION ( 'NONE', 'NONE', #2304,  #2662 ) ;
#3942 = CARTESIAN_POINT ( 'NONE',  ( -27.02847075210475580, -12.50000000000000355, 15.00000000000000000 ) ) ;
#3943 = FACE_OUTER_BOUND ( 'NONE', #1143, .T. ) ;
#3944 = CARTESIAN_POINT ( 'NONE',  ( 158.0000000000000000, 1.500000000000000000, 50.00000000000001421 ) ) ;
#3945 =( REPRESENTATION_RELATIONSHIP ('NONE','NONE', #2972, #1053 ) REPRESENTATION_RELATIONSHIP_WITH_TRANSFORMATION ( #1981 )SHAPE_REPRESENTATION_RELATIONSHIP( ) );
#3946 = CARTESIAN_POINT ( 'NONE',  ( 12.50000000000000000, -12.50000000000000355, 15.00000000000000000 ) ) ;
#3947 = ORIENTED_EDGE ( 'NONE', *, *, #1926, .T. ) ;
#3948 = CARTESIAN_POINT ( 'NONE',  ( 21.00000000000000355, 11.50000000000000178, 0.000000000000000000 ) ) ;
#3949 = EDGE_CURVE ( 'NONE', #1813, #1291, #2141, .T. ) ;
#3950 = DIRECTION ( 'NONE',  ( -0.000000000000000000, 0.000000000000000000, 1.000000000000000000 ) ) ;
#3951 = ORIENTED_EDGE ( 'NONE', *, *, #1081, .T. ) ;
#3952 = LINE ( 'NONE', #798, #4368 ) ;
#3953 = VERTEX_POINT ( 'NONE', #4203 ) ;
#3954 = EDGE_CURVE ( 'NONE', #4068, #4439, #2453, .T. ) ;
#3955 = LINE ( 'NONE', #2728, #3044 ) ;
#3956 = PRODUCT_CONTEXT ( 'NONE', #2085, 'mechanical' ) ;
#3957 = CARTESIAN_POINT ( 'NONE',  ( 12.50000000000000000, -12.50000000000000355, 15.00000000000000000 ) ) ;
#3958 = DIRECTION ( 'NONE',  ( 0.000000000000000000, 0.000000000000000000, 1.000000000000000000 ) ) ;
#3959 = EDGE_CURVE ( 'NONE', #1630, #3414, #3148, .T. ) ;
#3960 = ORIENTED_EDGE ( 'NONE', *, *, #1912, .F. ) ;
#3961 = ORIENTED_EDGE ( 'NONE', *, *, #1935, .T. ) ;
#3962 = DIRECTION ( 'NONE',  ( -0.000000000000000000, 0.000000000000000000, 1.000000000000000000 ) ) ;
#3963 = CARTESIAN_POINT ( 'NONE',  ( 1.249999999999997335, -2.165063509461085722, -15.00000000000000000 ) ) ;
#3964 = VERTEX_POINT ( 'NONE', #433 ) ;
#3965 = CARTESIAN_POINT ( 'NONE',  ( 34.50000000000000000, 10.77032961426899860, -53.00000000000000711 ) ) ;
#3966 = FILL_AREA_STYLE_COLOUR ( '', #2466 ) ;
#3967 = ORIENTED_EDGE ( 'NONE', *, *, #2681, .T. ) ;
#3968 = EDGE_LOOP ( 'NONE', ( #956, #4244, #3778, #3651 ) ) ;
#3969 = DIRECTION ( 'NONE',  ( 0.000000000000000000, 0.000000000000000000, -1.000000000000000000 ) ) ;
#3970 = EDGE_CURVE ( 'NONE', #781, #1435, #2436, .T. ) ;
#3971 = VERTEX_POINT ( 'NONE', #1843 ) ;
#3972 = SURFACE_SIDE_STYLE ('',( #2189 ) ) ;
#3973 = APPLICATION_PROTOCOL_DEFINITION ( 'draft international standard', 'automotive_design', 1998, #3141 ) ;
#3974 = FACE_OUTER_BOUND ( 'NONE', #2422, .T. ) ;
#3975 = LINE ( 'NONE', #2528, #3058 ) ;
#3976 = CARTESIAN_POINT ( 'NONE',  ( 21.00000000000000355, -11.49999999999999822, 0.000000000000000000 ) ) ;
#3977 = ORIENTED_EDGE ( 'NONE', *, *, #2924, .T. ) ;
#3978 = VERTEX_POINT ( 'NONE', #1393 ) ;
#3979 = ADVANCED_FACE ( 'NONE', ( #3866 ), #2100, .F. ) ;
#3980 = DIRECTION ( 'NONE',  ( 0.000000000000000000, 0.000000000000000000, -1.000000000000000000 ) ) ;
#3981 =( NAMED_UNIT ( * ) PLANE_ANGLE_UNIT ( ) SI_UNIT ( $, .RADIAN. ) );
#3982 = CARTESIAN_POINT ( 'NONE',  ( 15.00000000000000000, 0.000000000000000000, -27.50000000000000000 ) ) ;
#3983 = PRODUCT_DEFINITION_FORMATION_WITH_SPECIFIED_SOURCE ( 'ANY', '', #775, .NOT_KNOWN. ) ;
#3984 = ORIENTED_EDGE ( 'NONE', *, *, #2518, .T. ) ;
#3985 = EDGE_CURVE ( 'NONE', #902, #1573, #1114, .T. ) ;
#3986 = CARTESIAN_POINT ( 'NONE',  ( -22.99999999999998934, 3.000000000000000000, -65.00000000000001421 ) ) ;
#3987 = AXIS2_PLACEMENT_3D ( 'NONE', #1307, #4167, #2335 ) ;
#3988 = PRESENTATION_STYLE_ASSIGNMENT (( #3277 ) ) ;
#3989 = PLANE ( 'NONE',  #284 ) ;
#3990 = EDGE_LOOP ( 'NONE', ( #2432, #2590 ) ) ;
#3991 = VERTEX_POINT ( 'NONE', #2873 ) ;
#3992 = COLOUR_RGB ( '',0.7921568627450980005, 0.8196078431372548767, 0.9333333333333333481 ) ;
#3993 = AXIS2_PLACEMENT_3D ( 'NONE', #16, #2680, #290 ) ;
#3994 = ORIENTED_EDGE ( 'NONE', *, *, #1448, .F. ) ;
#3995 = SHAPE_DEFINITION_REPRESENTATION ( #1804, #1855 ) ;
#3996 = APPLICATION_CONTEXT ( 'automotive_design' ) ;
#3997 = AXIS2_PLACEMENT_3D ( 'NONE', #3274, #1874, #4044 ) ;
#3998 = FACE_BOUND ( 'NONE', #3076, .T. ) ;
#3999 = VECTOR ( 'NONE', #3190, 1000.000000000000000 ) ;
#4000 = PRODUCT_RELATED_PRODUCT_CATEGORY ( 'part', '', ( #3894 ) ) ;
#4001 = DIRECTION ( 'NONE',  ( 0.000000000000000000, 1.000000000000000000, -0.000000000000000000 ) ) ;
#4002 = LINE ( 'NONE', #2261, #443 ) ;
#4003 = AXIS2_PLACEMENT_3D ( 'NONE', #966, #1281, #627 ) ;
#4004 = VERTEX_POINT ( 'NONE', #54 ) ;
#4005 = EDGE_CURVE ( 'NONE', #2683, #937, #2170, .T. ) ;
#4006 = CARTESIAN_POINT ( 'NONE',  ( -22.99999999999997868, 3.000000000000000000, 3.419883424068558444E-15 ) ) ;
#4007 = CARTESIAN_POINT ( 'NONE',  ( 6.735557395310443404E-15, 50.00000000000000000, 15.00000000000000000 ) ) ;
#4008 = CIRCLE ( 'NONE', #1353, 4.000000000000000000 ) ;
#4009 = PRODUCT_DEFINITION_SHAPE ( 'NONE', 'NONE',  #3183 ) ;
#4010 = FACE_OUTER_BOUND ( 'NONE', #2538, .T. ) ;
#4011 = DIRECTION ( 'NONE',  ( -1.000000000000000000, 0.000000000000000000, -0.000000000000000000 ) ) ;
#4012 = VECTOR ( 'NONE', #440, 1000.000000000000000 ) ;
#4013 = EDGE_CURVE ( 'NONE', #3797, #1400, #1094, .T. ) ;
#4014 = EDGE_LOOP ( 'NONE', ( #1243, #1944, #3646, #4448 ) ) ;
#4015 = STYLED_ITEM ( 'NONE', ( #765 ), #1456 ) ;
#4016 = DIRECTION ( 'NONE',  ( 0.000000000000000000, -1.000000000000000000, 0.000000000000000000 ) ) ;
#4017 = ADVANCED_BREP_SHAPE_REPRESENTATION ( '', ( #4411, #2662 ), #1263 ) ;
#4018 = ADVANCED_FACE ( 'NONE', ( #2828 ), #1488, .F. ) ;
#4019 = CLOSED_SHELL ( 'NONE', ( #2437, #1349, #3057, #4213, #1070, #3534 ) ) ;
#4020 =( NAMED_UNIT ( * ) PLANE_ANGLE_UNIT ( ) SI_UNIT ( $, .RADIAN. ) );
#4021 = AXIS2_PLACEMENT_3D ( 'NONE', #2718, #4145, #1970 ) ;
#4022 = DIRECTION ( 'NONE',  ( 1.000000000000000000, -0.000000000000000000, 0.000000000000000000 ) ) ;
#4023 = ORIENTED_EDGE ( 'NONE', *, *, #1922, .F. ) ;
#4024 = AXIS2_PLACEMENT_3D ( 'NONE', #3746, #4035, #1938 ) ;
#4025 = EDGE_LOOP ( 'NONE', ( #4186, #2193, #2956, #4181 ) ) ;
#4026 = FACE_OUTER_BOUND ( 'NONE', #2632, .T. ) ;
#4027 = AXIS2_PLACEMENT_3D ( 'NONE', #4292, #2886, #3525 ) ;
#4028 = VERTEX_POINT ( 'NONE', #364 ) ;
#4029 = LINE ( 'NONE', #3581, #1941 ) ;
#4030 = FACE_OUTER_BOUND ( 'NONE', #3281, .T. ) ;
#4031 = CARTESIAN_POINT ( 'NONE',  ( -126.0000000000000000, 0.000000000000000000, 0.000000000000000000 ) ) ;
#4032 = DIRECTION ( 'NONE',  ( -1.000000000000000000, -0.000000000000000000, -0.000000000000000000 ) ) ;
#4033 = EDGE_LOOP ( 'NONE', ( #605, #1924, #2563, #3387 ) ) ;
#4034 = CARTESIAN_POINT ( 'NONE',  ( 0.000000000000000000, 0.000000000000000000, 2.000000000000000000 ) ) ;
#4035 = DIRECTION ( 'NONE',  ( -0.000000000000000000, 0.000000000000000000, 1.000000000000000000 ) ) ;
#4036 = DIRECTION ( 'NONE',  ( 1.000000000000000000, 0.000000000000000000, 0.000000000000000000 ) ) ;
#4037 =( NAMED_UNIT ( * ) PLANE_ANGLE_UNIT ( ) SI_UNIT ( $, .RADIAN. ) );
#4038 = CARTESIAN_POINT ( 'NONE',  ( 0.000000000000000000, 1.500000000000000000, -149.9999999999999716 ) ) ;
#4039 = CARTESIAN_POINT ( 'NONE',  ( 158.0000000000000000, 3.000000000000000000, -49.99999999999998579 ) ) ;
#4040 = SHAPE_REPRESENTATION ( 'Shaft', ( #2662 ), #2227 ) ;
#4041 = ORIENTED_EDGE ( 'NONE', *, *, #4333, .T. ) ;
#4042 = ADVANCED_FACE ( 'NONE', ( #2465 ), #787, .F. ) ;
#4043 = UNCERTAINTY_MEASURE_WITH_UNIT (LENGTH_MEASURE( 1.000000000000000082E-05 ), #1612, 'distance_accuracy_value', 'NONE');
#4044 = DIRECTION ( 'NONE',  ( 0.000000000000000000, 0.000000000000000000, -1.000000000000000000 ) ) ;
#4045 = DIRECTION ( 'NONE',  ( 1.000000000000000000, 0.000000000000000000, 0.000000000000000000 ) ) ;
#4046 = CARTESIAN_POINT ( 'NONE',  ( 2.168404344971011392E-14, 0.000000000000000000, -50.00000000000005684 ) ) ;
#4047 = EDGE_CURVE ( 'NONE', #505, #2574, #3225, .T. ) ;
#4048 = ORIENTED_EDGE ( 'NONE', *, *, #2731, .F. ) ;
#4049 = DIRECTION ( 'NONE',  ( 0.000000000000000000, 0.000000000000000000, -1.000000000000000000 ) ) ;
#4050 = EDGE_CURVE ( 'NONE', #79, #2807, #1822, .T. ) ;
#4051 = ORIENTED_EDGE ( 'NONE', *, *, #2072, .F. ) ;
#4052 = LINE ( 'NONE', #2660, #2966 ) ;
#4053 = APPLICATION_PROTOCOL_DEFINITION ( 'draft international standard', 'automotive_design', 1998, #1589 ) ;
#4054 = LINE ( 'NONE', #979, #1121 ) ;
#4055 = DIRECTION ( 'NONE',  ( -0.7071067811865463515, 0.000000000000000000, -0.7071067811865487940 ) ) ;
#4056 = DIRECTION ( 'NONE',  ( -0.8660254037844364872, -0.5000000000000038858, 0.000000000000000000 ) ) ;
#4057 = ORIENTED_EDGE ( 'NONE', *, *, #4374, .T. ) ;
#4058 = FACE_OUTER_BOUND ( 'NONE', #803, .T. ) ;
#4059 = DIRECTION ( 'NONE',  ( -1.000000000000000000, -0.000000000000000000, -0.000000000000000000 ) ) ;
#4060 = PLANE ( 'NONE',  #4245 ) ;
#4061 = ORIENTED_EDGE ( 'NONE', *, *, #424, .F. ) ;
#4062 = CARTESIAN_POINT ( 'NONE',  ( -175.0000000000000000, 1.500000000000000000, 0.000000000000000000 ) ) ;
#4063 = LINE ( 'NONE', #2360, #420 ) ;
#4064 = AXIS2_PLACEMENT_3D ( 'NONE', #2823, #3829, #4239 ) ;
#4065 = CARTESIAN_POINT ( 'NONE',  ( 175.0000000000000000, 56.50000000000000711, 123.3012701892219525 ) ) ;
#4066 = PRODUCT_RELATED_PRODUCT_CATEGORY ( 'part', '', ( #3636 ) ) ;
#4067 = ORIENTED_EDGE ( 'NONE', *, *, #4237, .T. ) ;
#4068 = VERTEX_POINT ( 'NONE', #384 ) ;
#4069 = LINE ( 'NONE', #553, #3771 ) ;
#4070 = ORIENTED_EDGE ( 'NONE', *, *, #3949, .T. ) ;
#4071 = AXIS2_PLACEMENT_3D ( 'NONE', #643, #267, #1625 ) ;
#4072 = CARTESIAN_POINT ( 'NONE',  ( -175.0000000000000000, 0.000000000000000000, -0.000000000000000000 ) ) ;
#4073 = PRODUCT_DEFINITION_FORMATION_WITH_SPECIFIED_SOURCE ( 'ANY', '', #1129, .NOT_KNOWN. ) ;
#4074 = DIRECTION ( 'NONE',  ( -0.000000000000000000, -0.000000000000000000, -1.000000000000000000 ) ) ;
#4075 = DIRECTION ( 'NONE',  ( 0.000000000000000000, 0.000000000000000000, -1.000000000000000000 ) ) ;
#4076 = AXIS2_PLACEMENT_3D ( 'NONE', #3831, #1392, #76 ) ;
#4077 = EDGE_CURVE ( 'NONE', #370, #3439, #2844, .T. ) ;
#4078 = ORIENTED_EDGE ( 'NONE', *, *, #3583, .T. ) ;
#4079 = CIRCLE ( 'NONE', #690, 25.00000000000000000 ) ;
#4080 = FACE_BOUND ( 'NONE', #2045, .T. ) ;
#4081 = CARTESIAN_POINT ( 'NONE',  ( 25.00000000000000355, 0.000000000000000000, -25.00000000000000355 ) ) ;
#4082 = UNCERTAINTY_MEASURE_WITH_UNIT (LENGTH_MEASURE( 1.000000000000000082E-05 ), #4105, 'distance_accuracy_value', 'NONE');
#4083 =( NAMED_UNIT ( * ) PLANE_ANGLE_UNIT ( ) SI_UNIT ( $, .RADIAN. ) );
#4084 = DIRECTION ( 'NONE',  ( 1.000000000000000000, 0.000000000000000000, 0.000000000000000000 ) ) ;
#4085 = EDGE_LOOP ( 'NONE', ( #3792, #3135, #823, #111 ) ) ;
#4086 = CARTESIAN_POINT ( 'NONE',  ( 0.000000000000000000, 0.000000000000000000, 15.00000000000000000 ) ) ;
#4087 =( GEOMETRIC_REPRESENTATION_CONTEXT ( 3 ) GLOBAL_UNCERTAINTY_ASSIGNED_CONTEXT ( ( #2645 ) ) GLOBAL_UNIT_ASSIGNED_CONTEXT ( ( #1531, #156, #3686 ) ) REPRESENTATION_CONTEXT ( 'NONE', 'WORKASPACE' ) );
#4088 = AXIS2_PLACEMENT_3D ( 'NONE', #2753, #3789, #1319 ) ;
#4089 = DIRECTION ( 'NONE',  ( -0.000000000000000000, -1.000000000000000000, -0.000000000000000000 ) ) ;
#4090 = VERTEX_POINT ( 'NONE', #1421 ) ;
#4091 = ORIENTED_EDGE ( 'NONE', *, *, #2602, .F. ) ;
#4092 = VECTOR ( 'NONE', #3295, 1000.000000000000000 ) ;
#4093 = PLANE ( 'NONE',  #3256 ) ;
#4094 = ADVANCED_FACE ( 'NONE', ( #3912 ), #4241, .F. ) ;
#4095 = CIRCLE ( 'NONE', #291, 15.00000000000000000 ) ;
#4096 = VERTEX_POINT ( 'NONE', #2855 ) ;
#4097 = LINE ( 'NONE', #4072, #2745 ) ;
#4098 = DIRECTION ( 'NONE',  ( 1.000000000000000000, -0.000000000000000000, 0.000000000000000000 ) ) ;
#4099 = DIRECTION ( 'NONE',  ( 0.000000000000000000, 1.000000000000000000, 0.000000000000000000 ) ) ;
#4100 = CARTESIAN_POINT ( 'NONE',  ( -175.0000000000000000, -39.23667800049894794, 49.83727453252841855 ) ) ;
#4101 = ADVANCED_FACE ( 'NONE', ( #4263 ), #3566, .T. ) ;
#4102 = ORIENTED_EDGE ( 'NONE', *, *, #864, .F. ) ;
#4103 = FACE_OUTER_BOUND ( 'NONE', #154, .T. ) ;
#4104 = FACE_OUTER_BOUND ( 'NONE', #997, .T. ) ;
#4105 =( LENGTH_UNIT ( ) NAMED_UNIT ( * ) SI_UNIT ( .MILLI., .METRE. ) );
#4106 = DIRECTION ( 'NONE',  ( 0.000000000000000000, 0.000000000000000000, -1.000000000000000000 ) ) ;
#4107 = ORIENTED_EDGE ( 'NONE', *, *, #2549, .T. ) ;
#4108 = FACE_BOUND ( 'NONE', #4346, .T. ) ;
#4109 = PLANE ( 'NONE',  #1430 ) ;
#4110 = DIRECTION ( 'NONE',  ( -0.000000000000000000, -0.000000000000000000, -1.000000000000000000 ) ) ;
#4111 = ORIENTED_EDGE ( 'NONE', *, *, #1561, .T. ) ;
#4112 = ORIENTED_EDGE ( 'NONE', *, *, #828, .F. ) ;
#4113 = DIRECTION ( 'NONE',  ( 1.000000000000000000, -0.000000000000000000, 0.000000000000000000 ) ) ;
#4114 = CYLINDRICAL_SURFACE ( 'NONE', #1957, 17.50000000000000000 ) ;
#4115 = VERTEX_POINT ( 'NONE', #3359 ) ;
#4116 = PLANE ( 'NONE',  #3768 ) ;
#4117 = CONTEXT_DEPENDENT_SHAPE_REPRESENTATION ( #2207, #3235 ) ;
#4118 = CARTESIAN_POINT ( 'NONE',  ( -175.0000000000000000, -38.30879363930133508, 48.65870310395699505 ) ) ;
#4119 = CARTESIAN_POINT ( 'NONE',  ( 50.00000000000002132, 0.000000000000000000, 19.99999999999999645 ) ) ;
#4120 = CARTESIAN_POINT ( 'NONE',  ( 0.000000000000000000, 0.000000000000000000, 0.000000000000000000 ) ) ;
#4121 = PRODUCT_DEFINITION ( 'UNKNOWN', '', #2076, #1833 ) ;
#4122 = EDGE_LOOP ( 'NONE', ( #3300, #740, #2531, #3165 ) ) ;
#4123 = CARTESIAN_POINT ( 'NONE',  ( -126.0000000000000000, 0.000000000000000000, 50.00000000000001421 ) ) ;
#4124 =( LENGTH_UNIT ( ) NAMED_UNIT ( * ) SI_UNIT ( .MILLI., .METRE. ) );
#4125 = LINE ( 'NONE', #3682, #219 ) ;
#4126 = ADVANCED_FACE ( 'NONE', ( #3289 ), #2210, .T. ) ;
#4127 = EDGE_LOOP ( 'NONE', ( #1075, #1524 ) ) ;
#4128 = CARTESIAN_POINT ( 'NONE',  ( 0.000000000000000000, 0.000000000000000000, 0.000000000000000000 ) ) ;
#4129 =( NAMED_UNIT ( * ) SI_UNIT ( $, .STERADIAN. ) SOLID_ANGLE_UNIT ( ) );
#4130 = CARTESIAN_POINT ( 'NONE',  ( -3.295974604355933479E-14, 25.00000000000000000, 15.00000000000000000 ) ) ;
#4131 = EDGE_CURVE ( 'NONE', #531, #2128, #230, .T. ) ;
#4132 = ORIENTED_EDGE ( 'NONE', *, *, #3195, .T. ) ;
#4133 = CARTESIAN_POINT ( 'NONE',  ( -49.99999999999997868, 15.00000000000000000, 19.99999999999999645 ) ) ;
#4134 = EDGE_LOOP ( 'NONE', ( #557, #3721, #4264, #3816 ) ) ;
#4135 = CARTESIAN_POINT ( 'NONE',  ( 0.000000000000000000, 3.000000000000000000, 50.00000000000001421 ) ) ;
#4136 = CARTESIAN_POINT ( 'NONE',  ( 6.735557395310443404E-15, 50.00000000000000000, 15.00000000000000000 ) ) ;
#4137 = AXIS2_PLACEMENT_3D ( 'NONE', #604, #2000, #301 ) ;
#4138 = CARTESIAN_POINT ( 'NONE',  ( -49.99999999999997868, 15.00000000000000000, -20.00000000000000355 ) ) ;
#4139 = FACE_OUTER_BOUND ( 'NONE', #1208, .T. ) ;
#4140 = ORIENTED_EDGE ( 'NONE', *, *, #2265, .T. ) ;
#4141 = AXIS2_PLACEMENT_3D ( 'NONE', #4190, #1091, #1795 ) ;
#4142 = DIRECTION ( 'NONE',  ( -1.000000000000000000, -0.000000000000000000, -0.000000000000000000 ) ) ;
#4143 =( NAMED_UNIT ( * ) SI_UNIT ( $, .STERADIAN. ) SOLID_ANGLE_UNIT ( ) );
#4144 = EDGE_CURVE ( 'NONE', #1415, #4193, #4002, .T. ) ;
#4145 = DIRECTION ( 'NONE',  ( -0.000000000000000000, 0.000000000000000000, 1.000000000000000000 ) ) ;
#4146 = ORIENTED_EDGE ( 'NONE', *, *, #1595, .F. ) ;
#4147 = CIRCLE ( 'NONE', #4076, 10.00000000000000000 ) ;
#4148 = DIRECTION ( 'NONE',  ( -0.000000000000000000, -0.000000000000000000, -1.000000000000000000 ) ) ;
#4149 = AXIS2_PLACEMENT_3D ( 'NONE', #1990, #3384, #3109 ) ;
#4150 = VECTOR ( 'NONE', #645, 1000.000000000000000 ) ;
#4151 = DIRECTION ( 'NONE',  ( 1.000000000000000000, 0.000000000000000000, 0.000000000000000000 ) ) ;
#4152 = EDGE_CURVE ( 'NONE', #1095, #781, #2997, .T. ) ;
#4153 = ORIENTED_EDGE ( 'NONE', *, *, #1175, .T. ) ;
#4154 = AXIS2_PLACEMENT_3D ( 'NONE', #1045, #3562, #1370 ) ;
#4155 = VECTOR ( 'NONE', #1933, 1000.000000000000000 ) ;
#4156 = CIRCLE ( 'NONE', #3569, 25.00000000000000000 ) ;
#4157 = ORIENTED_EDGE ( 'NONE', *, *, #3491, .T. ) ;
#4158 = CYLINDRICAL_SURFACE ( 'NONE', #760, 15.00000000000000000 ) ;
#4159 = CLOSED_SHELL ( 'NONE', ( #1257, #3321, #2543, #2744, #1758, #92, #2717, #2135, #2813, #4296, #831, #1784, #3502, #1734, #3161, #4438, #3389, #1278, #128, #3086 ) ) ;
#4160 = DIRECTION ( 'NONE',  ( 1.000000000000000000, 0.000000000000000000, 0.000000000000000000 ) ) ;
#4161 = FACE_OUTER_BOUND ( 'NONE', #2409, .T. ) ;
#4162 = DIRECTION ( 'NONE',  ( -0.000000000000000000, -0.000000000000000000, -1.000000000000000000 ) ) ;
#4163 = CIRCLE ( 'NONE', #2690, 11.00000000000000355 ) ;
#4164 = ORIENTED_EDGE ( 'NONE', *, *, #1215, .T. ) ;
#4165 = DIRECTION ( 'NONE',  ( 0.000000000000000000, -0.000000000000000000, 1.000000000000000000 ) ) ;
#4166 =( NAMED_UNIT ( * ) PLANE_ANGLE_UNIT ( ) SI_UNIT ( $, .RADIAN. ) );
#4167 = DIRECTION ( 'NONE',  ( -1.000000000000000000, 0.000000000000000000, 0.000000000000000000 ) ) ;
#4168 = ORIENTED_EDGE ( 'NONE', *, *, #3970, .T. ) ;
#4169 = DIRECTION ( 'NONE',  ( -0.000000000000000000, 0.000000000000000000, 1.000000000000000000 ) ) ;
#4170 = LINE ( 'NONE', #12, #3273 ) ;
#4171 = CARTESIAN_POINT ( 'NONE',  ( 11.33107569688461425, 22.28467463418461136, 15.00000000000000000 ) ) ;
#4172 = EDGE_CURVE ( 'NONE', #4341, #1322, #4356, .T. ) ;
#4173 = ORIENTED_EDGE ( 'NONE', *, *, #434, .T. ) ;
#4174 = ADVANCED_BREP_SHAPE_REPRESENTATION ( '', ( #1401, #2662 ), #3765 ) ;
#4175 = CARTESIAN_POINT ( 'NONE',  ( -32.49999999999999289, 30.00000000000000000, 0.000000000000000000 ) ) ;
#4176 =( REPRESENTATION_RELATIONSHIP ('NONE','NONE', #3096, #2006 ) REPRESENTATION_RELATIONSHIP_WITH_TRANSFORMATION ( #1937 )SHAPE_REPRESENTATION_RELATIONSHIP( ) );
#4177 = EDGE_CURVE ( 'NONE', #1950, #1813, #1963, .T. ) ;
#4178 = EDGE_CURVE ( 'NONE', #4439, #989, #2554, .T. ) ;
#4179 = SHAPE_REPRESENTATION ( 'Front_support', ( #2662 ), #3182 ) ;
#4180 = EDGE_CURVE ( 'NONE', #1904, #436, #3276, .T. ) ;
#4181 = ORIENTED_EDGE ( 'NONE', *, *, #2520, .F. ) ;
#4182 = PLANE ( 'NONE',  #2382 ) ;
#4183 = LINE ( 'NONE', #356, #4381 ) ;
#4184 = CARTESIAN_POINT ( 'NONE',  ( 0.000000000000000000, 1.500000000000000000, 50.00000000000001421 ) ) ;
#4185 = AXIS2_PLACEMENT_3D ( 'NONE', #4120, #2664, #4075 ) ;
#4186 = ORIENTED_EDGE ( 'NONE', *, *, #3949, .F. ) ;
#4187 = PRODUCT ( 'Motor_wheel_clamp', 'Motor_wheel_clamp', '', ( #4329 ) ) ;
#4188 = CARTESIAN_POINT ( 'NONE',  ( -4.000000000000000000, 0.000000000000000000, 0.000000000000000000 ) ) ;
#4189 = FACE_OUTER_BOUND ( 'NONE', #3420, .T. ) ;
#4190 = CARTESIAN_POINT ( 'NONE',  ( 144.5000000000000000, 30.49999999999999289, -12.50000000000009237 ) ) ;
#4191 = PLANE ( 'NONE',  #4375 ) ;
#4192 = CARTESIAN_POINT ( 'NONE',  ( 10.82531754730545970, 6.250000000000052403, 15.00000000000000000 ) ) ;
#4193 = VERTEX_POINT ( 'NONE', #3976 ) ;
#4194 = EDGE_LOOP ( 'NONE', ( #1455, #4491 ) ) ;
#4195 = DIRECTION ( 'NONE',  ( 1.000000000000000000, 0.000000000000000000, 0.000000000000000000 ) ) ;
#4196 = LINE ( 'NONE', #1031, #575 ) ;
#4197 = DIRECTION ( 'NONE',  ( 3.160203005648505647E-17, -1.000000000000000000, 0.000000000000000000 ) ) ;
#4198 = EDGE_LOOP ( 'NONE', ( #3890, #3784, #1389, #2052 ) ) ;
#4199 = CARTESIAN_POINT ( 'NONE',  ( 7.500000000000000000, 0.000000000000000000, 10.00000000000000000 ) ) ;
#4200 = DIRECTION ( 'NONE',  ( 1.000000000000000000, 0.000000000000000000, 0.000000000000000000 ) ) ;
#4201 = APPLICATION_CONTEXT ( 'automotive_design' ) ;
#4202 = EDGE_LOOP ( 'NONE', ( #3220, #1232, #3496, #3984, #1680, #2866, #135, #2446, #676 ) ) ;
#4203 = CARTESIAN_POINT ( 'NONE',  ( 85.00000000000032685, 1.500000000000000000, -149.9999999999999716 ) ) ;
#4204 = FACE_BOUND ( 'NONE', #3647, .T. ) ;
#4205 = PRODUCT_DEFINITION_FORMATION_WITH_SPECIFIED_SOURCE ( 'ANY', '', #2177, .NOT_KNOWN. ) ;
#4206 = SHAPE_REPRESENTATION ( 'L_clamp', ( #2662 ), #4445 ) ;
#4207 = ORIENTED_EDGE ( 'NONE', *, *, #795, .F. ) ;
#4208 = VERTEX_POINT ( 'NONE', #2901 ) ;
#4209 = SURFACE_STYLE_USAGE ( .BOTH. , #2775 ) ;
#4210 = STYLED_ITEM ( 'NONE', ( #2371 ), #4411 ) ;
#4211 = DIRECTION ( 'NONE',  ( 0.000000000000000000, 0.000000000000000000, 1.000000000000000000 ) ) ;
#4212 = CARTESIAN_POINT ( 'NONE',  ( 126.0000000000000000, 1.500000000000000000, -50.00000000000000000 ) ) ;
#4213 = ADVANCED_FACE ( 'NONE', ( #1585 ), #562, .F. ) ;
#4214 = AXIS2_PLACEMENT_3D ( 'NONE', #1803, #3152, #695 ) ;
#4215 = EDGE_LOOP ( 'NONE', ( #3961, #1216, #1169, #3764 ) ) ;
#4216 = EDGE_LOOP ( 'NONE', ( #1182, #2295, #1552, #4352 ) ) ;
#4217 = DIRECTION ( 'NONE',  ( -0.000000000000000000, -0.000000000000000000, -1.000000000000000000 ) ) ;
#4218 =( GEOMETRIC_REPRESENTATION_CONTEXT ( 3 ) GLOBAL_UNCERTAINTY_ASSIGNED_CONTEXT ( ( #3709 ) ) GLOBAL_UNIT_ASSIGNED_CONTEXT ( ( #1298, #4475, #3697 ) ) REPRESENTATION_CONTEXT ( 'NONE', 'WORKASPACE' ) );
#4219 = ADVANCED_FACE ( 'NONE', ( #185, #4309 ), #518, .F. ) ;
#4220 = PRODUCT_DEFINITION_FORMATION_WITH_SPECIFIED_SOURCE ( 'ANY', '', #3894, .NOT_KNOWN. ) ;
#4221 = DIRECTION ( 'NONE',  ( 1.000000000000000000, -0.000000000000000000, 0.000000000000000000 ) ) ;
#4222 = CARTESIAN_POINT ( 'NONE',  ( -42.00000000000000000, 0.000000000000000000, 10.00000000000000000 ) ) ;
#4223 = VECTOR ( 'NONE', #2987, 1000.000000000000000 ) ;
#4224 = VERTEX_POINT ( 'NONE', #1142 ) ;
#4225 = DIRECTION ( 'NONE',  ( 0.8660254037844379305, 0.5000000000000014433, 0.000000000000000000 ) ) ;
#4226 = AXIS2_PLACEMENT_3D ( 'NONE', #4086, #3450, #323 ) ;
#4227 = PRODUCT ( 'Motor_Driver', 'Motor_Driver', '', ( #115 ) ) ;
#4228 = EDGE_CURVE ( 'NONE', #176, #3444, #166, .T. ) ;
#4229 = ORIENTED_EDGE ( 'NONE', *, *, #3670, .F. ) ;
#4230 = AXIS2_PLACEMENT_3D ( 'NONE', #896, #2640, #3328 ) ;
#4231 = CARTESIAN_POINT ( 'NONE',  ( 4.000000000000000000, 0.000000000000000000, 0.000000000000000000 ) ) ;
#4232 = CARTESIAN_POINT ( 'NONE',  ( 158.0000000000000000, 3.000000000000000000, -49.99999999999998579 ) ) ;
#4233 =( NAMED_UNIT ( * ) SI_UNIT ( $, .STERADIAN. ) SOLID_ANGLE_UNIT ( ) );
#4234 = VECTOR ( 'NONE', #972, 1000.000000000000000 ) ;
#4235 = AXIS2_PLACEMENT_3D ( 'NONE', #636, #2038, #1288 ) ;
#4236 = EDGE_LOOP ( 'NONE', ( #4492, #892, #1835, #2967 ) ) ;
#4237 = EDGE_CURVE ( 'NONE', #464, #3964, #2923, .T. ) ;
#4238 = ORIENTED_EDGE ( 'NONE', *, *, #1081, .F. ) ;
#4239 = DIRECTION ( 'NONE',  ( 1.224646799147353207E-16, 0.000000000000000000, -1.000000000000000000 ) ) ;
#4240 = DIRECTION ( 'NONE',  ( 0.000000000000000000, 0.000000000000000000, -1.000000000000000000 ) ) ;
#4241 = PLANE ( 'NONE',  #3431 ) ;
#4242 = VECTOR ( 'NONE', #926, 1000.000000000000000 ) ;
#4243 = APPLICATION_CONTEXT ( 'automotive_design' ) ;
#4244 = ORIENTED_EDGE ( 'NONE', *, *, #912, .F. ) ;
#4245 = AXIS2_PLACEMENT_3D ( 'NONE', #1308, #969, #2376 ) ;
#4246 = VERTEX_POINT ( 'NONE', #2573 ) ;
#4247 = FACE_OUTER_BOUND ( 'NONE', #2567, .T. ) ;
#4248 = DIRECTION ( 'NONE',  ( 1.000000000000000000, -0.000000000000000000, 0.000000000000000000 ) ) ;
#4249 = PLANE ( 'NONE',  #2914 ) ;
#4250 = VERTEX_POINT ( 'NONE', #3629 ) ;
#4251 = CARTESIAN_POINT ( 'NONE',  ( 50.00000000000002132, 15.00000000000000000, 19.99999999999999645 ) ) ;
#4252 = ORIENTED_EDGE ( 'NONE', *, *, #1912, .T. ) ;
#4253 = LINE ( 'NONE', #69, #3999 ) ;
#4254 = DIRECTION ( 'NONE',  ( -1.000000000000000000, 0.000000000000000000, 0.000000000000000000 ) ) ;
#4255 =( NAMED_UNIT ( * ) PLANE_ANGLE_UNIT ( ) SI_UNIT ( $, .RADIAN. ) );
#4256 = EDGE_LOOP ( 'NONE', ( #1971, #2172, #1470, #3613 ) ) ;
#4257 = ORIENTED_EDGE ( 'NONE', *, *, #940, .F. ) ;
#4258 = CARTESIAN_POINT ( 'NONE',  ( -175.0000000000000000, 3.000000000000000000, 0.000000000000000000 ) ) ;
#4259 = DIRECTION ( 'NONE',  ( -3.677613769070831040E-16, 1.363639126253139781E-16, 0.9999999999999997780 ) ) ;
#4260 = FACE_OUTER_BOUND ( 'NONE', #3036, .T. ) ;
#4261 = PRODUCT_DEFINITION ( 'UNKNOWN', '', #4293, #1740 ) ;
#4262 = CARTESIAN_POINT ( 'NONE',  ( -49.99999999999997868, 0.000000000000000000, 19.99999999999999645 ) ) ;
#4263 = FACE_OUTER_BOUND ( 'NONE', #1722, .T. ) ;
#4264 = ORIENTED_EDGE ( 'NONE', *, *, #3938, .F. ) ;
#4265 = FACE_OUTER_BOUND ( 'NONE', #1786, .T. ) ;
#4266 = LINE ( 'NONE', #58, #3049 ) ;
#4267 = PRODUCT_DEFINITION_SHAPE ( 'NONE', 'NONE',  #855 ) ;
#4268 = DIRECTION ( 'NONE',  ( 0.000000000000000000, 0.000000000000000000, -1.000000000000000000 ) ) ;
#4269 = CARTESIAN_POINT ( 'NONE',  ( 0.000000000000000000, 15.00000000000000000, 0.000000000000000000 ) ) ;
#4270 = ORIENTED_EDGE ( 'NONE', *, *, #1537, .F. ) ;
#4271 = PRODUCT_DEFINITION_CONTEXT ( 'detailed design', #4243, 'design' ) ;
#4272 = CARTESIAN_POINT ( 'NONE',  ( -1.250000000000011990, 2.165063509461108815, 15.00000000000000000 ) ) ;
#4273 = ADVANCED_FACE ( 'NONE', ( #1890 ), #2946, .T. ) ;
#4274 = EDGE_LOOP ( 'NONE', ( #2702, #965, #2739, #2458 ) ) ;
#4275 = ORIENTED_EDGE ( 'NONE', *, *, #1624, .T. ) ;
#4276 = PRESENTATION_STYLE_ASSIGNMENT (( #2255 ) ) ;
#4277 = CARTESIAN_POINT ( 'NONE',  ( -415.8610843314505132, 1347.871995967144358, -721.7765293216250484 ) ) ;
#4278 = CARTESIAN_POINT ( 'NONE',  ( 23.00000000000000711, 1.500000000000000000, -80.00000000000000000 ) ) ;
#4279 = CARTESIAN_POINT ( 'NONE',  ( 0.000000000000000000, -4.163336342344337027E-14, 27.50000000000000000 ) ) ;
#4280 = DIRECTION ( 'NONE',  ( -0.000000000000000000, -1.000000000000000000, -0.000000000000000000 ) ) ;
#4281 = ORIENTED_EDGE ( 'NONE', *, *, #1536, .F. ) ;
#4282 = ORIENTED_EDGE ( 'NONE', *, *, #2089, .T. ) ;
#4283 = EDGE_CURVE ( 'NONE', #1604, #2269, #3656, .T. ) ;
#4284 = CIRCLE ( 'NONE', #2887, 50.00000000000000000 ) ;
#4285 = DIRECTION ( 'NONE',  ( -0.000000000000000000, 0.000000000000000000, 1.000000000000000000 ) ) ;
#4286 = DIRECTION ( 'NONE',  ( -9.654305461538042841E-33, 0.000000000000000000, 1.000000000000000000 ) ) ;
#4287 = CARTESIAN_POINT ( 'NONE',  ( 6.735557395310444193E-15, -50.00000000000000000, 15.00000000000000000 ) ) ;
#4288 = DIRECTION ( 'NONE',  ( 1.000000000000000000, 3.160203005648505647E-17, -0.000000000000000000 ) ) ;
#4289 =( GEOMETRIC_REPRESENTATION_CONTEXT ( 3 ) GLOBAL_UNCERTAINTY_ASSIGNED_CONTEXT ( ( #1217 ) ) GLOBAL_UNIT_ASSIGNED_CONTEXT ( ( #1916, #3981, #827 ) ) REPRESENTATION_CONTEXT ( 'NONE', 'WORKASPACE' ) );
#4290 = ORIENTED_EDGE ( 'NONE', *, *, #1905, .F. ) ;
#4291 = MECHANICAL_DESIGN_GEOMETRIC_PRESENTATION_REPRESENTATION (  '', ( #3549 ), #4218 ) ;
#4292 = CARTESIAN_POINT ( 'NONE',  ( 0.000000000000000000, 0.000000000000000000, 90.00000000000000000 ) ) ;
#4293 = PRODUCT_DEFINITION_FORMATION_WITH_SPECIFIED_SOURCE ( 'ANY', '', #4227, .NOT_KNOWN. ) ;
#4294 = FACE_OUTER_BOUND ( 'NONE', #1313, .T. ) ;
#4295 = VECTOR ( 'NONE', #1554, 1000.000000000000000 ) ;
#4296 = ADVANCED_FACE ( 'NONE', ( #2965 ), #4383, .F. ) ;
#4297 = CIRCLE ( 'NONE', #1724, 4.000000000000000000 ) ;
#4298 = ORIENTED_EDGE ( 'NONE', *, *, #1191, .F. ) ;
#4299 = VECTOR ( 'NONE', #3519, 1000.000000000000000 ) ;
#4300 = LINE ( 'NONE', #4436, #473 ) ;
#4301 = EDGE_LOOP ( 'NONE', ( #2034, #4057, #2677, #2389, #1791, #2792, #1088 ) ) ;
#4302 = PRODUCT ( 'Motor', 'Motor', '', ( #203 ) ) ;
#4303 = AXIS2_PLACEMENT_3D ( 'NONE', #26, #50, #337 ) ;
#4304 = DIRECTION ( 'NONE',  ( -1.000000000000000000, 0.000000000000000000, 0.000000000000000000 ) ) ;
#4305 = APPLICATION_PROTOCOL_DEFINITION ( 'draft international standard', 'automotive_design', 1998, #116 ) ;
#4306 = VECTOR ( 'NONE', #316, 1000.000000000000000 ) ;
#4307 = DIRECTION ( 'NONE',  ( 0.000000000000000000, 0.000000000000000000, 1.000000000000000000 ) ) ;
#4308 = DIRECTION ( 'NONE',  ( 0.000000000000000000, 0.000000000000000000, -1.000000000000000000 ) ) ;
#4309 = FACE_OUTER_BOUND ( 'NONE', #3432, .T. ) ;
#4310 = AXIS2_PLACEMENT_3D ( 'NONE', #2934, #3595, #1151 ) ;
#4311 = EDGE_LOOP ( 'NONE', ( #3570, #600, #4153, #39 ) ) ;
#4312 = VECTOR ( 'NONE', #1943, 1000.000000000000000 ) ;
#4313 = ORIENTED_EDGE ( 'NONE', *, *, #47, .T. ) ;
#4314 = CYLINDRICAL_SURFACE ( 'NONE', #1953, 10.00000000000000000 ) ;
#4315 =( NAMED_UNIT ( * ) SI_UNIT ( $, .STERADIAN. ) SOLID_ANGLE_UNIT ( ) );
#4316 = UNCERTAINTY_MEASURE_WITH_UNIT (LENGTH_MEASURE( 1.000000000000000082E-05 ), #1840, 'distance_accuracy_value', 'NONE');
#4317 = DIRECTION ( 'NONE',  ( 0.000000000000000000, 0.000000000000000000, 1.000000000000000000 ) ) ;
#4318 = DIRECTION ( 'NONE',  ( -0.000000000000000000, -0.000000000000000000, -1.000000000000000000 ) ) ;
#4319 = ORIENTED_EDGE ( 'NONE', *, *, #1175, .F. ) ;
#4320 = DIRECTION ( 'NONE',  ( 0.000000000000000000, 0.000000000000000000, 1.000000000000000000 ) ) ;
#4321 = LINE ( 'NONE', #2915, #130 ) ;
#4322 = ADVANCED_FACE ( 'NONE', ( #1696 ), #981, .T. ) ;
#4323 = ORIENTED_EDGE ( 'NONE', *, *, #318, .T. ) ;
#4324 = EDGE_CURVE ( 'NONE', #4467, #3971, #1608, .T. ) ;
#4325 = EDGE_CURVE ( 'NONE', #2883, #242, #3084, .T. ) ;
#4326 = EDGE_CURVE ( 'NONE', #3149, #1903, #3035, .T. ) ;
#4327 = VERTEX_POINT ( 'NONE', #662 ) ;
#4328 = DIRECTION ( 'NONE',  ( -0.000000000000000000, -1.000000000000000000, -0.000000000000000000 ) ) ;
#4329 = PRODUCT_CONTEXT ( 'NONE', #3877, 'mechanical' ) ;
#4330 = FACE_OUTER_BOUND ( 'NONE', #4256, .T. ) ;
#4331 = CARTESIAN_POINT ( 'NONE',  ( 0.000000000000000000, 0.000000000000000000, 35.00000000000000000 ) ) ;
#4332 = DIRECTION ( 'NONE',  ( 0.000000000000000000, 0.000000000000000000, -1.000000000000000000 ) ) ;
#4333 = EDGE_CURVE ( 'NONE', #1748, #1442, #1320, .T. ) ;
#4334 = VERTEX_POINT ( 'NONE', #3459 ) ;
#4335 = LINE ( 'NONE', #1162, #2810 ) ;
#4336 = CONTEXT_DEPENDENT_SHAPE_REPRESENTATION ( #4176, #2821 ) ;
#4337 = ORIENTED_EDGE ( 'NONE', *, *, #3229, .T. ) ;
#4338 = CARTESIAN_POINT ( 'NONE',  ( -17.50000000000000000, 0.000000000000000000, 90.00000000000000000 ) ) ;
#4339 = CARTESIAN_POINT ( 'NONE',  ( 0.000000000000000000, 3.000000000000000000, -65.00000000000001421 ) ) ;
#4340 = CARTESIAN_POINT ( 'NONE',  ( 0.000000000000000000, 3.000000000000000000, 135.0000000000000000 ) ) ;
#4341 = VERTEX_POINT ( 'NONE', #1251 ) ;
#4342 = CARTESIAN_POINT ( 'NONE',  ( -20.99999999999999645, 11.50000000000000178, 0.000000000000000000 ) ) ;
#4343 = SURFACE_SIDE_STYLE ('',( #2562 ) ) ;
#4344 = DIRECTION ( 'NONE',  ( 0.000000000000000000, 0.000000000000000000, -1.000000000000000000 ) ) ;
#4345 = PRODUCT_DEFINITION_SHAPE ( 'NONE', 'NONE',  #4522 ) ;
#4346 = EDGE_LOOP ( 'NONE', ( #2470, #3291 ) ) ;
#4347 = EDGE_CURVE ( 'NONE', #1043, #2672, #944, .T. ) ;
#4348 = ORIENTED_EDGE ( 'NONE', *, *, #1972, .F. ) ;
#4349 = CARTESIAN_POINT ( 'NONE',  ( -17.50000000000000000, 0.000000000000000000, 0.000000000000000000 ) ) ;
#4350 = EDGE_CURVE ( 'NONE', #1730, #2672, #3013, .T. ) ;
#4351 = ADVANCED_FACE ( 'NONE', ( #4139 ), #2025, .T. ) ;
#4352 = ORIENTED_EDGE ( 'NONE', *, *, #3219, .T. ) ;
#4353 = APPLICATION_PROTOCOL_DEFINITION ( 'draft international standard', 'automotive_design', 1998, #3294 ) ;
#4354 = LINE ( 'NONE', #1178, #3923 ) ;
#4355 = CARTESIAN_POINT ( 'NONE',  ( 15.00000000000000000, 1.836970198721029589E-15, 26.00000000000000000 ) ) ;
#4356 = LINE ( 'NONE', #3308, #4397 ) ;
#4357 = ADVANCED_FACE ( 'NONE', ( #2688 ), #647, .F. ) ;
#4358 = ORIENTED_EDGE ( 'NONE', *, *, #3332, .F. ) ;
#4359 = APPLICATION_CONTEXT ( 'automotive_design' ) ;
#4360 = DIRECTION ( 'NONE',  ( -0.5000000000000014433, 0.8660254037844379305, 0.000000000000000000 ) ) ;
#4361 = CARTESIAN_POINT ( 'NONE',  ( 4.000000000000000000, 0.000000000000000000, -7.000000000000000000 ) ) ;
#4362 = SHAPE_REPRESENTATION_RELATIONSHIP ( 'NONE' , 'NONE' ,  #1053, #3838 ) ;
#4363 = CARTESIAN_POINT ( 'NONE',  ( 0.000000000000000000, -4.163336342344337027E-14, 27.50000000000000000 ) ) ;
#4364 = CARTESIAN_POINT ( 'NONE',  ( -10.00000000000000000, 0.000000000000000000, 15.00000000000000000 ) ) ;
#4365 = AXIS2_PLACEMENT_3D ( 'NONE', #430, #2852, #1819 ) ;
#4366 = ORIENTED_EDGE ( 'NONE', *, *, #2977, .T. ) ;
#4367 = CARTESIAN_POINT ( 'NONE',  ( 175.0000000000000000, 3.000000000000000000, 0.000000000000000000 ) ) ;
#4368 = VECTOR ( 'NONE', #445, 1000.000000000000000 ) ;
#4369 =( NAMED_UNIT ( * ) SI_UNIT ( $, .STERADIAN. ) SOLID_ANGLE_UNIT ( ) );
#4370 = CARTESIAN_POINT ( 'NONE',  ( 0.000000000000000000, 0.000000000000000000, 35.00000000000000000 ) ) ;
#4371 = ORIENTED_EDGE ( 'NONE', *, *, #488, .F. ) ;
#4372 = ORIENTED_EDGE ( 'NONE', *, *, #2270, .T. ) ;
#4373 = CARTESIAN_POINT ( 'NONE',  ( -24.99999999999999645, 40.00000000000000000, -25.00000000000000355 ) ) ;
#4374 = EDGE_CURVE ( 'NONE', #2785, #989, #249, .T. ) ;
#4375 = AXIS2_PLACEMENT_3D ( 'NONE', #2505, #757, #1820 ) ;
#4376 = EDGE_LOOP ( 'NONE', ( #2756, #2811, #179, #2291 ) ) ;
#4377 =( NAMED_UNIT ( * ) PLANE_ANGLE_UNIT ( ) SI_UNIT ( $, .RADIAN. ) );
#4378 = APPLICATION_PROTOCOL_DEFINITION ( 'draft international standard', 'automotive_design', 1998, #3846 ) ;
#4379 = VECTOR ( 'NONE', #1234, 1000.000000000000000 ) ;
#4380 = DIRECTION ( 'NONE',  ( 0.000000000000000000, -0.000000000000000000, -1.000000000000000000 ) ) ;
#4381 = VECTOR ( 'NONE', #2790, 999.9999999999998863 ) ;
#4382 = DIRECTION ( 'NONE',  ( 1.000000000000000000, 0.000000000000000000, 0.000000000000000000 ) ) ;
#4383 = PLANE ( 'NONE',  #119 ) ;
#4384 = EDGE_CURVE ( 'NONE', #1153, #2778, #3397, .T. ) ;
#4385 = VECTOR ( 'NONE', #2028, 1000.000000000000000 ) ;
#4386 = ORIENTED_EDGE ( 'NONE', *, *, #2381, .T. ) ;
#4387 = FACE_OUTER_BOUND ( 'NONE', #2839, .T. ) ;
#4388 = CARTESIAN_POINT ( 'NONE',  ( 0.000000000000000000, 0.000000000000000000, 15.00000000000000000 ) ) ;
#4389 = AXIS2_PLACEMENT_3D ( 'NONE', #3192, #70, #2501 ) ;
#4390 =( LENGTH_UNIT ( ) NAMED_UNIT ( * ) SI_UNIT ( .MILLI., .METRE. ) );
#4391 = CARTESIAN_POINT ( 'NONE',  ( 6.938893903907228378E-15, -43.56571371417143723, -15.00000000000000000 ) ) ;
#4392 = VECTOR ( 'NONE', #3591, 1000.000000000000000 ) ;
#4393 = ADVANCED_FACE ( 'NONE', ( #3790, #4451 ), #3744, .F. ) ;
#4394 = ORIENTED_EDGE ( 'NONE', *, *, #1622, .F. ) ;
#4395 = DIRECTION ( 'NONE',  ( 1.000000000000000000, 0.000000000000000000, 0.000000000000000000 ) ) ;
#4396 = VECTOR ( 'NONE', #405, 1000.000000000000000 ) ;
#4397 = VECTOR ( 'NONE', #897, 1000.000000000000000 ) ;
#4398 = DIRECTION ( 'NONE',  ( 0.000000000000000000, 0.000000000000000000, -1.000000000000000000 ) ) ;
#4399 = AXIS2_PLACEMENT_3D ( 'NONE', #4038, #807, #148 ) ;
#4400 = CARTESIAN_POINT ( 'NONE',  ( 12.50000000000000000, -12.50000000000000355, 15.00000000000000000 ) ) ;
#4401 = EDGE_LOOP ( 'NONE', ( #2201, #793 ) ) ;
#4402 = ORIENTED_EDGE ( 'NONE', *, *, #3028, .F. ) ;
#4403 = DIRECTION ( 'NONE',  ( 0.000000000000000000, -1.000000000000000000, 0.000000000000000000 ) ) ;
#4404 = ORIENTED_EDGE ( 'NONE', *, *, #3644, .T. ) ;
#4405 = FACE_OUTER_BOUND ( 'NONE', #2308, .T. ) ;
#4406 = SHAPE_DEFINITION_REPRESENTATION ( #2781, #2972 ) ;
#4407 = CARTESIAN_POINT ( 'NONE',  ( 12.07531754730549167, 4.084936490538923159, -15.00000000000000000 ) ) ;
#4408 = LINE ( 'NONE', #1230, #2245 ) ;
#4409 = CARTESIAN_POINT ( 'NONE',  ( 158.0000000000000000, 3.000000000000000000, 50.00000000000001421 ) ) ;
#4410 = EDGE_LOOP ( 'NONE', ( #1144, #3029, #970, #3618 ) ) ;
#4411 = MANIFOLD_SOLID_BREP ( 'Cut-Extrude1', #3280 ) ;
#4412 = DIRECTION ( 'NONE',  ( 1.000000000000000000, -0.000000000000000000, 0.000000000000000000 ) ) ;
#4413 = LINE ( 'NONE', #1846, #3198 ) ;
#4414 = FACE_OUTER_BOUND ( 'NONE', #3533, .T. ) ;
#4415 = VERTEX_POINT ( 'NONE', #1411 ) ;
#4416 = PRODUCT_DEFINITION_CONTEXT ( 'detailed design', #116, 'design' ) ;
#4417 = DIRECTION ( 'NONE',  ( -0.8320502943378424998, 0.000000000000000000, 0.5547001962252309237 ) ) ;
#4418 = MANIFOLD_SOLID_BREP ( 'Boss-Extrude3', #1066 ) ;
#4419 = FILL_AREA_STYLE_COLOUR ( '', #1513 ) ;
#4420 = EDGE_CURVE ( 'NONE', #3439, #3494, #272, .T. ) ;
#4421 = CARTESIAN_POINT ( 'NONE',  ( 175.0000000000000000, 0.000000000000000000, 0.000000000000000000 ) ) ;
#4422 = VERTEX_POINT ( 'NONE', #375 ) ;
#4423 = ORIENTED_EDGE ( 'NONE', *, *, #1905, .T. ) ;
#4424 = DIRECTION ( 'NONE',  ( -0.000000000000000000, -0.000000000000000000, -1.000000000000000000 ) ) ;
#4425 = EDGE_CURVE ( 'NONE', #1989, #3349, #4514, .T. ) ;
#4426 = MANIFOLD_SOLID_BREP ( 'Boss-Extrude2', #3353 ) ;
#4427 = APPLICATION_CONTEXT ( 'automotive_design' ) ;
#4428 = EDGE_LOOP ( 'NONE', ( #3060, #1076, #512, #1131 ) ) ;
#4429 = DIRECTION ( 'NONE',  ( -1.000000000000000000, 0.000000000000000000, -0.000000000000000000 ) ) ;
#4430 = ITEM_DEFINED_TRANSFORMATION ( 'NONE', 'NONE', #1640,  #2662 ) ;
#4431 = CARTESIAN_POINT ( 'NONE',  ( 28.00000000000000000, -15.00000000000000000, 15.00000000000000000 ) ) ;
#4432 = CARTESIAN_POINT ( 'NONE',  ( -20.99999999999999645, 11.50000000000000178, 150.0000000000000000 ) ) ;
#4433 = ORIENTED_EDGE ( 'NONE', *, *, #1752, .F. ) ;
#4434 = FACE_OUTER_BOUND ( 'NONE', #114, .T. ) ;
#4435 = FACE_OUTER_BOUND ( 'NONE', #372, .T. ) ;
#4436 = CARTESIAN_POINT ( 'NONE',  ( -24.99999999999999645, 40.00000000000000000, 24.99999999999999645 ) ) ;
#4437 = DIRECTION ( 'NONE',  ( -1.000000000000000000, 0.000000000000000000, 4.336808689942017736E-16 ) ) ;
#4438 = ADVANCED_FACE ( 'NONE', ( #3484 ), #2143, .F. ) ;
#4439 = VERTEX_POINT ( 'NONE', #752 ) ;
#4440 = FACE_OUTER_BOUND ( 'NONE', #543, .T. ) ;
#4441 = CARTESIAN_POINT ( 'NONE',  ( -158.0000000000000000, 3.000000000000000000, 0.000000000000000000 ) ) ;
#4442 = ORIENTED_EDGE ( 'NONE', *, *, #1406, .T. ) ;
#4443 = ORIENTED_EDGE ( 'NONE', *, *, #663, .T. ) ;
#4444 = LINE ( 'NONE', #3352, #2017 ) ;
#4445 =( GEOMETRIC_REPRESENTATION_CONTEXT ( 3 ) GLOBAL_UNCERTAINTY_ASSIGNED_CONTEXT ( ( #4082 ) ) GLOBAL_UNIT_ASSIGNED_CONTEXT ( ( #4105, #629, #1683 ) ) REPRESENTATION_CONTEXT ( 'NONE', 'WORKASPACE' ) );
#4446 = EDGE_CURVE ( 'NONE', #3252, #2508, #2455, .T. ) ;
#4447 = EDGE_CURVE ( 'NONE', #4224, #472, #2818, .T. ) ;
#4448 = ORIENTED_EDGE ( 'NONE', *, *, #2724, .F. ) ;
#4449 = VECTOR ( 'NONE', #659, 1000.000000000000000 ) ;
#4450 = CARTESIAN_POINT ( 'NONE',  ( 0.000000000000000000, 0.000000000000000000, 0.000000000000000000 ) ) ;
#4451 = FACE_BOUND ( 'NONE', #4202, .T. ) ;
#4452 = DIRECTION ( 'NONE',  ( -0.000000000000000000, 0.000000000000000000, 1.000000000000000000 ) ) ;
#4453 = FACE_OUTER_BOUND ( 'NONE', #1266, .T. ) ;
#4454 = CARTESIAN_POINT ( 'NONE',  ( -126.0000000000000000, 3.000000000000000000, 50.00000000000001421 ) ) ;
#4455 = AXIS2_PLACEMENT_3D ( 'NONE', #1486, #2963, #4380 ) ;
#4456 = ORIENTED_EDGE ( 'NONE', *, *, #3593, .F. ) ;
#4457 = AXIS2_PLACEMENT_3D ( 'NONE', #3571, #2471, #1825 ) ;
#4458 = CARTESIAN_POINT ( 'NONE',  ( -11.33107569688463734, -22.28467463418459715, 15.00000000000000000 ) ) ;
#4459 = DIRECTION ( 'NONE',  ( -1.486905836551548339E-16, 0.000000000000000000, -1.000000000000000000 ) ) ;
#4460 = VECTOR ( 'NONE', #44, 1000.000000000000000 ) ;
#4461 = FACE_OUTER_BOUND ( 'NONE', #1762, .T. ) ;
#4462 = ORIENTED_EDGE ( 'NONE', *, *, #1222, .T. ) ;
#4463 = CIRCLE ( 'NONE', #2825, 10.00000000000000000 ) ;
#4464 = CARTESIAN_POINT ( 'NONE',  ( -85.00000000000044054, 3.000000000000000000, -135.0000000000000000 ) ) ;
#4465 = DIRECTION ( 'NONE',  ( 1.000000000000000000, 0.000000000000000000, -4.336808689942017736E-16 ) ) ;
#4466 = CARTESIAN_POINT ( 'NONE',  ( -175.0000000000000000, 55.57211563880239424, 124.4798416177933831 ) ) ;
#4467 = VERTEX_POINT ( 'NONE', #2187 ) ;
#4468 = VECTOR ( 'NONE', #421, 1000.000000000000000 ) ;
#4469 = ORIENTED_EDGE ( 'NONE', *, *, #1384, .T. ) ;
#4470 = CIRCLE ( 'NONE', #1811, 1.500000000000000222 ) ;
#4471 = DIRECTION ( 'NONE',  ( 3.160203005648525984E-17, 1.000000000000000000, 0.000000000000000000 ) ) ;
#4472 = EDGE_CURVE ( 'NONE', #2598, #198, #4284, .T. ) ;
#4473 = CIRCLE ( 'NONE', #2039, 4.000000000000000000 ) ;
#4474 = VERTEX_POINT ( 'NONE', #1438 ) ;
#4475 =( NAMED_UNIT ( * ) PLANE_ANGLE_UNIT ( ) SI_UNIT ( $, .RADIAN. ) );
#4476 = ITEM_DEFINED_TRANSFORMATION ( 'NONE', 'NONE', #4365,  #2662 ) ;
#4477 = DIRECTION ( 'NONE',  ( 0.000000000000000000, -0.7857142857142858094, -0.6185895741317418706 ) ) ;
#4478 = VECTOR ( 'NONE', #759, 1000.000000000000000 ) ;
#4479 = CARTESIAN_POINT ( 'NONE',  ( 0.000000000000000000, 105.0000000000000000, 1.040834085586084257E-14 ) ) ;
#4480 = DIRECTION ( 'NONE',  ( -1.000000000000000000, -0.000000000000000000, -0.000000000000000000 ) ) ;
#4481 = EDGE_CURVE ( 'NONE', #796, #222, #3, .T. ) ;
#4482 = ORIENTED_EDGE ( 'NONE', *, *, #2494, .T. ) ;
#4483 = CARTESIAN_POINT ( 'NONE',  ( 0.000000000000000000, 0.000000000000000000, 0.000000000000000000 ) ) ;
#4484 = DIRECTION ( 'NONE',  ( -1.000000000000000000, -0.000000000000000000, -0.000000000000000000 ) ) ;
#4485 = EDGE_CURVE ( 'NONE', #1415, #4467, #3952, .T. ) ;
#4486 = ORIENTED_EDGE ( 'NONE', *, *, #795, .T. ) ;
#4487 = CARTESIAN_POINT ( 'NONE',  ( 23.00000000000000711, 3.000000000000000000, -135.0000000000000000 ) ) ;
#4488 =( REPRESENTATION_RELATIONSHIP ('NONE','NONE', #2972, #4179 ) REPRESENTATION_RELATIONSHIP_WITH_TRANSFORMATION ( #894 )SHAPE_REPRESENTATION_RELATIONSHIP( ) );
#4489 = CARTESIAN_POINT ( 'NONE',  ( 23.00000000000000711, 1.500000000000000000, -80.00000000000000000 ) ) ;
#4490 = CARTESIAN_POINT ( 'NONE',  ( -175.0000000000000000, 3.000000000000000000, 135.0000000000000000 ) ) ;
#4491 = ORIENTED_EDGE ( 'NONE', *, *, #2853, .F. ) ;
#4492 = ORIENTED_EDGE ( 'NONE', *, *, #2211, .T. ) ;
#4493 = CARTESIAN_POINT ( 'NONE',  ( -158.0000000000000000, 1.500000000000000000, 50.00000000000001421 ) ) ;
#4494 = ITEM_DEFINED_TRANSFORMATION ( 'NONE', 'NONE', #976,  #4214 ) ;
#4495 = CARTESIAN_POINT ( 'NONE',  ( -4.000000000000000000, 0.000000000000000000, 35.00000000000000000 ) ) ;
#4496 = EDGE_CURVE ( 'NONE', #2665, #511, #3106, .T. ) ;
#4497 = LINE ( 'NONE', #1410, #2682 ) ;
#4498 = ORIENTED_EDGE ( 'NONE', *, *, #393, .F. ) ;
#4499 = CARTESIAN_POINT ( 'NONE',  ( 15.00000000000000000, 1.836970198721029589E-15, 35.00000000000000000 ) ) ;
#4500 = EDGE_CURVE ( 'NONE', #1201, #4068, #113, .T. ) ;
#4501 = SURFACE_STYLE_USAGE ( .BOTH. , #3795 ) ;
#4502 = CARTESIAN_POINT ( 'NONE',  ( -32.49999999999999289, -30.00000000000000000, 2.000000000000000000 ) ) ;
#4503 = EDGE_CURVE ( 'NONE', #2397, #3705, #4300, .T. ) ;
#4504 = ORIENTED_EDGE ( 'NONE', *, *, #488, .T. ) ;
#4505 = EDGE_CURVE ( 'NONE', #1952, #464, #2736, .T. ) ;
#4506 = CARTESIAN_POINT ( 'NONE',  ( 4.000000000000000000, 4.898587196589412829E-16, 35.00000000000000000 ) ) ;
#4507 = DIRECTION ( 'NONE',  ( 0.7071067811865463515, 0.000000000000000000, -0.7071067811865487940 ) ) ;
#4508 = ORIENTED_EDGE ( 'NONE', *, *, #362, .F. ) ;
#4509 = MANIFOLD_SOLID_BREP ( 'Boss-Extrude1', #3787 ) ;
#4510 = ORIENTED_EDGE ( 'NONE', *, *, #1219, .T. ) ;
#4511 = DIRECTION ( 'NONE',  ( -0.000000000000000000, -0.000000000000000000, -1.000000000000000000 ) ) ;
#4512 = ITEM_DEFINED_TRANSFORMATION ( 'NONE', 'NONE', #551,  #2662 ) ;
#4513 = DIRECTION ( 'NONE',  ( -0.000000000000000000, -1.000000000000000000, -0.000000000000000000 ) ) ;
#4514 = CIRCLE ( 'NONE', #1637, 50.00000000000000000 ) ;
#4515 = CARTESIAN_POINT ( 'NONE',  ( 85.00000000000032685, 0.000000000000000000, -149.9999999999999716 ) ) ;
#4516 = CONTEXT_DEPENDENT_SHAPE_REPRESENTATION ( #2815, #379 ) ;
#4517 = NEXT_ASSEMBLY_USAGE_OCCURRENCE ( 'NAUO1', ' ', ' ', #2626, #991, $ ) ;
#4518 = NEXT_ASSEMBLY_USAGE_OCCURRENCE ( 'NAUO2', ' ', ' ', #2626, #3241, $ ) ;
#4519 = NEXT_ASSEMBLY_USAGE_OCCURRENCE ( 'NAUO3', ' ', ' ', #2626, #3241, $ ) ;
#4520 = NEXT_ASSEMBLY_USAGE_OCCURRENCE ( 'NAUO4', ' ', ' ', #2626, #3183, $ ) ;
#4521 = NEXT_ASSEMBLY_USAGE_OCCURRENCE ( 'NAUO5', ' ', ' ', #2626, #1897, $ ) ;
#4522 = NEXT_ASSEMBLY_USAGE_OCCURRENCE ( 'NAUO6', ' ', ' ', #2626, #1814, $ ) ;
#4523 = NEXT_ASSEMBLY_USAGE_OCCURRENCE ( 'NAUO7', ' ', ' ', #2626, #1897, $ ) ;
#4524 = NEXT_ASSEMBLY_USAGE_OCCURRENCE ( 'NAUO8', ' ', ' ', #2626, #855, $ ) ;
#4525 = NEXT_ASSEMBLY_USAGE_OCCURRENCE ( 'NAUO9', ' ', ' ', #2626, #855, $ ) ;
#4526 = NEXT_ASSEMBLY_USAGE_OCCURRENCE ( 'NAUO10', ' ', ' ', #2626, #855, $ ) ;
#4527 = NEXT_ASSEMBLY_USAGE_OCCURRENCE ( 'NAUO11', ' ', ' ', #2626, #855, $ ) ;
#4528 = NEXT_ASSEMBLY_USAGE_OCCURRENCE ( 'NAUO12', ' ', ' ', #2626, #286, $ ) ;
#4529 = NEXT_ASSEMBLY_USAGE_OCCURRENCE ( 'NAUO13', ' ', ' ', #2626, #3299, $ ) ;
#4530 = NEXT_ASSEMBLY_USAGE_OCCURRENCE ( 'NAUO14', ' ', ' ', #2626, #4261, $ ) ;
#4531 = NEXT_ASSEMBLY_USAGE_OCCURRENCE ( 'NAUO15', ' ', ' ', #2626, #4261, $ ) ;
#4532 = NEXT_ASSEMBLY_USAGE_OCCURRENCE ( 'NAUO16', ' ', ' ', #2626, #286, $ ) ;
#4533 = NEXT_ASSEMBLY_USAGE_OCCURRENCE ( 'NAUO17', ' ', ' ', #2626, #2290, $ ) ;
#4534 = NEXT_ASSEMBLY_USAGE_OCCURRENCE ( 'NAUO18', ' ', ' ', #2626, #2848, $ ) ;
#4535 = NEXT_ASSEMBLY_USAGE_OCCURRENCE ( 'NAUO19', ' ', ' ', #3241, #3103, $ ) ;
#4536 = NEXT_ASSEMBLY_USAGE_OCCURRENCE ( 'NAUO20', ' ', ' ', #3241, #4121, $ ) ;
#4537 = NEXT_ASSEMBLY_USAGE_OCCURRENCE ( 'NAUO21', ' ', ' ', #3241, #2428, $ ) ;
ENDSEC;
END-ISO-10303-21;
